temperatura_c,timestamp,humitat_pct,precipitacio_mm,reinici_ui,risc_gubler,fulla_molla,risc_botritis_pct,risc_botritis,risc_blackrot,hores_rang_optim,index_gubler,index_oidiag_meteo,min_calor_dia,uv_max_dia,radiacio_solar_wm2,radiacio_directa_wm2,index_uv,humitat_sol_0_7,et0_openmeteo,pluja_48h_mm,pluja_10d_mm,t_mitjana_24h,t_mitjana_10d,hores_fulla_molla,graus_hora_esporulacio,condicio_primaria,condicio_secundaria,cicle_obert,graus_dia_inc,dies_incubacio_est,reinici_mildiu,risc_mildiu
33.25,26/06/2026 12:00,39.85,0.0,0,baix,0,0.0,baix,baix,0.0,0.0,0.0,0.0,8.2,804.0,681.0,6.55,0.11,0.62,0.0,0.0,33.25,33.25,0.0,0.0,0,0,0,0.0,,0,inactiu
33.8,26/06/2026 12:30,37.0,0.0,0,baix,0,0.0,baix,baix,0.0,0.0,0.0,0.0,8.2,804.0,681.0,6.55,0.11,0.62,0.0,0.0,33.52,33.52,0.0,0.0,0,0,0,0.0,,0,inactiu
33.95,26/06/2026 13:00,37.95,0.0,0,baix,0,0.0,baix,baix,0.0,0.0,0.0,0.0,8.2,903.0,775.0,7.65,0.109,0.72,0.0,0.0,33.67,33.67,0.0,0.0,0,0,0,0.0,,0,inactiu
34.099999999999994,26/06/2026 13:30,41.15,0.0,0,baix,0,0.0,baix,baix,0.0,0.0,0.0,0.0,8.2,903.0,775.0,7.65,0.109,0.72,0.0,0.0,33.78,33.78,0.0,0.0,0,0,0,0.0,,0,inactiu
33.900000000000006,26/06/2026 14:00,38.2,0.0,0,baix,0,0.0,baix,baix,0.0,0.0,0.0,0.0,8.2,950.0,821.0,8.15,0.109,0.75,0.0,0.0,33.8,33.8,0.0,0.0,0,0,0,0.0,,0,inactiu
34.15,26/06/2026 14:30,35.45,0.0,0,baix,0,0.0,baix,baix,0.0,0.0,0.0,0.0,8.2,950.0,821.0,8.15,0.109,0.75,0.0,0.0,33.86,33.86,0.0,0.0,0,0,0,0.0,,0,inactiu
34.2,26/06/2026 15:00,34.5,0.0,0,baix,0,0.0,baix,baix,0.0,0.0,0.0,0.0,8.2,936.0,806.0,8.05,0.109,0.74,0.0,0.0,33.91,33.91,0.0,0.0,0,0,0,0.0,,0,inactiu
34.05,26/06/2026 15:30,34.400000000000006,0.0,0,baix,0,0.0,baix,baix,0.0,0.0,0.0,0.0,8.2,936.0,806.0,8.05,0.109,0.74,0.0,0.0,33.92,33.92,0.0,0.0,0,0,0,0.0,,0,inactiu
33.85,26/06/2026 16:00,36.55,0.0,0,baix,0,0.0,baix,baix,0.0,0.0,0.0,0.0,8.2,869.0,740.0,7.35,0.109,0.68,0.0,0.0,33.92,33.92,0.0,0.0,0,0,0,0.0,,0,inactiu
33.55,26/06/2026 16:30,40.0,0.0,0,baix,0,0.0,baix,baix,0.0,0.0,0.0,0.0,8.2,869.0,740.0,7.35,0.109,0.68,0.0,0.0,33.88,33.88,0.0,0.0,0,0,0,0.0,,0,inactiu
33.0,26/06/2026 17:00,39.3,0.0,0,baix,0,0.0,baix,baix,0.0,0.0,0.0,0.0,8.2,754.0,634.0,6.1,0.109,0.6,0.0,0.0,33.8,33.8,0.0,0.0,0,0,0,0.0,,0,inactiu
34.0,26/06/2026 17:30,40.6,0.0,0,baix,0,0.0,baix,baix,0.0,0.0,0.0,0.0,8.2,754.0,634.0,6.1,0.109,0.6,0.0,0.0,33.82,33.82,0.0,0.0,0,0,0,0.0,,0,inactiu
33.4,26/06/2026 18:00,41.3,0.0,0,baix,0,0.0,baix,baix,0.0,0.0,0.0,0.0,8.2,599.0,489.0,4.55,0.109,0.48,0.0,0.0,33.78,33.78,0.0,0.0,0,0,0,0.0,,0,inactiu
33.15,26/06/2026 18:30,43.25,0.0,0,baix,0,0.0,baix,baix,0.0,0.0,0.0,0.0,8.2,599.0,489.0,4.55,0.109,0.48,0.0,0.0,33.74,33.74,0.0,0.0,0,0,0,0.0,,0,inactiu
32.5,26/06/2026 19:00,46.5,0.0,0,baix,0,0.0,baix,baix,0.0,0.0,0.0,0.0,8.2,419.0,322.0,2.9,0.109,0.35,0.0,0.0,33.66,33.66,0.0,0.0,0,0,0,0.0,,0,inactiu
31.85,26/06/2026 19:30,49.15,0.0,0,baix,0,0.0,baix,baix,0.0,0.0,0.0,0.0,8.2,419.0,322.0,2.9,0.109,0.35,0.0,0.0,33.54,33.54,0.0,0.0,0,0,0,0.0,,0,inactiu
31.2,26/06/2026 20:00,52.9,0.0,0,baix,0,0.0,baix,baix,0.0,0.0,0.0,0.0,8.2,231.0,156.0,1.4,0.109,0.2,0.0,0.0,33.41,33.41,0.0,0.0,0,0,0,0.0,,0,inactiu
28.8,26/06/2026 20:30,56.900000000000006,0.0,0,baix,0,0.0,baix,baix,0.5,0.0,0.0,0.0,8.2,231.0,156.0,1.4,0.109,0.2,0.0,0.0,33.15,33.15,0.0,0.0,0,0,0,0.0,,0,inactiu
27.55,26/06/2026 21:00,60.85,0.0,0,baix,0,0.0,baix,baix,1.0,0.0,0.0,0.0,8.2,69.0,31.0,0.4,0.109,0.07,0.0,0.0,32.86,32.86,0.0,0.0,0,0,0,0.0,,0,inactiu
26.3,26/06/2026 21:30,65.0,0.0,0,baix,0,0.0,baix,baix,1.5,0.0,0.0,0.0,8.2,69.0,31.0,0.4,0.109,0.07,0.0,0.0,32.53,32.53,0.0,0.0,0,0,0,0.0,,0,inactiu
25.05,26/06/2026 22:00,66.35,0.0,0,baix,0,0.0,baix,baix,2.0,0.0,0.0,0.0,8.2,1.0,0.0,0.0,0.109,0.02,0.0,0.0,32.17,32.17,0.0,0.0,0,0,0,0.0,,0,inactiu
23.85,26/06/2026 22:30,70.4,0.0,0,baix,0,0.0,baix,baix,2.5,0.0,0.0,0.0,8.2,1.0,0.0,0.0,0.109,0.02,0.0,0.0,31.79,31.79,0.0,0.0,0,0,0,0.0,,0,inactiu
23.1,26/06/2026 23:00,73.05000000000001,0.0,0,baix,0,0.0,baix,baix,3.0,0.0,0.0,0.0,8.2,0.0,0.0,0.0,0.109,0.0,0.0,0.0,31.42,31.42,0.0,0.0,0,0,0,0.0,,0,inactiu
21.95,26/06/2026 23:30,72.65,0.0,0,baix,0,0.0,baix,baix,3.5,0.0,0.0,0.0,8.2,0.0,0.0,0.0,0.109,0.0,0.0,0.0,31.02,31.02,0.0,0.0,0,0,0,0.0,,0,inactiu
21.2,27/06/2026 00:00,73.94999999999999,0.0,0,baix,1,0.0,baix,baix,4.0,0.0,0.0,0.0,8.2,0.0,0.0,0.0,0.109,0.0,0.0,0.0,30.63,30.63,0.5,10.6,0,0,0,0.0,,0,inactiu
20.45,27/06/2026 00:30,76.85,0.0,0,baix,1,0.0,baix,baix,0.0,0.0,0.0,0.0,8.2,0.0,0.0,0.0,0.109,0.0,0.0,0.0,30.24,30.24,1.0,20.8,0,0,0,0.0,,0,inactiu
19.95,27/06/2026 01:00,78.85,0.0,0,baix,1,0.0,baix,baix,0.0,0.0,0.0,0.0,8.2,0.0,0.0,0.0,0.109,0.0,0.0,0.0,29.86,29.86,1.5,30.8,0,0,0,0.0,,0,inactiu
19.6,27/06/2026 01:30,78.55,0.0,0,baix,1,1.4,baix,baix,0.0,0.0,0.0,0.0,8.2,0.0,0.0,0.0,0.109,0.0,0.0,0.0,29.49,29.49,2.0,40.6,0,0,0,0.0,,0,inactiu
19.75,27/06/2026 02:00,82.95,0.0,0,baix,1,2.4,baix,baix,0.0,0.0,0.0,0.0,8.2,0.0,0.0,0.0,0.109,0.0,0.0,0.0,29.15,29.15,2.5,50.5,0,0,0,0.0,,0,inactiu
20.15,27/06/2026 02:30,86.4,0.0,0,baix,1,4.1,baix,baix,0.0,0.0,0.0,0.0,8.2,0.0,0.0,0.0,0.109,0.0,0.0,0.0,28.85,28.85,3.0,60.6,0,0,0,0.0,,0,inactiu
19.5,27/06/2026 03:00,85.35,0.0,0,baix,1,6.9,baix,baix,0.0,0.0,0.0,0.0,8.2,0.0,0.0,0.0,0.109,0.0,0.0,0.0,28.55,28.55,3.5,70.3,0,0,0,0.0,,0,inactiu
18.45,27/06/2026 03:30,83.1,0.0,0,baix,1,10.9,baix,baix,0.0,0.0,0.0,0.0,8.2,0.0,0.0,0.0,0.109,0.0,0.0,0.0,28.24,28.24,4.0,0.0,0,0,0,0.0,,0,inactiu
18.15,27/06/2026 04:00,83.35,0.0,0,baix,1,16.8,baix,baix,0.0,0.0,0.0,0.0,8.2,0.0,0.0,0.0,0.109,0.0,0.0,0.0,27.93,27.93,4.5,9.1,0,0,0,0.0,,0,inactiu
18.200000000000003,27/06/2026 04:30,87.0,0.0,0,baix,1,25.3,moderat,baix,0.0,0.0,0.0,0.0,8.2,0.0,0.0,0.0,0.109,0.0,0.0,0.0,27.64,27.64,5.0,18.2,0,0,0,0.0,,0,inactiu
17.65,27/06/2026 05:00,86.15,0.0,0,baix,1,35.8,moderat,baix,0.0,0.0,0.0,0.0,8.2,0.0,0.0,0.0,0.109,0.0,0.0,0.0,27.36,27.36,5.5,27.0,0,0,0,0.0,,0,inactiu
17.5,27/06/2026 05:30,85.9,0.0,0,baix,1,48.0,moderat,baix,0.0,0.0,0.0,0.0,8.2,0.0,0.0,0.0,0.109,0.0,0.0,0.0,27.08,27.08,6.0,35.8,0,0,0,0.0,,0,inactiu
17.15,27/06/2026 06:00,86.05000000000001,0.0,0,baix,1,60.3,alt,baix,0.0,0.0,0.0,0.0,8.2,0.0,0.0,0.0,0.109,0.0,0.0,0.0,26.82,26.82,6.5,44.3,0,0,0,0.0,,0,inactiu
17.0,27/06/2026 06:30,86.1,0.0,0,baix,1,71.4,alt,baix,0.0,0.0,0.0,0.0,8.2,0.0,0.0,0.0,0.109,0.0,0.0,0.0,26.56,26.56,7.0,52.8,0,0,0,0.0,,0,inactiu
18.0,27/06/2026 07:00,84.65,0.0,0,baix,1,80.8,alt,baix,0.0,0.0,0.0,0.0,8.2,13.0,2.0,0.05,0.109,0.0,0.0,0.0,26.34,26.34,7.5,0.0,0,0,0,0.0,,0,inactiu
21.4,27/06/2026 07:30,81.75,0.0,0,baix,1,88.6,alt,baix,0.5,0.0,0.0,0.0,8.2,13.0,2.0,0.05,0.109,0.0,0.0,0.0,26.21,26.21,8.0,0.0,0,0,0,0.0,,0,inactiu
24.1,27/06/2026 08:00,79.19999999999999,0.0,0,baix,0,84.0,alt,baix,1.0,0.0,0.0,0.0,8.2,125.0,64.0,0.65,0.109,0.06,0.0,0.0,26.16,26.16,0.0,0.0,0,0,0,0.0,,0,inactiu
26.8,27/06/2026 08:30,75.05,0.0,0,baix,0,79.7,alt,baix,1.5,0.0,0.0,0.0,8.2,125.0,64.0,0.65,0.109,0.06,0.0,0.0,26.18,26.18,0.0,0.0,0,0,0,0.0,,0,inactiu
28.7,27/06/2026 09:00,66.55,0.0,0,baix,0,75.6,alt,baix,2.0,0.0,0.0,0.0,8.2,301.0,215.0,1.85,0.109,0.2,0.0,0.0,26.24,26.24,0.0,0.0,0,0,0,0.0,,0,inactiu
29.85,27/06/2026 09:30,57.45,0.0,0,baix,0,71.8,alt,baix,0.0,0.0,0.0,0.0,8.2,301.0,215.0,1.85,0.109,0.2,0.0,0.0,26.32,26.32,0.0,0.0,0,0,0,0.0,,0,inactiu
31.25,27/06/2026 10:00,48.95,0.0,0,baix,0,68.1,alt,baix,0.0,0.0,0.0,0.0,8.2,488.0,384.0,3.45,0.109,0.36,0.0,0.0,26.43,26.43,0.0,0.0,0,0,0,0.0,,0,inactiu
31.85,27/06/2026 10:30,43.2,0.0,0,baix,0,64.6,alt,baix,0.0,0.0,0.0,0.0,8.2,488.0,384.0,3.45,0.109,0.36,0.0,0.0,26.55,26.55,0.0,0.0,0,0,0,0.0,,0,inactiu
32.4,27/06/2026 11:00,40.95,0.0,0,baix,0,61.3,alt,baix,0.0,0.0,0.0,0.0,8.2,661.0,544.0,5.1,0.109,0.5,0.0,0.0,26.67,26.67,0.0,0.0,0,0,0,0.0,,0,inactiu
34.1,27/06/2026 11:30,34.4,0.0,0,baix,0,58.1,alt,baix,0.0,0.0,0.0,0.0,8.2,661.0,544.0,5.1,0.109,0.5,0.0,0.0,26.83,26.83,0.0,0.0,0,0,0,0.0,,0,inactiu
34.4,27/06/2026 12:00,34.35,0.0,0,baix,0,55.1,alt,baix,0.0,0.0,0.0,0.0,8.2,802.0,672.0,6.6,0.109,0.61,0.0,0.0,26.85,26.98,0.0,0.0,0,0,0,0.0,,0,inactiu
34.25,27/06/2026 12:30,35.45,0.0,0,baix,0,52.3,alt,baix,0.0,0.0,0.0,0.0,8.2,802.0,672.0,6.6,0.109,0.61,0.0,0.0,26.86,27.13,0.0,0.0,0,0,0,0.0,,0,inactiu
34.5,27/06/2026 13:00,34.15,0.0,0,baix,0,49.6,moderat,baix,0.0,0.0,0.0,0.0,8.2,898.0,760.0,7.65,0.109,0.69,0.0,0.0,26.87,27.27,0.0,0.0,0,0,0,0.0,,0,inactiu
33.9,27/06/2026 13:30,42.4,0.0,0,baix,0,47.1,moderat,baix,0.0,0.0,0.0,0.0,8.2,898.0,760.0,7.65,0.109,0.69,0.0,0.0,26.87,27.4,0.0,0.0,0,0,0,0.0,,0,inactiu
33.849999999999994,27/06/2026 14:00,42.7,0.0,0,baix,0,44.7,moderat,baix,0.0,0.0,0.0,0.0,8.2,944.0,806.0,8.2,0.109,0.74,0.0,0.0,26.87,27.52,0.0,0.0,0,0,0,0.0,,0,inactiu
34.150000000000006,27/06/2026 14:30,44.05,0.0,0,baix,0,42.4,moderat,baix,0.0,0.0,0.0,0.0,8.2,944.0,806.0,8.2,0.109,0.74,0.0,0.0,26.87,27.64,0.0,0.0,0,0,0,0.0,,0,inactiu
33.75,27/06/2026 15:00,47.25,0.0,0,baix,0,40.2,moderat,baix,0.0,0.0,0.0,0.0,8.2,936.0,807.0,8.1,0.109,0.74,0.0,0.0,26.86,27.75,0.0,0.0,0,0,0,0.0,,0,inactiu
34.0,27/06/2026 15:30,45.55,0.0,0,baix,0,38.1,moderat,baix,0.0,0.0,0.0,0.0,8.2,936.0,807.0,8.1,0.109,0.74,0.0,0.0,26.86,27.87,0.0,0.0,0,0,0,0.0,,0,inactiu
34.25,27/06/2026 16:00,43.3,0.0,0,baix,0,36.2,moderat,baix,0.0,0.0,0.0,0.0,8.2,871.0,746.0,7.4,0.109,0.7,0.0,0.0,26.86,27.98,0.0,0.0,0,0,0,0.0,,0,inactiu
34.6,27/06/2026 16:30,39.4,0.0,0,baix,0,34.3,moderat,baix,0.0,0.0,0.0,0.0,8.2,871.0,746.0,7.4,0.109,0.7,0.0,0.0,26.89,28.09,0.0,0.0,0,0,0,0.0,,0,inactiu
34.349999999999994,27/06/2026 17:00,38.6,0.0,0,baix,0,32.6,moderat,baix,0.0,0.0,0.0,0.0,8.2,755.0,637.0,6.15,0.109,0.62,0.0,0.0,26.91,28.2,0.0,0.0,0,0,0,0.0,,0,inactiu
34.05,27/06/2026 17:30,40.45,0.0,0,baix,0,30.9,moderat,baix,0.0,0.0,0.0,0.0,8.2,755.0,637.0,6.15,0.109,0.62,0.0,0.0,26.91,28.3,0.0,0.0,0,0,0,0.0,,0,inactiu
33.45,27/06/2026 18:00,40.45,0.0,0,baix,0,29.3,moderat,baix,0.0,0.0,0.0,0.0,8.2,599.0,491.0,4.6,0.109,0.5,0.0,0.0,26.92,28.38,0.0,0.0,0,0,0,0.0,,0,inactiu
33.15,27/06/2026 18:30,43.25,0.0,0,baix,0,27.8,moderat,baix,0.0,0.0,0.0,0.0,8.2,599.0,491.0,4.6,0.109,0.5,0.0,0.0,26.92,28.46,0.0,0.0,0,0,0,0.0,,0,inactiu
32.5,27/06/2026 19:00,46.5,0.0,0,baix,0,26.4,moderat,baix,0.0,0.0,0.0,0.0,8.2,417.0,323.0,2.9,0.109,0.35,0.0,0.0,26.92,28.52,0.0,0.0,0,0,0,0.0,,0,inactiu
31.85,27/06/2026 19:30,49.15,0.0,0,baix,0,25.0,moderat,baix,0.0,0.0,0.0,0.0,8.2,417.0,323.0,2.9,0.109,0.35,0.0,0.0,26.92,28.57,0.0,0.0,0,0,0,0.0,,0,inactiu
30.95,27/06/2026 20:00,53.7,0.0,0,baix,0,23.7,moderat,baix,0.0,0.0,0.0,0.0,8.2,229.0,156.0,1.4,0.109,0.2,0.0,0.0,26.91,28.61,0.0,0.0,0,0,0,0.0,,0,inactiu
29.950000000000003,27/06/2026 20:30,59.1,0.0,0,baix,0,22.5,moderat,baix,0.0,0.0,0.0,0.0,8.2,229.0,156.0,1.4,0.109,0.2,0.0,0.0,26.93,28.63,0.0,0.0,0,0,0,0.0,,0,inactiu
28.5,27/06/2026 21:00,66.0,0.0,0,baix,0,21.4,moderat,baix,0.5,0.0,0.0,0.0,8.2,69.0,31.0,0.4,0.109,0.07,0.0,0.0,26.95,28.63,0.0,0.0,0,0,0,0.0,,0,inactiu
27.5,27/06/2026 21:30,70.65,0.0,0,baix,0,20.3,moderat,baix,1.0,0.0,0.0,0.0,8.2,69.0,31.0,0.4,0.109,0.07,0.0,0.0,26.98,28.61,0.0,0.0,0,0,0,0.0,,0,inactiu
26.6,27/06/2026 22:00,76.75,0.0,0,baix,0,19.2,baix,baix,1.5,0.0,0.0,0.0,8.2,1.0,0.0,0.0,0.109,0.02,0.0,0.0,27.01,28.58,0.0,0.0,0,0,0,0.0,,0,inactiu
25.75,27/06/2026 22:30,80.75,0.0,0,baix,0,18.2,baix,baix,2.0,0.0,0.0,0.0,8.2,1.0,0.0,0.0,0.109,0.02,0.0,0.0,27.05,28.54,0.0,0.0,0,0,0,0.0,,0,inactiu
25.75,27/06/2026 23:00,85.75,0.0,0,baix,0,17.3,baix,baix,2.5,0.0,0.0,0.0,8.2,0.0,0.0,0.0,0.109,0.0,0.0,0.0,27.11,28.5,0.0,0.0,0,0,0,0.0,,0,inactiu
25.9,27/06/2026 23:30,88.7,0.0,0,baix,0,16.4,baix,baix,3.0,0.0,0.0,0.0,8.2,0.0,0.0,0.0,0.109,0.0,0.0,0.0,27.19,28.47,0.0,0.0,0,0,0,0.0,,0,inactiu
25.05,28/06/2026 00:00,89.7,0.0,0,baix,0,15.6,baix,baix,3.5,0.0,0.0,0.0,6.1,0.0,0.0,0.0,0.109,0.0,0.0,0.0,27.27,28.42,0.0,0.0,0,0,0,0.0,,0,inactiu
24.25,28/06/2026 00:30,91.55,0.0,0,baix,1,0.0,baix,baix,4.0,0.0,0.0,0.0,6.1,0.0,0.0,0.0,0.109,0.0,0.0,0.0,27.35,28.36,0.5,12.1,0,0,0,0.0,,0,inactiu
23.55,28/06/2026 01:00,92.35,0.0,0,baix,1,0.0,baix,baix,4.5,0.0,0.0,0.0,6.1,0.0,0.0,0.0,0.109,0.0,0.0,0.0,27.42,28.3,1.0,23.9,0,0,0,0.0,,0,inactiu
22.85,28/06/2026 01:30,92.9,0.0,0,baix,1,0.0,baix,baix,5.0,0.0,0.0,0.0,6.1,0.0,0.0,0.0,0.109,0.0,0.0,0.0,27.49,28.23,1.5,35.3,0,0,0,0.0,,0,inactiu
22.0,28/06/2026 02:00,92.85,0.0,0,baix,1,3.1,baix,baix,5.5,0.0,0.0,0.0,6.1,0.0,0.0,0.0,0.104,0.0,0.0,0.0,27.54,28.15,2.0,46.3,0,0,0,0.0,,0,inactiu
21.75,28/06/2026 02:30,93.8,0.0,0,baix,1,5.1,baix,baix,6.0,0.0,0.0,0.0,6.1,0.0,0.0,0.0,0.104,0.0,0.0,0.0,27.57,28.06,2.5,57.2,0,0,0,0.0,,0,inactiu
21.35,28/06/2026 03:00,94.05,0.0,0,baix,1,8.2,baix,baix,6.5,0.0,0.0,0.0,6.1,0.0,0.0,0.0,0.104,0.0,0.0,0.0,27.61,27.98,3.0,67.9,0,0,0,0.0,,0,inactiu
20.85,28/06/2026 03:30,94.15,0.0,0,baix,1,12.9,baix,baix,0.0,0.0,0.0,0.0,6.1,0.0,0.0,0.0,0.104,0.0,0.0,0.0,27.66,27.89,3.5,78.3,0,0,0,0.0,,0,inactiu
20.55,28/06/2026 04:00,94.7,0.0,0,baix,1,19.8,baix,baix,0.0,0.0,0.0,0.0,6.1,0.0,0.0,0.0,0.104,0.0,0.0,0.0,27.71,27.8,4.0,0.0,0,0,0,0.0,,0,inactiu
21.4,28/06/2026 04:30,96.1,0.0,0,baix,1,30.2,moderat,baix,0.5,0.0,0.0,0.0,6.1,0.0,0.0,0.0,0.104,0.0,0.0,0.0,27.78,27.72,4.5,10.7,0,0,0,0.0,,0,inactiu
22.25,28/06/2026 05:00,97.1,0.0,0,baix,1,43.9,moderat,baix,1.0,0.0,0.0,0.0,6.1,0.0,0.0,0.0,0.104,0.0,0.0,0.0,27.87,27.66,5.0,21.8,0,0,0,0.0,,0,inactiu
21.9,28/06/2026 05:30,97.5,0.0,0,baix,1,58.4,alt,baix,1.5,0.0,0.0,0.0,6.1,0.0,0.0,0.0,0.104,0.0,0.0,0.0,27.96,27.59,5.5,32.8,0,0,0,0.0,,0,inactiu
22.55,28/06/2026 06:00,97.9,0.0,0,baix,1,71.9,alt,moderat,2.0,0.0,0.0,0.0,6.1,0.0,0.0,0.0,0.104,0.0,0.0,0.0,28.08,27.53,6.0,44.0,0,0,0,0.0,,0,inactiu
22.85,28/06/2026 06:30,98.1,0.0,0,baix,1,82.5,alt,moderat,2.5,0.0,0.0,0.0,6.1,0.0,0.0,0.0,0.104,0.0,0.0,0.0,28.2,27.47,6.5,55.5,0,0,0,0.0,,0,inactiu
22.65,28/06/2026 07:00,98.3,0.0,0,baix,1,89.6,alt,moderat,3.0,0.0,0.0,0.0,6.1,12.0,1.0,0.05,0.104,0.0,0.0,0.0,28.29,27.42,7.0,0.0,0,0,0,0.0,,0,inactiu
22.95,28/06/2026 07:30,98.45,0.0,0,baix,1,94.0,alt,moderat,3.5,0.0,0.0,0.0,6.1,12.0,1.0,0.05,0.104,0.0,0.0,0.0,28.33,27.37,7.5,0.0,0,0,0,0.0,,0,inactiu
23.2,28/06/2026 08:00,98.6,0.0,0,baix,1,96.7,alt,moderat,4.0,0.0,0.0,0.0,6.1,117.0,48.0,0.65,0.104,0.06,0.0,0.0,28.31,27.32,8.0,0.0,0,0,0,0.0,,0,inactiu
24.2,28/06/2026 08:30,98.35,0.0,0,baix,1,98.2,alt,moderat,4.5,0.0,0.0,0.0,6.1,117.0,48.0,0.65,0.104,0.06,0.0,0.0,28.25,27.29,8.5,0.0,0,0,0,0.0,,0,inactiu
25.5,28/06/2026 09:00,95.2,0.0,0,baix,1,99.1,alt,alt,5.0,0.0,0.0,0.0,6.1,282.0,157.0,1.85,0.104,0.18,0.0,0.0,28.19,27.27,9.0,0.0,0,0,0,0.0,,0,inactiu
27.85,28/06/2026 09:30,75.9,0.0,0,baix,0,94.0,alt,baix,5.5,0.0,0.0,0.0,6.1,282.0,157.0,1.85,0.104,0.18,0.0,0.0,28.15,27.27,0.0,0.0,0,0,0,0.0,,0,inactiu
30.85,28/06/2026 10:00,55.55,0.0,0,baix,0,89.2,alt,baix,0.0,0.0,0.0,0.0,6.1,482.0,353.0,3.4,0.104,0.34,0.0,0.0,28.14,27.31,0.0,0.0,0,0,0,0.0,,0,inactiu
32.35,28/06/2026 10:30,45.65,0.0,0,baix,0,84.6,alt,baix,0.0,0.0,0.0,0.0,6.1,482.0,353.0,3.4,0.104,0.34,0.0,0.0,28.15,27.36,0.0,0.0,0,0,0,0.0,,0,inactiu
33.8,28/06/2026 11:00,38.95,0.0,0,baix,0,80.2,alt,baix,0.0,0.0,0.0,0.0,6.1,659.0,532.0,5.1,0.104,0.49,0.0,0.0,28.18,27.43,0.0,0.0,0,0,0,0.0,,0,inactiu
34.1,28/06/2026 11:30,34.6,0.0,0,baix,0,76.1,alt,baix,0.0,0.0,0.0,0.0,6.1,659.0,532.0,5.1,0.104,0.49,0.0,0.0,28.18,27.5,0.0,0.0,0,0,0,0.0,,0,inactiu
34.5,28/06/2026 17:00,44.05,0.0,0,baix,0,72.2,alt,baix,0.0,0.0,0.0,0.0,6.1,750.0,617.0,6.1,0.104,0.63,0.0,0.0,26.61,27.57,0.0,0.0,0,0,0,0.0,,0,inactiu
34.05,28/06/2026 17:30,43.5,0.0,0,baix,0,68.5,alt,baix,0.0,0.0,0.0,0.0,6.1,750.0,617.0,6.1,0.104,0.63,0.0,0.0,26.61,27.64,0.0,0.0,0,0,0,0.0,,0,inactiu
33.349999999999994,28/06/2026 18:00,43.6,0.0,0,baix,0,65.0,alt,baix,0.0,0.0,0.0,0.0,6.1,599.0,493.0,4.55,0.104,0.5,0.0,0.0,26.6,27.7,0.0,0.0,0,0,0,0.0,,0,inactiu
32.7,28/06/2026 18:30,44.05,0.0,0,baix,0,61.7,alt,baix,0.0,0.0,0.0,0.0,6.1,599.0,493.0,4.55,0.104,0.5,0.0,0.0,26.59,27.75,0.0,0.0,0,0,0,0.0,,0,inactiu
31.95,28/06/2026 19:00,43.0,0.0,0,baix,0,58.5,alt,baix,0.0,0.0,0.0,0.0,6.1,406.0,305.0,2.9,0.104,0.35,0.0,0.0,26.58,27.79,0.0,0.0,0,0,0,0.0,,0,inactiu
31.3,28/06/2026 19:30,43.1,0.0,0,baix,0,55.5,alt,baix,0.0,0.0,0.0,0.0,6.1,406.0,305.0,2.9,0.104,0.35,0.0,0.0,26.56,27.82,0.0,0.0,0,0,0,0.0,,0,inactiu
30.35,28/06/2026 20:00,47.1,0.0,0,baix,0,52.7,alt,baix,0.0,0.0,0.0,0.0,6.1,184.0,84.0,1.4,0.109,0.19,0.0,0.0,26.55,27.85,0.0,0.0,0,0,0,0.0,,0,inactiu
29.6,28/06/2026 20:30,48.3,0.0,0,baix,0,49.9,moderat,baix,0.0,0.0,0.0,0.0,6.1,184.0,84.0,1.4,0.109,0.19,0.0,0.0,26.54,27.86,0.0,0.0,0,0,0,0.0,,0,inactiu
29.0,28/06/2026 21:00,52.6,0.0,0,baix,0,47.4,moderat,baix,0.5,0.0,0.0,0.0,6.1,45.0,4.0,0.35,0.109,0.07,0.0,0.0,26.55,27.88,0.0,0.0,0,0,0,0.0,,0,inactiu
28.2,28/06/2026 21:30,54.0,0.0,0,baix,0,45.0,moderat,baix,1.0,0.0,0.0,0.0,6.1,45.0,4.0,0.35,0.109,0.07,0.0,0.0,26.57,27.88,0.0,0.0,0,0,0,0.0,,0,inactiu
27.25,28/06/2026 22:00,55.4,0.0,0,baix,0,42.6,moderat,baix,1.5,0.0,0.0,0.0,6.1,1.0,0.0,0.0,0.109,0.03,0.0,0.0,26.59,27.87,0.0,0.0,0,0,0,0.0,,0,inactiu
26.05,28/06/2026 22:30,60.05,0.0,0,baix,0,40.5,moderat,baix,2.0,0.0,0.0,0.0,6.1,1.0,0.0,0.0,0.109,0.03,0.0,0.0,26.59,27.86,0.0,0.0,0,0,0,0.0,,0,inactiu
25.35,28/06/2026 23:00,62.3,0.0,0,baix,0,38.4,moderat,baix,2.5,0.0,0.0,0.0,6.1,0.0,0.0,0.0,0.109,0.0,0.0,0.0,26.58,27.83,0.0,0.0,0,0,0,0.0,,0,inactiu
24.75,28/06/2026 23:30,64.5,0.0,0,baix,0,36.4,moderat,baix,3.0,0.0,0.0,0.0,6.1,0.0,0.0,0.0,0.109,0.0,0.0,0.0,26.55,27.81,0.0,0.0,0,0,0,0.0,,0,inactiu
24.5,29/06/2026 00:00,65.1,0.0,0,baix,0,34.5,moderat,baix,3.5,0.0,0.0,30.0,7.9,0.0,0.0,0.0,0.109,0.01,0.0,0.0,26.54,27.78,0.0,0.0,0,0,0,0.0,,0,inactiu
25.1,29/06/2026 00:30,61.8,0.0,0,baix,0,32.8,moderat,baix,4.0,0.0,0.0,30.0,7.9,0.0,0.0,0.0,0.109,0.01,0.0,0.0,26.56,27.75,0.0,0.0,0,0,0,0.0,,0,inactiu
24.8,29/06/2026 01:00,62.55,0.0,0,baix,0,31.1,moderat,baix,4.5,0.0,0.0,30.0,7.9,0.0,0.0,0.0,0.109,0.0,0.0,0.0,26.59,27.73,0.0,0.0,0,0,0,0.0,,0,inactiu
24.05,29/06/2026 01:30,62.95,0.0,0,baix,0,29.5,moderat,baix,5.0,0.0,0.0,30.0,7.9,0.0,0.0,0.0,0.109,0.0,0.0,0.0,26.62,27.69,0.0,0.0,0,0,0,0.0,,0,inactiu
22.9,29/06/2026 02:00,66.6,0.0,0,baix,0,28.0,moderat,baix,5.5,0.0,0.0,30.0,7.9,0.0,0.0,0.0,0.109,0.0,0.0,0.0,26.65,27.65,0.0,0.0,0,0,0,0.0,,0,inactiu
21.950000000000003,29/06/2026 02:30,68.9,0.0,0,baix,0,26.5,moderat,baix,6.0,0.0,0.0,30.0,7.9,0.0,0.0,0.0,0.109,0.0,0.0,0.0,26.65,27.6,0.0,0.0,0,0,0,0.0,,0,inactiu
22.3,29/06/2026 03:00,68.15,0.0,0,baix,0,25.2,moderat,baix,6.5,0.0,0.0,30.0,7.9,0.0,0.0,0.0,0.109,0.0,0.0,0.0,26.68,27.56,0.0,0.0,0,0,0,0.0,,0,inactiu
20.85,29/06/2026 03:30,69.44999999999999,0.0,0,baix,0,23.9,moderat,baix,0.0,0.0,0.0,30.0,7.9,0.0,0.0,0.0,0.109,0.0,0.0,0.0,26.68,27.5,0.0,0.0,0,0,0,0.0,,0,inactiu
20.75,29/06/2026 04:00,71.45,0.0,0,baix,0,22.7,moderat,baix,0.0,0.0,0.0,30.0,7.9,0.0,0.0,0.0,0.109,0.0,0.0,0.0,26.68,27.44,0.0,0.0,0,0,0,0.0,,0,inactiu
20.3,29/06/2026 04:30,71.95,0.0,0,baix,0,21.5,moderat,baix,0.0,0.0,0.0,30.0,7.9,0.0,0.0,0.0,0.109,0.0,0.0,0.0,26.66,27.38,0.0,0.0,0,0,0,0.0,,0,inactiu
19.700000000000003,29/06/2026 05:00,72.25,0.0,0,baix,0,20.4,moderat,baix,0.0,0.0,0.0,30.0,7.9,0.0,0.0,0.0,0.109,0.0,0.0,0.0,26.59,27.32,0.0,0.0,0,0,0,0.0,,0,inactiu
19.7,29/06/2026 05:30,73.05,0.0,0,baix,0,19.4,baix,baix,0.0,0.0,0.0,30.0,7.9,0.0,0.0,0.0,0.109,0.0,0.0,0.0,26.53,27.26,0.0,0.0,0,0,0,0.0,,0,inactiu
19.35,29/06/2026 06:00,74.9,0.0,0,baix,0,18.4,baix,baix,0.0,0.0,0.0,30.0,7.9,0.0,0.0,0.0,0.109,0.0,0.0,0.0,26.45,27.19,0.0,0.0,0,0,0,0.0,,0,inactiu
20.55,29/06/2026 06:30,74.45,0.0,0,baix,0,17.4,baix,baix,0.0,0.0,0.0,30.0,7.9,0.0,0.0,0.0,0.109,0.0,0.0,0.0,26.39,27.14,0.0,0.0,0,0,0,0.0,,0,inactiu
20.35,29/06/2026 07:00,73.3,0.0,0,baix,0,16.5,baix,baix,0.0,0.0,0.0,30.0,7.9,13.0,3.0,0.05,0.109,0.01,0.0,0.0,26.32,27.09,0.0,0.0,0,0,0,0.0,,0,inactiu
22.15,29/06/2026 07:30,69.65,0.0,0,baix,0,15.7,baix,baix,0.5,0.0,0.0,30.0,7.9,13.0,3.0,0.05,0.109,0.01,0.0,0.0,26.3,27.05,0.0,0.0,0,0,0,0.0,,0,inactiu
25.3,29/06/2026 08:00,63.75,0.0,0,baix,0,14.9,baix,baix,1.0,0.0,0.0,30.0,7.9,118.0,61.0,0.65,0.109,0.08,0.0,0.0,26.36,27.03,0.0,0.0,0,0,0,0.0,,0,inactiu
28.05,29/06/2026 08:30,59.150000000000006,0.0,0,baix,0,14.1,baix,baix,1.5,0.0,0.0,30.0,7.9,118.0,61.0,0.65,0.109,0.08,0.0,0.0,26.46,27.04,0.0,0.0,0,0,0,0.0,,0,inactiu
28.950000000000003,29/06/2026 09:00,61.9,0.0,0,baix,0,13.4,baix,baix,2.0,0.0,0.0,30.0,7.9,277.0,175.0,1.8,0.109,0.21,0.0,0.0,26.55,27.06,0.0,0.0,0,0,0,0.0,,0,inactiu
29.9,29/06/2026 09:30,59.8,0.0,0,baix,0,12.7,baix,baix,0.0,0.0,0.0,30.0,7.9,277.0,175.0,1.8,0.109,0.21,0.0,0.0,26.61,27.08,0.0,0.0,0,0,0,0.0,,0,inactiu
30.700000000000003,29/06/2026 10:00,57.1,0.0,0,baix,0,12.0,baix,baix,0.0,0.0,0.0,30.0,7.9,460.0,334.0,3.35,0.109,0.36,0.0,0.0,26.6,27.1,0.0,0.0,0,0,0,0.0,,0,inactiu
31.0,29/06/2026 10:30,60.55,0.0,0,baix,0,11.4,baix,baix,0.0,0.0,0.0,30.0,7.9,460.0,334.0,3.35,0.109,0.36,0.0,0.0,26.57,27.13,0.0,0.0,0,0,0,0.0,,0,inactiu
31.55,29/06/2026 11:00,61.95,0.0,0,baix,0,10.8,baix,baix,0.0,0.0,0.0,30.0,7.9,629.0,486.0,5.05,0.109,0.5,0.0,0.0,26.51,27.17,0.0,0.0,0,0,0,0.0,,0,inactiu
31.950000000000003,29/06/2026 11:30,59.6,0.0,0,baix,0,10.3,baix,baix,0.0,0.0,0.0,30.0,7.9,629.0,486.0,5.05,0.109,0.5,0.0,0.0,26.45,27.2,0.0,0.0,0,0,0,0.0,,0,inactiu
32.1,29/06/2026 12:00,60.05,0.0,0,baix,0,9.8,baix,baix,0.0,0.0,0.0,30.0,7.9,759.0,573.0,6.5,0.109,0.61,0.0,0.0,26.59,27.24,0.0,0.0,0,0,0,0.0,,0,inactiu
34.1,29/06/2026 12:30,40.9,0.0,0,baix,0,9.3,baix,baix,0.0,0.0,0.0,30.0,7.9,759.0,573.0,6.5,0.109,0.61,0.0,0.0,26.78,27.29,0.0,0.0,0,0,0,0.0,,0,inactiu
34.349999999999994,29/06/2026 13:00,38.7,0.0,0,baix,0,8.8,baix,baix,0.0,0.0,0.0,30.0,7.9,854.0,670.0,7.55,0.11,0.68,0.0,0.0,26.97,27.34,0.0,0.0,0,0,0,0.0,,0,inactiu
34.9,29/06/2026 13:30,38.6,0.0,0,baix,0,8.3,baix,baix,0.0,0.0,0.0,30.0,7.9,854.0,670.0,7.55,0.11,0.68,0.0,0.0,27.16,27.4,0.0,0.0,0,0,0,0.0,,0,inactiu
35.15,29/06/2026 14:00,38.05,0.0,0,baix,0,7.9,baix,baix,0.0,0.0,0.0,30.0,7.9,910.0,744.0,7.9,0.119,0.72,0.0,0.0,27.34,27.45,0.0,0.0,0,0,0,0.0,,0,inactiu
34.1,29/06/2026 14:30,48.5,0.0,0,baix,0,7.5,baix,baix,0.0,0.0,0.0,30.0,7.9,910.0,744.0,7.9,0.119,0.72,0.0,0.0,27.5,27.5,0.0,0.0,0,0,0,0.0,,0,inactiu
34.35,29/06/2026 15:00,47.5,0.0,0,baix,0,7.1,baix,baix,0.0,0.0,0.0,30.0,7.9,890.0,710.0,7.7,0.118,0.7,0.0,0.0,27.65,27.55,0.0,0.0,0,0,0,0.0,,0,inactiu
34.5,29/06/2026 15:30,46.150000000000006,0.0,0,baix,0,6.7,baix,baix,0.0,0.0,0.0,30.0,7.9,890.0,710.0,7.7,0.118,0.7,0.0,0.0,27.8,27.6,0.0,0.0,0,0,0,0.0,,0,inactiu
34.4,29/06/2026 16:00,44.7,0.0,0,baix,0,6.4,baix,baix,0.0,0.0,0.0,30.0,7.9,816.0,628.0,7.05,0.117,0.65,0.0,0.0,27.94,27.64,0.0,0.0,0,0,0,0.0,,0,inactiu
34.7,29/06/2026 16:30,43.8,0.0,0,baix,0,6.1,baix,baix,0.0,0.0,0.0,30.0,7.9,816.0,628.0,7.05,0.117,0.65,0.0,0.0,28.08,27.69,0.0,0.0,0,0,0,0.0,,0,inactiu
34.5,29/06/2026 17:00,44.05,0.0,0,baix,0,5.8,baix,baix,0.0,0.0,0.0,30.0,7.9,684.0,499.0,5.75,0.116,0.57,0.0,0.0,28.08,27.74,0.0,0.0,0,0,0,0.0,,0,inactiu
34.05,29/06/2026 17:30,43.5,0.0,0,baix,0,5.5,baix,baix,0.0,0.0,0.0,30.0,7.9,684.0,499.0,5.75,0.116,0.57,0.0,0.0,28.08,27.78,0.0,0.0,0,0,0,0.0,,0,inactiu
33.349999999999994,29/06/2026 18:00,43.6,0.0,0,baix,0,5.2,baix,baix,0.0,0.0,0.0,30.0,7.9,574.0,436.0,4.4,0.115,0.48,0.0,0.0,28.08,27.82,0.0,0.0,0,0,0,0.0,,0,inactiu
32.7,29/06/2026 18:30,44.05,0.0,0,baix,0,4.9,baix,baix,0.0,0.0,0.0,30.0,7.9,574.0,436.0,4.4,0.115,0.48,0.0,0.0,28.08,27.85,0.0,0.0,0,0,0,0.0,,0,inactiu
31.8,29/06/2026 19:00,45.6,0.0,0,baix,0,4.7,baix,baix,0.0,0.0,0.0,30.0,7.9,401.0,297.0,2.8,0.115,0.36,0.0,0.0,28.08,27.88,0.0,0.0,0,0,0,0.0,,0,inactiu
31.1,29/06/2026 19:30,45.8,0.0,0,baix,0,4.4,baix,baix,0.0,0.0,0.0,30.0,7.9,401.0,297.0,2.8,0.115,0.36,0.0,0.0,28.07,27.9,0.0,0.0,0,0,0,0.0,,0,inactiu
30.5,29/06/2026 20:00,48.3,0.0,0,baix,0,4.2,baix,baix,0.0,0.0,0.0,30.0,7.9,219.0,142.0,1.4,0.115,0.24,0.0,0.0,28.07,27.92,0.0,0.0,0,0,0,0.0,,0,inactiu
29.75,29/06/2026 20:30,50.85,0.0,0,baix,0,4.0,baix,baix,0.0,0.0,0.0,30.0,7.9,219.0,142.0,1.4,0.115,0.24,0.0,0.0,28.08,27.93,0.0,0.0,0,0,0,0.0,,0,inactiu
28.55,29/06/2026 21:00,53.650000000000006,0.0,0,baix,0,3.8,baix,baix,0.5,0.0,0.0,30.0,7.9,68.0,31.0,0.4,0.115,0.12,0.0,0.0,28.07,27.94,0.0,0.0,0,0,0,0.0,,0,inactiu
27.3,29/06/2026 21:30,57.35,0.0,0,baix,0,3.6,baix,baix,1.0,0.0,0.0,30.0,7.9,68.0,31.0,0.4,0.115,0.12,0.0,0.0,28.05,27.93,0.0,0.0,0,0,0,0.0,,0,inactiu
25.85,29/06/2026 22:00,65.5,0.0,0,baix,0,3.4,baix,baix,1.5,0.0,0.0,30.0,7.9,1.0,0.0,0.0,0.115,0.05,0.0,0.0,28.02,27.92,0.0,0.0,0,0,0,0.0,,0,inactiu
25.05,29/06/2026 22:30,69.55000000000001,0.0,0,baix,0,3.2,baix,baix,2.0,0.0,0.0,30.0,7.9,1.0,0.0,0.0,0.115,0.05,0.0,0.0,28.0,27.9,0.0,0.0,0,0,0,0.0,,0,inactiu
24.1,29/06/2026 23:00,72.25,0.0,0,baix,0,3.1,baix,baix,2.5,0.0,0.0,30.0,7.9,0.0,0.0,0.0,0.115,0.01,0.0,0.0,27.97,27.88,0.0,0.0,0,0,0,0.0,,0,inactiu
23.6,29/06/2026 23:30,74.9,0.0,0,baix,0,2.9,baix,baix,3.0,0.0,0.0,30.0,7.9,0.0,0.0,0.0,0.115,0.01,0.0,0.0,27.95,27.85,0.0,0.0,0,0,0,0.0,,0,inactiu
23.35,30/06/2026 00:00,76.4,0.0,0,baix,0,2.8,baix,baix,3.5,0.0,0.0,0.0,8.1,0.0,0.0,0.0,0.115,0.01,0.0,0.0,27.92,27.82,0.0,0.0,0,0,0,0.0,,0,inactiu
22.75,30/06/2026 00:30,78.69999999999999,0.0,0,baix,0,2.6,baix,baix,4.0,0.0,0.0,0.0,8.1,0.0,0.0,0.0,0.115,0.01,0.0,0.0,27.88,27.79,0.0,0.0,0,0,0,0.0,,0,inactiu
22.200000000000003,30/06/2026 01:00,80.25,0.0,0,baix,0,2.5,baix,baix,4.5,0.0,0.0,0.0,8.1,0.0,0.0,0.0,0.115,0.01,0.0,0.0,27.82,27.75,0.0,0.0,0,0,0,0.0,,0,inactiu
22.0,30/06/2026 01:30,80.9,0.0,0,baix,0,2.4,baix,baix,5.0,0.0,0.0,0.0,8.1,0.0,0.0,0.0,0.115,0.01,0.0,0.0,27.78,27.72,0.0,0.0,0,0,0,0.0,,0,inactiu
21.3,30/06/2026 02:00,81.75,0.0,0,baix,0,2.2,baix,baix,5.5,0.0,0.0,0.0,8.1,0.0,0.0,0.0,0.123,0.0,0.0,0.0,27.75,27.68,0.0,0.0,0,0,0,0.0,,0,inactiu
20.75,30/06/2026 02:30,81.25,0.0,0,baix,0,2.1,baix,baix,0.0,0.0,0.0,0.0,8.1,0.0,0.0,0.0,0.123,0.0,0.0,0.0,27.72,27.64,0.0,0.0,0,0,0,0.0,,0,inactiu
20.3,30/06/2026 03:00,79.25,0.0,0,baix,0,2.0,baix,baix,0.0,0.0,0.0,0.0,8.1,0.0,0.0,0.0,0.123,0.0,0.0,0.0,27.68,27.59,0.0,0.0,0,0,0,0.0,,0,inactiu
20.1,30/06/2026 03:30,80.75,0.0,0,baix,0,1.9,baix,baix,0.0,0.0,0.0,0.0,8.1,0.0,0.0,0.0,0.123,0.0,0.0,0.0,27.66,27.55,0.0,0.0,0,0,0,0.0,,0,inactiu
20.1,30/06/2026 04:00,81.7,0.0,0,baix,0,1.8,baix,baix,0.0,0.0,0.0,0.0,8.1,0.0,0.0,0.0,0.123,0.0,0.0,0.0,27.65,27.5,0.0,0.0,0,0,0,0.0,,0,inactiu
20.35,30/06/2026 04:30,81.94999999999999,0.0,0,baix,0,1.7,baix,baix,0.0,0.0,0.0,0.0,8.1,0.0,0.0,0.0,0.123,0.0,0.0,0.0,27.65,27.46,0.0,0.0,0,0,0,0.0,,0,inactiu
19.55,30/06/2026 05:00,82.85,0.0,0,baix,0,1.6,baix,baix,0.0,0.0,0.0,0.0,8.1,0.0,0.0,0.0,0.123,0.0,0.0,0.0,27.65,27.41,0.0,0.0,0,0,0,0.0,,0,inactiu
20.15,30/06/2026 05:30,83.85,0.0,0,baix,0,1.5,baix,baix,0.0,0.0,0.0,0.0,8.1,0.0,0.0,0.0,0.123,0.0,0.0,0.0,27.66,27.37,0.0,0.0,0,0,0,0.0,,0,inactiu
19.85,30/06/2026 06:00,84.8,0.0,0,baix,0,1.5,baix,baix,0.0,0.0,0.0,0.0,8.1,0.0,0.0,0.0,0.123,0.0,0.0,0.0,27.67,27.33,0.0,0.0,0,0,0,0.0,,0,inactiu
18.95,30/06/2026 06:30,85.45,0.0,0,baix,0,1.4,baix,baix,0.0,0.0,0.0,0.0,8.1,0.0,0.0,0.0,0.123,0.0,0.0,0.0,27.63,27.28,0.0,0.0,0,0,0,0.0,,0,inactiu
19.700000000000003,30/06/2026 07:00,83.6,0.0,0,baix,0,1.3,baix,baix,0.0,0.0,0.0,0.0,8.1,12.0,2.0,0.05,0.123,0.01,0.0,0.0,27.62,27.23,0.0,0.0,0,0,0,0.0,,0,inactiu
22.25,30/06/2026 07:30,76.94999999999999,0.0,0,baix,0,1.3,baix,baix,0.5,0.0,0.0,0.0,8.1,12.0,2.0,0.05,0.123,0.01,0.0,0.0,27.62,27.21,0.0,0.0,0,0,0,0.0,,0,inactiu
25.6,30/06/2026 08:00,69.95,0.0,0,baix,0,1.2,baix,baix,1.0,0.0,0.0,0.0,8.1,120.0,65.0,0.65,0.121,0.08,0.0,0.0,27.63,27.2,0.0,0.0,0,0,0,0.0,,0,inactiu
27.4,30/06/2026 08:30,65.05000000000001,0.0,0,baix,0,1.1,baix,baix,1.5,0.0,0.0,0.0,8.1,120.0,65.0,0.65,0.121,0.08,0.0,0.0,27.62,27.2,0.0,0.0,0,0,0,0.0,,0,inactiu
28.4,30/06/2026 09:00,62.95,0.0,0,baix,0,1.1,baix,baix,2.0,0.0,0.0,0.0,8.1,297.0,216.0,1.8,0.121,0.21,0.0,0.0,27.6,27.2,0.0,0.0,0,0,0,0.0,,0,inactiu
29.6,30/06/2026 09:30,59.55,0.0,0,baix,0,1.0,baix,baix,0.0,0.0,0.0,0.0,8.1,297.0,216.0,1.8,0.121,0.21,0.0,0.0,27.6,27.22,0.0,0.0,0,0,0,0.0,,0,inactiu
30.9,30/06/2026 10:00,55.05,0.0,0,baix,0,1.0,baix,baix,0.0,0.0,0.0,0.0,8.1,482.0,384.0,3.35,0.12,0.38,0.0,0.0,27.6,27.24,0.0,0.0,0,0,0,0.0,,0,inactiu
32.2,30/06/2026 10:30,49.65,0.0,0,baix,0,0.9,baix,baix,0.0,0.0,0.0,0.0,8.1,482.0,384.0,3.35,0.12,0.38,0.0,0.0,27.63,27.27,0.0,0.0,0,0,0,0.0,,0,inactiu
33.05,30/06/2026 11:00,45.35,0.0,0,baix,0,0.9,baix,baix,0.0,0.0,0.0,0.0,8.1,653.0,545.0,5.0,0.119,0.53,0.0,0.0,27.66,27.3,0.0,0.0,0,0,0,0.0,,0,inactiu
33.400000000000006,30/06/2026 11:30,43.5,0.0,0,baix,0,0.8,baix,baix,0.0,0.0,0.0,0.0,8.1,653.0,545.0,5.0,0.119,0.53,0.0,0.0,27.69,27.33,0.0,0.0,0,0,0,0.0,,0,inactiu
33.7,30/06/2026 12:00,42.3,0.0,0,baix,0,0.8,baix,baix,0.0,0.0,0.0,0.0,8.1,792.0,677.0,6.5,0.118,0.65,0.0,0.0,27.72,27.37,0.0,0.0,0,0,0,0.0,,0,inactiu
33.8,30/06/2026 12:30,40.9,0.0,0,baix,0,0.7,baix,baix,0.0,0.0,0.0,0.0,8.1,792.0,677.0,6.5,0.118,0.65,0.0,0.0,27.72,27.4,0.0,0.0,0,0,0,0.0,,0,inactiu
30.700000000000003,30/06/2026 14:00,58.5,0.0,0,baix,0,0.7,baix,baix,0.0,0.0,0.0,0.0,8.1,815.0,604.0,8.1,0.116,0.7,0.0,0.0,27.32,27.42,0.0,0.0,0,0,0,0.0,,0,inactiu
30.4,30/06/2026 14:30,59.3,0.0,0,baix,0,0.7,baix,baix,0.0,0.0,0.0,0.0,8.1,815.0,604.0,8.1,0.116,0.7,0.0,0.0,27.24,27.43,0.0,0.0,0,0,0,0.0,,0,inactiu
31.9,30/06/2026 15:00,55.45,0.0,0,baix,0,0.6,baix,baix,0.0,0.0,0.0,0.0,8.1,842.0,612.0,8.0,0.115,0.71,0.0,0.0,27.18,27.46,0.0,0.0,0,0,0,0.0,,0,inactiu
31.3,30/06/2026 15:30,55.6,0.0,0,baix,0,0.6,baix,baix,0.0,0.0,0.0,0.0,8.1,842.0,612.0,8.0,0.115,0.71,0.0,0.0,27.12,27.48,0.0,0.0,0,0,0,0.0,,0,inactiu
34.55,30/06/2026 16:00,40.0,0.0,0,baix,0,0.6,baix,baix,0.0,0.0,0.0,0.0,8.1,786.0,576.0,7.3,0.115,0.64,0.0,0.0,27.12,27.52,0.0,0.0,0,0,0,0.0,,0,inactiu
31.5,30/06/2026 16:30,55.8,0.0,0,baix,0,0.5,baix,baix,0.0,0.0,0.0,0.0,8.1,786.0,576.0,7.3,0.115,0.64,0.0,0.0,27.05,27.54,0.0,0.0,0,0,0,0.0,,0,inactiu
32.05,30/06/2026 17:00,55.05,0.0,0,baix,0,0.5,baix,baix,0.0,0.0,0.0,0.0,8.1,691.0,509.0,5.95,0.114,0.56,0.0,0.0,27.0,27.56,0.0,0.0,0,0,0,0.0,,0,inactiu
31.4,30/06/2026 17:30,58.3,0.0,0,baix,0,0.5,baix,baix,0.0,0.0,0.0,0.0,8.1,691.0,509.0,5.95,0.114,0.56,0.0,0.0,26.94,27.58,0.0,0.0,0,0,0,0.0,,0,inactiu
31.25,30/06/2026 18:00,57.55,0.0,0,baix,0,0.5,baix,baix,0.0,0.0,0.0,0.0,8.1,573.0,428.0,4.4,0.113,0.45,0.0,0.0,26.89,27.6,0.0,0.0,0,0,0,0.0,,0,inactiu
31.5,30/06/2026 18:30,44.8,0.0,0,baix,0,0.4,baix,baix,0.0,0.0,0.0,0.0,8.1,573.0,428.0,4.4,0.113,0.45,0.0,0.0,26.87,27.62,0.0,0.0,0,0,0,0.0,,0,inactiu
31.15,30/06/2026 19:00,46.35,0.0,0,baix,0,0.4,baix,baix,0.0,0.0,0.0,0.0,8.1,411.0,316.0,2.85,0.113,0.32,0.0,0.0,26.85,27.64,0.0,0.0,0,0,0,0.0,,0,inactiu
31.0,30/06/2026 19:30,47.25,0.0,0,baix,0,0.4,baix,baix,0.0,0.0,0.0,0.0,8.1,411.0,316.0,2.85,0.113,0.32,0.0,0.0,26.85,27.66,0.0,0.0,0,0,0,0.0,,0,inactiu
30.5,30/06/2026 20:00,48.35,0.0,0,baix,0,0.4,baix,baix,0.0,0.0,0.0,0.0,8.1,230.0,161.0,1.4,0.113,0.18,0.0,0.0,26.85,27.67,0.0,0.0,0,0,0,0.0,,0,inactiu
29.5,30/06/2026 20:30,51.5,0.0,0,baix,0,0.4,baix,baix,0.0,0.0,0.0,0.0,8.1,230.0,161.0,1.4,0.113,0.18,0.0,0.0,26.84,27.68,0.0,0.0,0,0,0,0.0,,0,inactiu
28.45,30/06/2026 21:00,57.95,0.0,0,baix,0,0.3,baix,baix,0.5,0.0,0.0,0.0,8.1,69.0,33.0,0.4,0.113,0.07,0.0,0.0,26.84,27.68,0.0,0.0,0,0,0,0.0,,0,inactiu
27.4,30/06/2026 21:30,64.65,0.0,0,baix,0,0.3,baix,baix,1.0,0.0,0.0,0.0,8.1,69.0,33.0,0.4,0.113,0.07,0.0,0.0,26.84,27.68,0.0,0.0,0,0,0,0.0,,0,inactiu
26.9,30/06/2026 22:00,68.2,0.0,0,baix,0,0.3,baix,baix,1.5,0.0,0.0,0.0,8.1,1.0,0.0,0.0,0.113,0.02,0.0,0.0,26.87,27.68,0.0,0.0,0,0,0,0.0,,0,inactiu
26.1,30/06/2026 22:30,72.05,0.0,0,baix,0,0.3,baix,baix,2.0,0.0,0.0,0.0,8.1,1.0,0.0,0.0,0.113,0.02,0.0,0.0,26.89,27.67,0.0,0.0,0,0,0,0.0,,0,inactiu
24.6,30/06/2026 23:00,73.35,0.0,0,baix,0,0.3,baix,baix,2.5,0.0,0.0,0.0,8.1,0.0,0.0,0.0,0.112,0.0,0.0,0.0,26.9,27.65,0.0,0.0,0,0,0,0.0,,0,inactiu
23.7,30/06/2026 23:30,75.8,0.0,0,baix,0,0.3,baix,baix,3.0,0.0,0.0,0.0,8.1,0.0,0.0,0.0,0.112,0.0,0.0,0.0,26.9,27.64,0.0,0.0,0,0,0,0.0,,0,inactiu
23.0,01/07/2026 00:00,76.55,0.0,0,baix,0,0.2,baix,baix,3.5,0.0,0.0,0.0,7.5,0.0,0.0,0.0,0.112,0.0,0.0,0.0,26.9,27.61,0.0,0.0,0,0,0,0.0,,0,inactiu
22.8,01/07/2026 00:30,79.3,0.0,0,baix,0,0.2,baix,baix,4.0,0.0,0.0,0.0,7.5,0.0,0.0,0.0,0.112,0.0,0.0,0.0,26.9,27.59,0.0,0.0,0,0,0,0.0,,0,inactiu
21.65,01/07/2026 01:00,78.4,0.0,0,baix,0,0.2,baix,baix,4.5,0.0,0.0,0.0,7.5,0.0,0.0,0.0,0.112,0.0,0.0,0.0,26.88,27.56,0.0,0.0,0,0,0,0.0,,0,inactiu
21.1,01/07/2026 01:30,78.1,0.0,0,baix,0,0.2,baix,baix,5.0,0.0,0.0,0.0,7.5,0.0,0.0,0.0,0.112,0.0,0.0,0.0,26.87,27.53,0.0,0.0,0,0,0,0.0,,0,inactiu
21.1,01/07/2026 02:00,81.2,0.0,0,baix,0,0.2,baix,baix,5.5,0.0,0.0,0.0,7.5,0.0,0.0,0.0,0.108,0.0,0.0,0.0,26.86,27.5,0.0,0.0,0,0,0,0.0,,0,inactiu
21.55,01/07/2026 02:30,84.9,0.0,0,baix,0,0.2,baix,baix,6.0,0.0,0.0,0.0,7.5,0.0,0.0,0.0,0.108,0.0,0.0,0.0,26.88,27.47,0.0,0.0,0,0,0,0.0,,0,inactiu
21.5,01/07/2026 03:00,84.15,0.0,0,baix,0,0.2,baix,baix,6.5,0.0,0.0,0.0,7.5,0.0,0.0,0.0,0.108,0.0,0.0,0.0,26.9,27.44,0.0,0.0,0,0,0,0.0,,0,inactiu
21.4,01/07/2026 03:30,84.35,0.0,0,baix,0,0.2,baix,baix,7.0,0.0,0.0,0.0,7.5,0.0,0.0,0.0,0.108,0.0,0.0,0.0,26.93,27.41,0.0,0.0,0,0,0,0.0,,0,inactiu
21.3,01/07/2026 04:00,82.30000000000001,0.0,0,baix,0,0.2,baix,baix,7.5,0.0,0.0,0.0,7.5,0.0,0.0,0.0,0.108,0.0,0.0,0.0,26.96,27.39,0.0,0.0,0,0,0,0.0,,0,inactiu
20.700000000000003,01/07/2026 04:30,83.85,0.0,0,baix,0,0.2,baix,baix,0.0,0.0,0.0,0.0,7.5,0.0,0.0,0.0,0.108,0.0,0.0,0.0,26.97,27.35,0.0,0.0,0,0,0,0.0,,0,inactiu
20.4,01/07/2026 05:00,84.05000000000001,0.0,0,baix,0,0.1,baix,baix,0.0,0.0,0.0,0.0,7.5,0.0,0.0,0.0,0.108,0.0,0.0,0.0,26.98,27.32,0.0,0.0,0,0,0,0.0,,0,inactiu
19.95,01/07/2026 05:30,83.85,0.0,0,baix,0,0.1,baix,baix,0.0,0.0,0.0,0.0,7.5,0.0,0.0,0.0,0.108,0.0,0.0,0.0,26.98,27.29,0.0,0.0,0,0,0,0.0,,0,inactiu
19.700000000000003,01/07/2026 06:00,84.25,0.0,0,baix,0,0.1,baix,baix,0.0,0.0,0.0,0.0,7.5,0.0,0.0,0.0,0.108,0.0,0.0,0.0,26.98,27.25,0.0,0.0,0,0,0,0.0,,0,inactiu
19.45,01/07/2026 06:30,83.85,0.0,0,baix,0,0.1,baix,baix,0.0,0.0,0.0,0.0,7.5,0.0,0.0,0.0,0.108,0.0,0.0,0.0,26.99,27.22,0.0,0.0,0,0,0,0.0,,0,inactiu
20.65,01/07/2026 07:00,83.0,0.0,0,baix,0,0.1,baix,baix,0.0,0.0,0.0,0.0,7.5,10.0,2.0,0.05,0.108,0.0,0.0,0.0,27.01,27.19,0.0,0.0,0,0,0,0.0,,0,inactiu
23.95,01/07/2026 07:30,75.55000000000001,0.0,0,baix,0,0.1,baix,baix,0.5,0.0,0.0,0.0,7.5,10.0,2.0,0.05,0.108,0.0,0.0,0.0,27.05,27.17,0.0,0.0,0,0,0,0.0,,0,inactiu
26.6,01/07/2026 08:00,68.2,0.0,0,baix,0,0.1,baix,baix,1.0,0.0,0.0,0.0,7.5,111.0,56.0,0.65,0.114,0.06,0.0,0.0,27.07,27.17,0.0,0.0,0,0,0,0.0,,0,inactiu
28.8,01/07/2026 08:30,60.85,0.0,0,baix,0,0.1,baix,baix,1.5,0.0,0.0,0.0,7.5,111.0,56.0,0.65,0.114,0.06,0.0,0.0,27.1,27.18,0.0,0.0,0,0,0,0.0,,0,inactiu
29.65,01/07/2026 09:00,56.05,0.0,0,baix,0,0.1,baix,baix,0.0,0.0,0.0,0.0,7.5,290.0,205.0,1.8,0.114,0.19,0.0,0.0,27.12,27.19,0.0,0.0,0,0,0,0.0,,0,inactiu
30.700000000000003,01/07/2026 09:30,52.650000000000006,0.0,0,baix,0,0.1,baix,baix,0.0,0.0,0.0,0.0,7.5,290.0,205.0,1.8,0.114,0.19,0.0,0.0,27.15,27.2,0.0,0.0,0,0,0,0.0,,0,inactiu
31.65,01/07/2026 10:00,47.5,0.0,0,baix,0,0.1,baix,baix,0.0,0.0,0.0,0.0,7.5,480.0,380.0,3.35,0.114,0.33,0.0,0.0,27.17,27.22,0.0,0.0,0,0,0,0.0,,0,inactiu
32.3,01/07/2026 10:30,44.2,0.0,0,baix,0,0.1,baix,baix,0.0,0.0,0.0,0.0,7.5,480.0,380.0,3.35,0.114,0.33,0.0,0.0,27.17,27.25,0.0,0.0,0,0,0,0.0,,0,inactiu
32.95,01/07/2026 11:00,42.85,0.0,0,baix,0,0.1,baix,baix,0.0,0.0,0.0,0.0,7.5,654.0,545.0,4.95,0.113,0.49,0.0,0.0,27.17,27.27,0.0,0.0,0,0,0,0.0,,0,inactiu
33.4,01/07/2026 11:30,42.55,0.0,0,baix,0,0.1,baix,baix,0.0,0.0,0.0,0.0,7.5,654.0,545.0,4.95,0.113,0.49,0.0,0.0,27.17,27.3,0.0,0.0,0,0,0,0.0,,0,inactiu
34.0,01/07/2026 12:00,43.35,0.0,0,baix,0,0.1,baix,baix,0.0,0.0,0.0,0.0,7.5,781.0,617.0,6.5,0.113,0.61,0.0,0.0,27.17,27.33,0.0,0.0,0,0,0,0.0,,0,inactiu
30.5,01/07/2026 12:30,50.2,0.0,0,baix,0,0.1,baix,baix,0.0,0.0,0.0,0.0,7.5,781.0,617.0,6.5,0.113,0.61,0.0,0.0,27.1,27.34,0.0,0.0,0,0,0,0.0,,0,inactiu
30.8,01/07/2026 13:00,50.55,0.0,0,baix,0,0.1,baix,baix,0.0,0.0,0.0,0.0,7.5,774.0,548.0,7.5,0.112,0.64,0.0,0.0,27.18,27.36,0.0,0.0,0,0,0,0.0,,0,inactiu
31.35,01/07/2026 13:30,49.650000000000006,0.0,0,baix,0,0.1,baix,baix,0.0,0.0,0.0,0.0,7.5,774.0,548.0,7.5,0.112,0.64,0.0,0.0,27.27,27.37,0.0,0.0,0,0,0,0.0,,0,inactiu
31.9,01/07/2026 14:00,48.5,0.0,0,baix,0,0.1,baix,baix,0.0,0.0,0.0,0.0,7.5,725.0,473.0,4.75,0.122,0.57,0.0,0.0,27.29,27.39,0.0,0.0,0,0,0,0.0,,0,inactiu
30.4,01/07/2026 14:30,59.7,0.0,0,baix,0,0.1,baix,baix,0.0,0.0,0.0,0.0,7.5,725.0,473.0,4.75,0.122,0.57,0.0,0.0,27.29,27.41,0.0,0.0,0,0,0,0.0,,0,inactiu
31.9,01/07/2026 15:00,55.45,0.0,0,baix,0,0.1,baix,baix,0.0,0.0,0.0,0.0,7.5,410.0,229.0,5.05,0.128,0.34,0.0,0.0,27.29,27.42,0.0,0.0,0,0,0,0.0,,0,inactiu
31.1,01/07/2026 15:30,56.05,0.0,0,baix,0,0.0,baix,baix,0.0,0.0,0.0,0.0,7.5,410.0,229.0,5.05,0.128,0.34,0.0,0.0,27.29,27.44,0.0,0.0,0,0,0,0.0,,0,inactiu
30.55,01/07/2026 16:00,59.1,0.0,0,baix,0,0.0,baix,baix,0.0,0.0,0.0,0.0,7.5,480.0,242.0,3.0,0.128,0.38,0.0,0.0,27.2,27.45,0.0,0.0,0,0,0,0.0,,0,inactiu
31.2,01/07/2026 16:30,56.65,0.0,0,baix,0,0.0,baix,baix,0.0,0.0,0.0,0.0,7.5,480.0,242.0,3.0,0.128,0.38,0.0,0.0,27.2,27.47,0.0,0.0,0,0,0,0.0,,0,inactiu
32.05,01/07/2026 17:00,55.05,0.0,0,baix,0,0.0,baix,baix,0.0,0.0,0.0,0.0,7.5,479.0,259.0,4.05,0.13,0.4,0.0,0.0,27.2,27.49,0.0,0.0,0,0,0,0.0,,0,inactiu
31.4,01/07/2026 17:30,58.3,0.0,0,baix,0,0.0,baix,baix,0.0,0.0,0.0,0.0,7.5,479.0,259.0,4.05,0.13,0.4,0.0,0.0,27.2,27.5,0.0,0.0,0,0,0,0.0,,0,inactiu
31.25,01/07/2026 18:00,57.55,0.0,0,baix,0,0.0,baix,baix,0.0,0.0,0.0,0.0,7.5,347.0,167.0,3.1,0.137,0.31,0.0,0.0,27.2,27.52,0.0,0.0,0,0,0,0.0,,0,inactiu
31.7,01/07/2026 18:30,58.55,0.0,1,baix,0,0.0,baix,baix,0.0,0.0,0.0,0.0,7.5,347.0,167.0,3.1,0.137,0.31,0.0,0.0,27.2,27.54,0.0,0.0,0,0,0,0.0,,0,inactiu
29.9,01/07/2026 19:00,66.3,0.0,1,baix,0,0.0,baix,baix,0.0,0.0,0.0,0.0,7.5,255.0,128.0,2.1,0.138,0.25,0.0,0.0,27.17,27.55,0.0,0.0,0,0,0,0.0,,0,inactiu
28.4,01/07/2026 19:30,71.4,0.0,1,baix,0,0.0,baix,baix,0.5,0.0,0.0,0.0,7.5,255.0,128.0,2.1,0.138,0.25,0.0,0.0,27.12,27.55,0.0,0.0,0,0,0,0.0,,0,inactiu
27.8,01/07/2026 20:00,73.15,0.0,1,baix,0,0.0,baix,baix,1.0,0.0,0.0,0.0,7.5,143.0,67.0,1.15,0.139,0.15,0.0,0.0,27.06,27.55,0.0,0.0,0,0,0,0.0,,0,inactiu
27.3,01/07/2026 20:30,74.3,0.0,1,baix,0,0.0,baix,baix,1.5,0.0,0.0,0.0,7.5,143.0,67.0,1.15,0.139,0.15,0.0,0.0,27.02,27.55,0.0,0.0,0,0,0,0.0,,0,inactiu
26.95,01/07/2026 21:00,75.5,0.0,1,baix,0,0.0,baix,baix,2.0,0.0,0.0,0.0,7.5,49.0,14.0,0.35,0.139,0.08,0.0,0.0,26.99,27.55,0.0,0.0,0,0,0,0.0,,0,inactiu
26.65,01/07/2026 21:30,76.94999999999999,0.0,1,baix,0,0.0,baix,baix,2.5,0.0,0.0,0.0,7.5,49.0,14.0,0.35,0.139,0.08,0.0,0.0,26.97,27.54,0.0,0.0,0,0,0,0.0,,0,inactiu
26.15,01/07/2026 22:00,75.5,0.0,1,baix,0,0.0,baix,baix,3.0,0.0,0.0,0.0,7.5,1.0,0.0,0.0,0.139,0.05,0.0,0.0,26.96,27.54,0.0,0.0,0,0,0,0.0,,0,inactiu
25.95,01/07/2026 22:30,76.80000000000001,0.0,1,baix,0,0.0,baix,baix,3.5,0.0,0.0,0.0,7.5,1.0,0.0,0.0,0.139,0.05,0.0,0.0,26.95,27.53,0.0,0.0,0,0,0,0.0,,0,inactiu
25.700000000000003,01/07/2026 23:00,78.3,0.0,1,baix,0,0.0,baix,baix,4.0,0.0,0.0,0.0,7.5,0.0,0.0,0.0,0.138,0.03,0.0,0.0,26.98,27.53,0.0,0.0,0,0,0,0.0,,0,inactiu
24.95,01/07/2026 23:30,77.05000000000001,0.0,1,baix,0,0.0,baix,baix,4.5,0.0,0.0,0.0,7.5,0.0,0.0,0.0,0.138,0.03,0.0,0.0,27.0,27.51,0.0,0.0,0,0,0,0.0,,0,inactiu
24.15,02/07/2026 00:00,78.0,0.0,1,baix,0,0.0,baix,baix,5.0,0.0,0.0,0.0,7.0,0.0,0.0,0.0,0.138,0.01,0.0,0.0,27.03,27.5,0.0,0.0,0,0,0,0.0,,0,inactiu
23.1,02/07/2026 00:30,80.3,0.0,1,baix,0,0.0,baix,baix,5.5,0.0,0.0,0.0,7.0,0.0,0.0,0.0,0.138,0.01,0.0,0.0,27.03,27.48,0.0,0.0,0,0,0,0.0,,0,inactiu
22.4,02/07/2026 01:00,80.85,0.0,1,baix,0,0.0,baix,baix,6.0,0.0,0.0,0.0,7.0,0.0,0.0,0.0,0.138,0.0,0.0,0.0,27.05,27.46,0.0,0.0,0,0,0,0.0,,0,inactiu
21.700000000000003,02/07/2026 01:30,81.85,0.0,1,baix,0,0.0,baix,baix,6.5,0.0,0.0,0.0,7.0,0.0,0.0,0.0,0.138,0.0,0.0,0.0,27.06,27.44,0.0,0.0,0,0,0,0.0,,0,inactiu
21.450000000000003,02/07/2026 02:00,83.15,0.0,1,baix,0,0.0,baix,baix,7.0,0.0,0.0,0.0,7.0,0.0,0.0,0.0,0.127,0.0,0.0,0.0,27.07,27.42,0.0,0.0,0,0,0,0.0,,0,inactiu
20.35,02/07/2026 02:30,84.2,0.0,1,baix,0,0.0,baix,baix,0.0,0.0,0.0,0.0,7.0,0.0,0.0,0.0,0.127,0.0,0.0,0.0,27.04,27.39,0.0,0.0,0,0,0,0.0,,0,inactiu
19.9,02/07/2026 03:00,85.05,0.0,1,baix,0,0.0,baix,baix,0.0,0.0,0.0,0.0,7.0,0.0,0.0,0.0,0.127,0.0,0.0,0.0,27.01,27.36,0.0,0.0,0,0,0,0.0,,0,inactiu
19.6,02/07/2026 03:30,85.7,0.0,1,baix,0,0.0,baix,baix,0.0,0.0,0.0,0.0,7.0,0.0,0.0,0.0,0.127,0.0,0.0,0.0,26.97,27.33,0.0,0.0,0,0,0,0.0,,0,inactiu
19.4,02/07/2026 04:00,85.9,0.0,1,baix,0,0.0,baix,baix,0.0,0.0,0.0,0.0,7.0,0.0,0.0,0.0,0.127,0.0,0.0,0.0,26.93,27.3,0.0,0.0,0,0,0,0.0,,0,inactiu
18.9,02/07/2026 04:30,86.5,0.0,1,baix,0,0.0,baix,baix,0.0,0.0,0.0,0.0,7.0,0.0,0.0,0.0,0.127,0.0,0.0,0.0,26.89,27.27,0.0,0.0,0,0,0,0.0,,0,inactiu
18.05,02/07/2026 05:00,86.3,0.0,1,baix,0,0.0,baix,baix,0.0,0.0,0.0,0.0,7.0,0.0,0.0,0.0,0.127,0.0,0.0,0.0,26.85,27.23,0.0,0.0,0,0,0,0.0,,0,inactiu
17.8,02/07/2026 05:30,86.15,0.0,1,baix,0,0.0,baix,baix,0.0,0.0,0.0,0.0,7.0,0.0,0.0,0.0,0.127,0.0,0.0,0.0,26.8,27.2,0.0,0.0,0,0,0,0.0,,0,inactiu
17.7,02/07/2026 06:00,87.80000000000001,0.0,1,baix,0,0.0,baix,baix,0.0,0.0,0.0,0.0,7.0,0.0,0.0,0.0,0.127,0.0,0.0,0.0,26.76,27.16,0.0,0.0,0,0,0,0.0,,0,inactiu
17.55,02/07/2026 06:30,88.95,0.0,1,baix,0,0.0,baix,baix,0.0,0.0,0.0,0.0,7.0,0.0,0.0,0.0,0.127,0.0,0.0,0.0,26.72,27.13,0.0,0.0,0,0,0,0.0,,0,inactiu
18.55,02/07/2026 07:00,86.80000000000001,0.0,1,baix,0,0.0,baix,baix,0.0,0.0,0.0,0.0,7.0,11.0,2.0,0.05,0.127,0.0,0.0,0.0,26.68,27.09,0.0,0.0,0,0,0,0.0,,0,inactiu
22.1,02/07/2026 07:30,77.85,0.0,1,baix,0,0.0,baix,baix,0.5,0.0,0.0,0.0,7.0,11.0,2.0,0.05,0.127,0.0,0.0,0.0,26.64,27.08,0.0,0.0,0,0,0,0.0,,0,inactiu
25.25,02/07/2026 08:00,57.8,0.0,1,baix,0,0.0,baix,baix,1.0,0.0,0.0,0.0,7.0,120.0,66.0,0.55,0.127,0.13,0.0,0.0,26.61,27.07,0.0,0.0,0,0,0,0.0,,0,inactiu
26.65,02/07/2026 08:30,51.9,0.0,1,baix,0,0.0,baix,baix,1.5,0.0,0.0,0.0,7.0,120.0,66.0,0.55,0.127,0.13,0.0,0.0,26.56,27.07,0.0,0.0,0,0,0,0.0,,0,inactiu
27.35,02/07/2026 09:00,50.35,0.0,1,baix,0,0.0,baix,baix,2.0,0.0,0.0,0.0,7.0,299.0,218.0,1.65,0.126,0.27,0.0,0.0,26.52,27.07,0.0,0.0,0,0,0,0.0,,0,inactiu
27.700000000000003,02/07/2026 09:30,50.6,0.0,1,baix,0,0.0,baix,baix,2.5,0.0,0.0,0.0,7.0,299.0,218.0,1.65,0.126,0.27,0.0,0.0,26.45,27.07,0.0,0.0,0,0,0,0.0,,0,inactiu
28.0,02/07/2026 10:00,51.85,0.0,1,baix,0,0.0,baix,baix,3.0,0.0,0.0,0.0,7.0,483.0,371.0,3.35,0.126,0.4,0.0,0.0,26.38,27.07,0.0,0.0,0,0,0,0.0,,0,inactiu
28.75,02/07/2026 10:30,51.75,0.0,1,baix,0,0.0,baix,baix,3.5,0.0,0.0,0.0,7.0,483.0,371.0,3.35,0.126,0.4,0.0,0.0,26.3,27.08,0.0,0.0,0,0,0,0.0,,0,inactiu
29.200000000000003,02/07/2026 11:00,51.35,0.0,1,baix,0,0.0,baix,baix,4.0,0.0,0.0,0.0,7.0,596.0,410.0,5.05,0.125,0.48,0.0,0.0,26.23,27.09,0.0,0.0,0,0,0,0.0,,0,inactiu
29.65,02/07/2026 11:30,51.75,0.0,1,baix,0,0.0,baix,baix,0.0,0.0,0.0,0.0,7.0,596.0,410.0,5.05,0.125,0.48,0.0,0.0,26.15,27.1,0.0,0.0,0,0,0,0.0,,0,inactiu
30.15,02/07/2026 12:00,50.9,0.0,1,baix,0,0.0,baix,baix,0.0,0.0,0.0,0.0,7.0,636.0,407.0,6.5,0.124,0.53,0.0,0.0,26.07,27.11,0.0,0.0,0,0,0,0.0,,0,inactiu
30.9,02/07/2026 12:30,40.7,0.0,1,baix,0,0.0,baix,baix,0.0,0.0,0.0,0.0,7.0,636.0,407.0,6.5,0.124,0.53,0.0,0.0,26.08,27.12,0.0,0.0,0,0,0,0.0,,0,inactiu
31.3,02/07/2026 13:00,39.400000000000006,0.0,1,baix,0,0.0,baix,baix,0.0,0.0,0.0,0.0,7.0,695.0,436.0,7.05,0.122,0.58,0.0,0.0,26.09,27.14,0.0,0.0,0,0,0,0.0,,0,inactiu
31.75,02/07/2026 13:30,40.0,0.0,1,baix,0,0.0,baix,baix,0.0,0.0,0.0,0.0,7.0,695.0,436.0,7.05,0.122,0.58,0.0,0.0,26.09,27.15,0.0,0.0,0,0,0,0.0,,0,inactiu
31.75,02/07/2026 14:00,39.3,0.0,1,baix,0,0.0,baix,baix,0.0,0.0,0.0,0.0,7.0,550.0,271.0,2.3,0.128,0.52,0.0,0.0,26.09,27.17,0.0,0.0,0,0,0,0.0,,0,inactiu
30.0,02/07/2026 14:30,48.2,0.0,1,baix,0,0.0,baix,baix,0.0,0.0,0.0,0.0,7.0,550.0,271.0,2.3,0.128,0.52,0.0,0.0,26.08,27.18,0.0,0.0,0,0,0,0.0,,0,inactiu
30.5,02/07/2026 15:00,47.5,0.0,1,baix,0,0.0,baix,baix,0.0,0.0,0.0,0.0,7.0,649.0,398.0,1.75,0.127,0.55,0.0,0.0,26.05,27.19,0.0,0.0,0,0,0,0.0,,0,inactiu
30.4,02/07/2026 15:30,47.85,0.0,1,baix,0,0.0,baix,baix,0.0,0.0,0.0,0.0,7.0,649.0,398.0,1.75,0.127,0.55,0.0,0.0,26.04,27.2,0.0,0.0,0,0,0,0.0,,0,inactiu
29.9,02/07/2026 16:00,50.35,0.0,1,baix,0,0.0,baix,baix,0.0,0.0,0.0,0.0,7.0,737.0,520.0,1.1,0.131,0.59,0.0,0.0,26.03,27.21,0.0,0.0,0,0,0,0.0,,0,inactiu
29.65,02/07/2026 16:30,51.65,0.0,1,baix,0,0.0,baix,baix,0.0,0.0,0.0,0.0,7.0,737.0,520.0,1.1,0.131,0.59,0.0,0.0,25.99,27.22,0.0,0.0,0,0,0,0.0,,0,inactiu
29.15,02/07/2026 17:00,53.55,0.0,1,baix,0,0.0,baix,baix,0.5,0.0,0.0,0.0,7.0,558.0,340.0,1.05,0.137,0.47,0.0,0.0,25.93,27.23,0.0,0.0,0,0,0,0.0,,0,inactiu
29.4,02/07/2026 17:30,54.25,0.0,1,baix,0,0.0,baix,baix,1.0,0.0,0.0,0.0,7.0,558.0,340.0,1.05,0.137,0.47,0.0,0.0,25.89,27.24,0.0,0.0,0,0,0,0.0,,0,inactiu
29.35,02/07/2026 18:00,55.0,0.0,1,baix,0,0.0,baix,baix,1.5,0.0,0.0,0.0,7.0,418.0,238.0,3.55,0.142,0.38,0.0,0.0,25.85,27.24,0.0,0.0,0,0,0,0.0,,0,inactiu
29.450000000000003,02/07/2026 18:30,55.1,0.0,1,baix,0,0.0,baix,baix,0.0,0.0,0.0,0.0,7.0,418.0,238.0,3.55,0.142,0.38,0.0,0.0,25.81,27.25,0.0,0.0,0,0,0,0.0,,0,inactiu
29.4,02/07/2026 19:00,57.35,0.0,1,baix,0,0.0,baix,baix,0.5,0.0,0.0,0.0,7.0,347.0,215.0,2.85,0.141,0.3,0.0,0.0,25.79,27.26,0.0,0.0,0,0,0,0.0,,0,inactiu
28.85,02/07/2026 19:30,58.7,0.0,1,baix,0,0.0,baix,baix,1.0,0.0,0.0,0.0,7.0,347.0,215.0,2.85,0.141,0.3,0.0,0.0,25.8,27.26,0.0,0.0,0,0,0,0.0,,0,inactiu
29.0,02/07/2026 20:00,57.75,0.0,1,baix,0,0.0,baix,baix,1.5,0.0,0.0,0.0,7.0,225.0,147.0,1.4,0.137,0.19,0.0,0.0,25.83,27.27,0.0,0.0,0,0,0,0.0,,0,inactiu
28.1,02/07/2026 20:30,62.5,0.0,1,baix,0,0.0,baix,baix,2.0,0.0,0.0,0.0,7.0,225.0,147.0,1.4,0.137,0.19,0.0,0.0,25.85,27.27,0.0,0.0,0,0,0,0.0,,0,inactiu
27.0,02/07/2026 21:00,66.4,0.0,1,baix,0,0.0,baix,baix,2.5,0.0,0.0,0.0,7.0,74.0,34.0,0.4,0.136,0.06,0.0,0.0,25.85,27.27,0.0,0.0,0,0,0,0.0,,0,inactiu
25.9,02/07/2026 21:30,70.4,0.0,1,baix,0,0.0,baix,baix,3.0,0.0,0.0,0.0,7.0,74.0,34.0,0.4,0.136,0.06,0.0,0.0,25.83,27.27,0.0,0.0,0,0,0,0.0,,0,inactiu
25.3,02/07/2026 22:00,72.85,0.0,1,baix,0,0.0,baix,baix,3.5,0.0,0.0,0.0,7.0,1.0,0.0,0.0,0.136,0.02,0.0,0.0,25.81,27.26,0.0,0.0,0,0,0,0.0,,0,inactiu
24.700000000000003,02/07/2026 22:30,75.35,0.0,1,baix,0,0.0,baix,baix,4.0,0.0,0.0,0.0,7.0,1.0,0.0,0.0,0.136,0.02,0.0,0.0,25.79,27.25,0.0,0.0,0,0,0,0.0,,0,inactiu
24.200000000000003,02/07/2026 23:00,77.55,0.0,1,baix,0,0.0,baix,baix,4.5,0.0,0.0,0.0,7.0,0.0,0.0,0.0,0.136,0.0,0.0,0.0,25.76,27.24,0.0,0.0,0,0,0,0.0,,0,inactiu
23.5,02/07/2026 23:30,79.75,0.0,1,baix,0,0.0,baix,baix,5.0,0.0,0.0,0.0,7.0,0.0,0.0,0.0,0.136,0.0,0.0,0.0,25.73,27.23,0.0,0.0,0,0,0,0.0,,0,inactiu
22.7,03/07/2026 00:00,82.35,0.0,1,baix,0,0.0,baix,baix,5.5,0.0,0.0,0.0,8.0,0.0,0.0,0.0,0.136,0.0,0.0,0.0,25.7,27.21,0.0,0.0,0,0,0,0.0,,0,inactiu
21.85,03/07/2026 00:30,84.75,0.0,1,baix,0,0.0,baix,baix,6.0,0.0,0.0,0.0,8.0,0.0,0.0,0.0,0.136,0.0,0.0,0.0,25.67,27.2,0.0,0.0,0,0,0,0.0,,0,inactiu
21.05,03/07/2026 01:00,86.69999999999999,0.0,1,baix,0,0.0,baix,baix,0.0,0.0,0.0,0.0,8.0,0.0,0.0,0.0,0.136,0.0,0.0,0.0,25.64,27.18,0.0,0.0,0,0,0,0.0,,0,inactiu
20.3,03/07/2026 01:30,88.3,0.0,1,baix,0,0.0,baix,baix,0.0,0.0,0.0,0.0,8.0,0.0,0.0,0.0,0.136,0.0,0.0,0.0,25.61,27.15,0.0,0.0,0,0,0,0.0,,0,inactiu
20.4,03/07/2026 02:00,89.30000000000001,0.0,1,baix,0,0.0,baix,baix,0.0,0.0,0.0,0.0,8.0,0.0,0.0,0.0,0.119,0.0,0.0,0.0,25.59,27.13,0.0,0.0,0,0,0,0.0,,0,inactiu
20.65,03/07/2026 02:30,89.45,0.0,1,baix,0,0.0,baix,baix,0.0,0.0,0.0,0.0,8.0,0.0,0.0,0.0,0.119,0.0,0.0,0.0,25.6,27.11,0.0,0.0,0,0,0,0.0,,0,inactiu
19.65,03/07/2026 03:00,89.05,0.0,1,baix,0,0.0,baix,baix,0.0,0.0,0.0,0.0,8.0,0.0,0.0,0.0,0.119,0.0,0.0,0.0,25.59,27.09,0.0,0.0,0,0,0,0.0,,0,inactiu
18.0,03/07/2026 03:30,90.35,0.0,1,baix,1,0.0,baix,baix,0.0,0.0,0.0,0.0,8.0,0.0,0.0,0.0,0.119,0.0,0.0,0.0,25.56,27.06,0.5,9.0,0,0,0,0.0,,0,inactiu
17.2,03/07/2026 04:00,91.4,0.0,1,baix,1,0.0,baix,baix,0.0,0.0,0.0,0.0,8.0,0.0,0.0,0.0,0.119,0.0,0.0,0.0,25.51,27.02,1.0,17.6,0,0,0,0.0,,0,inactiu
16.450000000000003,03/07/2026 04:30,90.85,0.0,1,baix,1,0.0,baix,baix,0.0,0.0,0.0,0.0,8.0,0.0,0.0,0.0,0.119,0.0,0.0,0.0,25.46,26.99,1.5,25.8,0,0,0,0.0,,0,inactiu
16.25,03/07/2026 05:00,91.25,0.0,1,baix,1,0.7,baix,baix,0.0,0.0,0.0,0.0,8.0,0.0,0.0,0.0,0.119,0.0,0.0,0.0,25.42,26.96,2.0,34.0,0,0,0,0.0,,0,inactiu
15.85,03/07/2026 05:30,91.35,0.0,1,baix,1,1.1,baix,baix,0.0,0.0,0.0,0.0,8.0,0.0,0.0,0.0,0.119,0.0,0.0,0.0,25.38,26.92,2.5,41.9,0,0,0,0.0,,0,inactiu
15.5,03/07/2026 06:00,91.1,0.0,1,baix,1,1.8,baix,baix,0.0,0.0,0.0,0.0,8.0,0.0,0.0,0.0,0.119,0.0,0.0,0.0,25.34,26.88,3.0,49.6,0,0,0,0.0,,0,inactiu
15.6,03/07/2026 06:30,91.9,0.0,1,baix,1,2.9,baix,baix,0.0,0.0,0.0,0.0,8.0,0.0,0.0,0.0,0.119,0.0,0.0,0.0,25.3,26.85,3.5,57.4,0,0,0,0.0,,0,inactiu
16.9,03/07/2026 07:00,91.2,0.0,1,baix,1,4.8,baix,baix,0.0,0.0,0.0,0.0,8.0,12.0,3.0,0.05,0.119,0.0,0.0,0.0,25.26,26.82,4.0,0.0,0,0,0,0.0,,0,inactiu
20.25,03/07/2026 07:30,85.6,0.0,1,baix,1,8.5,baix,baix,0.0,0.0,0.0,0.0,8.0,12.0,3.0,0.05,0.119,0.0,0.0,0.0,25.22,26.79,4.5,0.0,0,0,0,0.0,,0,inactiu
23.85,03/07/2026 08:00,74.2,0.0,1,baix,0,8.1,baix,baix,0.5,0.0,0.0,0.0,8.0,120.0,68.0,0.6,0.109,0.08,0.0,0.0,25.19,26.79,0.0,0.0,0,0,0,0.0,,0,inactiu
26.7,03/07/2026 08:30,62.85,0.0,1,baix,0,7.6,baix,baix,1.0,0.0,0.0,0.0,8.0,120.0,68.0,0.6,0.109,0.08,0.0,0.0,25.2,26.79,0.0,0.0,0,0,0,0.0,,0,inactiu
27.65,03/07/2026 09:00,60.7,0.0,1,baix,0,7.3,baix,baix,1.5,0.0,0.0,0.0,8.0,296.0,215.0,1.75,0.109,0.21,0.0,0.0,25.2,26.79,0.0,0.0,0,0,0,0.0,,0,inactiu
28.6,03/07/2026 09:30,56.1,0.0,1,baix,0,6.9,baix,baix,2.0,0.0,0.0,0.0,8.0,296.0,215.0,1.75,0.109,0.21,0.0,0.0,25.22,26.79,0.0,0.0,0,0,0,0.0,,0,inactiu
29.2,03/07/2026 10:00,48.75,0.0,1,baix,0,6.5,baix,baix,2.5,0.0,0.0,0.0,8.0,483.0,382.0,3.3,0.109,0.42,0.0,0.0,25.25,26.8,0.0,0.0,0,0,0,0.0,,0,inactiu
29.45,03/07/2026 10:30,48.05,0.0,1,baix,0,6.2,baix,baix,0.0,0.0,0.0,0.0,8.0,483.0,382.0,3.3,0.109,0.42,0.0,0.0,25.26,26.81,0.0,0.0,0,0,0,0.0,,0,inactiu
29.700000000000003,03/07/2026 11:00,46.95,0.0,1,baix,0,5.9,baix,baix,0.0,0.0,0.0,0.0,8.0,662.0,554.0,4.95,0.109,0.56,0.0,0.0,25.27,26.82,0.0,0.0,0,0,0,0.0,,0,inactiu
31.65,03/07/2026 11:30,40.15,0.0,1,baix,0,5.6,baix,baix,0.0,0.0,0.0,0.0,8.0,662.0,554.0,4.95,0.109,0.56,0.0,0.0,25.31,26.83,0.0,0.0,0,0,0,0.0,,0,inactiu
31.8,03/07/2026 12:00,38.05,0.0,1,baix,0,5.3,baix,baix,0.0,0.0,0.0,0.0,8.0,803.0,688.0,6.45,0.109,0.66,0.0,0.0,25.35,26.85,0.0,0.0,0,0,0,0.0,,0,inactiu
32.45,03/07/2026 12:30,37.4,0.0,1,baix,0,5.0,baix,baix,0.0,0.0,0.0,0.0,8.0,803.0,688.0,6.45,0.109,0.66,0.0,0.0,25.38,26.87,0.0,0.0,0,0,0,0.0,,0,inactiu
32.9,03/07/2026 13:00,36.2,0.0,1,baix,0,4.8,baix,baix,0.0,0.0,0.0,0.0,8.0,902.0,781.0,7.5,0.109,0.73,0.0,0.0,25.41,26.88,0.0,0.0,0,0,0,0.0,,0,inactiu
31.75,03/07/2026 13:30,40.0,0.0,1,baix,0,4.5,baix,baix,0.0,0.0,0.0,0.0,8.0,902.0,781.0,7.5,0.109,0.73,0.0,0.0,25.41,26.9,0.0,0.0,0,0,0,0.0,,0,inactiu
31.75,03/07/2026 14:00,39.3,0.0,1,baix,0,4.3,baix,baix,0.0,0.0,0.0,0.0,8.0,949.0,826.0,8.05,0.118,0.75,0.0,0.0,25.41,26.91,0.0,0.0,0,0,0,0.0,,0,inactiu
31.95,03/07/2026 14:30,39.5,0.0,1,baix,0,4.1,baix,baix,0.0,0.0,0.0,0.0,8.0,949.0,826.0,8.05,0.118,0.75,0.0,0.0,25.45,26.93,0.0,0.0,0,0,0,0.0,,0,inactiu
32.349999999999994,03/07/2026 15:00,37.7,0.0,1,baix,0,3.9,baix,baix,0.0,0.0,0.0,0.0,8.0,941.0,819.0,7.95,0.117,0.75,0.0,0.0,25.49,26.95,0.0,0.0,0,0,0,0.0,,0,inactiu
32.3,03/07/2026 15:30,37.0,0.0,1,baix,0,3.7,baix,baix,0.0,0.0,0.0,0.0,8.0,941.0,819.0,7.95,0.117,0.75,0.0,0.0,25.53,26.96,0.0,0.0,0,0,0,0.0,,0,inactiu
32.5,03/07/2026 16:00,36.55,0.0,1,baix,0,3.5,baix,baix,0.0,0.0,0.0,0.0,8.0,877.0,759.0,7.3,0.116,0.71,0.0,0.0,25.59,26.98,0.0,0.0,0,0,0,0.0,,0,inactiu
32.4,03/07/2026 16:30,37.0,0.0,1,baix,0,3.3,baix,baix,0.0,0.0,0.0,0.0,8.0,877.0,759.0,7.3,0.116,0.71,0.0,0.0,25.64,26.99,0.0,0.0,0,0,0,0.0,,0,inactiu
32.0,03/07/2026 17:00,38.85,0.0,1,baix,0,3.1,baix,baix,0.0,0.0,0.0,0.0,8.0,765.0,653.0,6.1,0.115,0.64,0.0,0.0,25.7,27.01,0.0,0.0,0,0,0,0.0,,0,inactiu
31.25,03/07/2026 17:30,42.05,0.0,1,baix,0,3.0,baix,baix,0.0,0.0,0.0,0.0,8.0,765.0,653.0,6.1,0.115,0.64,0.0,0.0,25.74,27.02,0.0,0.0,0,0,0,0.0,,0,inactiu
30.5,03/07/2026 18:00,43.45,0.0,1,baix,0,2.8,baix,baix,0.0,0.0,0.0,0.0,8.0,612.0,507.0,4.55,0.115,0.53,0.0,0.0,25.76,27.03,0.0,0.0,0,0,0,0.0,,0,inactiu
30.05,03/07/2026 18:30,43.7,0.0,1,baix,0,2.7,baix,baix,0.0,0.0,0.0,0.0,8.0,612.0,507.0,4.55,0.115,0.53,0.0,0.0,25.78,27.04,0.0,0.0,0,0,0,0.0,,0,inactiu
29.55,03/07/2026 19:00,44.2,0.0,1,baix,0,2.5,baix,baix,0.0,0.0,0.0,0.0,8.0,429.0,337.0,2.85,0.114,0.41,0.0,0.0,25.78,27.05,0.0,0.0,0,0,0,0.0,,0,inactiu
29.55,03/07/2026 19:30,45.3,0.0,1,baix,0,2.4,baix,baix,0.0,0.0,0.0,0.0,8.0,429.0,337.0,2.85,0.114,0.41,0.0,0.0,25.79,27.06,0.0,0.0,0,0,0,0.0,,0,inactiu
29.45,03/07/2026 20:00,44.1,0.0,1,baix,0,2.3,baix,baix,0.0,0.0,0.0,0.0,8.0,240.0,167.0,1.4,0.11,0.26,0.0,0.0,25.8,27.06,0.0,0.0,0,0,0,0.0,,0,inactiu
28.950000000000003,03/07/2026 20:30,46.0,0.0,1,baix,0,2.2,baix,baix,0.5,0.0,0.0,0.0,8.0,240.0,167.0,1.4,0.11,0.26,0.0,0.0,25.82,27.07,0.0,0.0,0,0,0,0.0,,0,inactiu
27.85,03/07/2026 21:00,48.55,0.0,1,baix,0,2.0,baix,baix,1.0,0.0,0.0,0.0,8.0,74.0,35.0,0.4,0.11,0.11,0.0,0.0,25.84,27.07,0.0,0.0,0,0,0,0.0,,0,inactiu
25.7,03/07/2026 21:30,54.75,0.0,1,baix,0,1.9,baix,baix,1.5,0.0,0.0,0.0,8.0,74.0,35.0,0.4,0.11,0.11,0.0,0.0,25.84,27.07,0.0,0.0,0,0,0,0.0,,0,inactiu
24.25,03/07/2026 22:00,59.15,0.0,1,baix,0,1.8,baix,baix,2.0,0.0,0.0,0.0,8.0,1.0,0.0,0.0,0.11,0.04,0.0,0.0,25.81,27.06,0.0,0.0,0,0,0,0.0,,0,inactiu
22.65,03/07/2026 22:30,62.35,0.0,1,baix,0,1.7,baix,baix,2.5,0.0,0.0,0.0,8.0,1.0,0.0,0.0,0.11,0.04,0.0,0.0,25.77,27.05,0.0,0.0,0,0,0,0.0,,0,inactiu
21.4,03/07/2026 23:00,63.9,0.0,1,baix,0,1.7,baix,baix,3.0,0.0,0.0,0.0,8.0,0.0,0.0,0.0,0.11,0.01,0.0,0.0,25.71,27.03,0.0,0.0,0,0,0,0.0,,0,inactiu
21.15,03/07/2026 23:30,66.8,0.0,1,baix,0,1.6,baix,baix,3.5,0.0,0.0,0.0,8.0,0.0,0.0,0.0,0.11,0.01,0.0,0.0,25.66,27.01,0.0,0.0,0,0,0,0.0,,0,inactiu
20.950000000000003,04/07/2026 00:00,65.75,0.0,1,baix,0,1.5,baix,baix,0.0,0.0,0.0,0.0,8.0,0.0,0.0,0.0,0.11,0.0,0.0,0.0,25.63,27.0,0.0,0.0,0,0,0,0.0,,0,inactiu
20.25,04/07/2026 00:30,66.4,0.0,1,baix,0,1.4,baix,baix,0.0,0.0,0.0,0.0,8.0,0.0,0.0,0.0,0.11,0.0,0.0,0.0,25.59,26.98,0.0,0.0,0,0,0,0.0,,0,inactiu
19.65,04/07/2026 01:00,69.4,0.0,1,baix,0,1.3,baix,baix,0.0,0.0,0.0,0.0,8.0,0.0,0.0,0.0,0.11,0.0,0.0,0.0,25.56,26.96,0.0,0.0,0,0,0,0.0,,0,inactiu
19.75,04/07/2026 01:30,69.85,0.0,1,baix,0,1.3,baix,baix,0.0,0.0,0.0,0.0,8.0,0.0,0.0,0.0,0.11,0.0,0.0,0.0,25.55,26.93,0.0,0.0,0,0,0,0.0,,0,inactiu
21.0,04/07/2026 02:00,69.1,0.0,1,baix,0,1.2,baix,baix,0.0,0.0,0.0,0.0,8.0,0.0,0.0,0.0,0.104,0.01,0.0,0.0,25.57,26.92,0.0,0.0,0,0,0,0.0,,0,inactiu
21.15,04/07/2026 02:30,68.4,0.0,1,baix,0,1.1,baix,baix,0.5,0.0,0.0,0.0,8.0,0.0,0.0,0.0,0.104,0.01,0.0,0.0,25.58,26.9,0.0,0.0,0,0,0,0.0,,0,inactiu
19.1,04/07/2026 03:00,70.9,0.0,1,baix,0,1.1,baix,baix,0.0,0.0,0.0,0.0,8.0,0.0,0.0,0.0,0.104,0.01,0.0,0.0,25.56,26.88,0.0,0.0,0,0,0,0.0,,0,inactiu
18.35,04/07/2026 03:30,71.55000000000001,0.0,1,baix,0,1.0,baix,baix,0.0,0.0,0.0,0.0,8.0,0.0,0.0,0.0,0.104,0.01,0.0,0.0,25.57,26.86,0.0,0.0,0,0,0,0.0,,0,inactiu
18.35,04/07/2026 04:00,71.8,0.0,1,baix,0,1.0,baix,baix,0.0,0.0,0.0,0.0,8.0,0.0,0.0,0.0,0.104,0.01,0.0,0.0,25.6,26.83,0.0,0.0,0,0,0,0.0,,0,inactiu
18.95,04/07/2026 04:30,70.9,0.0,1,baix,0,0.9,baix,baix,0.0,0.0,0.0,0.0,8.0,0.0,0.0,0.0,0.104,0.01,0.0,0.0,25.65,26.81,0.0,0.0,0,0,0,0.0,,0,inactiu
18.05,04/07/2026 05:00,72.2,0.0,1,baix,0,0.9,baix,baix,0.0,0.0,0.0,0.0,8.0,0.0,0.0,0.0,0.104,0.0,0.0,0.0,25.69,26.79,0.0,0.0,0,0,0,0.0,,0,inactiu
17.1,04/07/2026 05:30,73.85,0.0,1,baix,0,0.8,baix,baix,0.0,0.0,0.0,0.0,8.0,0.0,0.0,0.0,0.104,0.0,0.0,0.0,25.71,26.76,0.0,0.0,0,0,0,0.0,,0,inactiu
16.6,04/07/2026 06:00,75.25,0.0,1,baix,0,0.8,baix,baix,0.0,0.0,0.0,0.0,8.0,0.0,0.0,0.0,0.104,0.0,0.0,0.0,25.73,26.73,0.0,0.0,0,0,0,0.0,,0,inactiu
16.4,04/07/2026 06:30,77.15,0.0,1,baix,0,0.8,baix,baix,0.0,0.0,0.0,0.0,8.0,0.0,0.0,0.0,0.104,0.0,0.0,0.0,25.75,26.7,0.0,0.0,0,0,0,0.0,,0,inactiu
18.4,04/07/2026 07:00,75.4,0.0,1,baix,0,0.7,baix,baix,0.0,0.0,0.0,0.0,8.0,10.0,2.0,0.05,0.104,0.0,0.0,0.0,25.78,26.68,0.0,0.0,0,0,0,0.0,,0,inactiu
21.45,04/07/2026 07:30,67.5,0.0,1,baix,0,0.7,baix,baix,0.5,0.0,0.0,0.0,8.0,10.0,2.0,0.05,0.104,0.0,0.0,0.0,25.81,26.66,0.0,0.0,0,0,0,0.0,,0,inactiu
23.45,04/07/2026 08:00,63.1,0.0,1,baix,0,0.6,baix,baix,1.0,0.0,0.0,0.0,8.0,118.0,66.0,0.6,0.112,0.07,0.0,0.0,25.8,26.66,0.0,0.0,0,0,0,0.0,,0,inactiu
26.9,04/07/2026 08:30,61.1,0.0,1,baix,0,0.6,baix,baix,1.5,0.0,0.0,0.0,8.0,118.0,66.0,0.6,0.112,0.07,0.0,0.0,25.8,26.66,0.0,0.0,0,0,0,0.0,,0,inactiu
27.8,04/07/2026 09:00,63.8,0.0,1,baix,0,0.6,baix,baix,2.0,0.0,0.0,0.0,8.0,293.0,212.0,1.75,0.112,0.21,0.0,0.0,25.81,26.66,0.0,0.0,0,0,0,0.0,,0,inactiu
28.9,04/07/2026 09:30,59.25,0.0,1,baix,0,0.5,baix,baix,2.5,0.0,0.0,0.0,8.0,293.0,212.0,1.75,0.112,0.21,0.0,0.0,25.81,26.67,0.0,0.0,0,0,0,0.0,,0,inactiu
30.2,04/07/2026 10:00,45.2,0.0,1,baix,0,0.5,baix,baix,0.0,0.0,0.0,0.0,8.0,481.0,383.0,3.3,0.112,0.38,0.0,0.0,25.83,26.68,0.0,0.0,0,0,0,0.0,,0,inactiu
31.0,04/07/2026 10:30,42.05,0.0,1,baix,0,0.5,baix,baix,0.0,0.0,0.0,0.0,8.0,481.0,383.0,3.3,0.112,0.38,0.0,0.0,25.87,26.69,0.0,0.0,0,0,0,0.0,,0,inactiu
31.25,04/07/2026 11:00,40.4,0.0,1,baix,0,0.5,baix,baix,0.0,0.0,0.0,0.0,8.0,656.0,548.0,4.95,0.112,0.56,0.0,0.0,25.9,26.7,0.0,0.0,0,0,0,0.0,,0,inactiu
32.75,04/07/2026 11:30,37.2,0.0,1,baix,0,0.4,baix,baix,0.0,0.0,0.0,0.0,8.0,656.0,548.0,4.95,0.112,0.56,0.0,0.0,25.92,26.72,0.0,0.0,0,0,0,0.0,,0,inactiu
33.3,04/07/2026 12:00,36.75,0.0,1,baix,0,0.4,baix,baix,0.0,0.0,0.0,0.0,8.0,799.0,685.0,6.45,0.111,0.67,0.0,0.0,25.95,26.73,0.0,0.0,0,0,0,0.0,,0,inactiu
33.349999999999994,04/07/2026 12:30,38.1,0.0,1,baix,0,0.4,baix,baix,0.0,0.0,0.0,0.0,8.0,799.0,685.0,6.45,0.111,0.67,0.0,0.0,25.97,26.75,0.0,0.0,0,0,0,0.0,,0,inactiu
33.8,04/07/2026 13:00,36.9,0.0,1,baix,0,0.4,baix,baix,0.0,0.0,0.0,0.0,8.0,900.0,780.0,7.5,0.111,0.75,0.0,0.0,25.99,26.77,0.0,0.0,0,0,0,0.0,,0,inactiu
33.45,04/07/2026 13:30,32.1,0.0,1,baix,0,0.4,baix,baix,0.0,0.0,0.0,0.0,8.0,900.0,780.0,7.5,0.111,0.75,0.0,0.0,26.02,26.79,0.0,0.0,0,0,0,0.0,,0,inactiu
33.8,04/07/2026 14:00,31.9,0.0,1,baix,0,0.3,baix,baix,0.0,0.0,0.0,0.0,8.0,949.0,827.0,8.05,0.115,0.77,0.0,0.0,26.07,26.81,0.0,0.0,0,0,0,0.0,,0,inactiu
33.65,04/07/2026 14:30,31.85,0.0,1,baix,0,0.3,baix,baix,0.0,0.0,0.0,0.0,8.0,949.0,827.0,8.05,0.115,0.77,0.0,0.0,26.1,26.82,0.0,0.0,0,0,0,0.0,,0,inactiu
33.45,04/07/2026 15:00,31.1,0.0,1,baix,0,0.3,baix,baix,0.0,0.0,0.0,0.0,8.0,942.0,820.0,7.95,0.114,0.76,0.0,0.0,26.13,26.84,0.0,0.0,0,0,0,0.0,,0,inactiu
33.8,04/07/2026 15:30,31.4,0.0,1,baix,0,0.3,baix,baix,0.0,0.0,0.0,0.0,8.0,942.0,820.0,7.95,0.114,0.76,0.0,0.0,26.16,26.86,0.0,0.0,0,0,0,0.0,,0,inactiu
34.0,04/07/2026 16:00,33.45,0.0,1,baix,0,0.3,baix,baix,0.0,0.0,0.0,0.0,8.0,879.0,759.0,7.25,0.113,0.7,0.0,0.0,26.19,26.88,0.0,0.0,0,0,0,0.0,,0,inactiu
33.25,04/07/2026 16:30,35.7,0.0,1,baix,0,0.3,baix,baix,0.0,0.0,0.0,0.0,8.0,879.0,759.0,7.25,0.113,0.7,0.0,0.0,26.21,26.9,0.0,0.0,0,0,0,0.0,,0,inactiu
32.400000000000006,04/07/2026 17:00,39.2,0.0,1,baix,0,0.2,baix,baix,0.0,0.0,0.0,0.0,8.0,762.0,646.0,6.05,0.113,0.6,0.0,0.0,26.21,26.91,0.0,0.0,0,0,0,0.0,,0,inactiu
31.95,04/07/2026 17:30,41.7,0.0,1,baix,0,0.2,baix,baix,0.0,0.0,0.0,0.0,8.0,762.0,646.0,6.05,0.113,0.6,0.0,0.0,26.23,26.92,0.0,0.0,0,0,0,0.0,,0,inactiu
31.45,04/07/2026 18:00,42.7,0.0,1,baix,0,0.2,baix,baix,0.0,0.0,0.0,0.0,8.0,602.0,487.0,4.5,0.112,0.48,0.0,0.0,26.25,26.93,0.0,0.0,0,0,0,0.0,,0,inactiu
30.8,04/07/2026 18:30,44.4,0.0,1,baix,0,0.2,baix,baix,0.0,0.0,0.0,0.0,8.0,602.0,487.0,4.5,0.112,0.48,0.0,0.0,26.26,26.94,0.0,0.0,0,0,0,0.0,,0,inactiu
30.8,04/07/2026 19:00,43.150000000000006,0.0,1,baix,0,0.2,baix,baix,0.0,0.0,0.0,0.0,8.0,409.0,285.0,2.85,0.112,0.33,0.0,0.0,26.29,26.95,0.0,0.0,0,0,0,0.0,,0,inactiu
30.35,04/07/2026 19:30,44.9,0.0,1,baix,0,0.2,baix,baix,0.0,0.0,0.0,0.0,8.0,409.0,285.0,2.85,0.112,0.33,0.0,0.0,26.31,26.96,0.0,0.0,0,0,0,0.0,,0,inactiu
29.35,04/07/2026 20:00,47.25,0.0,1,baix,0,0.2,baix,baix,0.5,0.0,0.0,0.0,8.0,227.0,140.0,1.4,0.111,0.19,0.0,0.0,26.31,26.97,0.0,0.0,0,0,0,0.0,,0,inactiu
28.4,04/07/2026 20:30,51.2,0.0,1,baix,0,0.2,baix,baix,1.0,0.0,0.0,0.0,8.0,227.0,140.0,1.4,0.111,0.19,0.0,0.0,26.29,26.97,0.0,0.0,0,0,0,0.0,,0,inactiu
27.35,04/07/2026 21:00,54.95,0.0,1,baix,0,0.2,baix,baix,1.5,0.0,0.0,0.0,8.0,72.0,31.0,0.4,0.111,0.08,0.0,0.0,26.28,26.97,0.0,0.0,0,0,0,0.0,,0,inactiu
26.4,04/07/2026 21:30,57.85,0.0,1,baix,0,0.2,baix,baix,2.0,0.0,0.0,0.0,8.0,72.0,31.0,0.4,0.111,0.08,0.0,0.0,26.3,26.97,0.0,0.0,0,0,0,0.0,,0,inactiu
25.2,04/07/2026 22:00,59.8,0.0,1,baix,0,0.1,baix,baix,2.5,0.0,0.0,0.0,8.0,1.0,0.0,0.0,0.111,0.03,0.0,0.0,26.32,26.97,0.0,0.0,0,0,0,0.0,,0,inactiu
23.6,04/07/2026 22:30,60.95,0.0,1,baix,0,0.1,baix,baix,3.0,0.0,0.0,0.0,8.0,1.0,0.0,0.0,0.111,0.03,0.0,0.0,26.34,26.96,0.0,0.0,0,0,0,0.0,,0,inactiu
22.2,04/07/2026 23:00,63.35,0.0,1,baix,0,0.1,baix,baix,3.5,0.0,0.0,0.0,8.0,0.0,0.0,0.0,0.111,0.0,0.0,0.0,26.35,26.95,0.0,0.0,0,0,0,0.0,,0,inactiu
21.25,04/07/2026 23:30,65.15,0.0,1,baix,0,0.1,baix,baix,4.0,0.0,0.0,0.0,8.0,0.0,0.0,0.0,0.111,0.0,0.0,0.0,26.36,26.93,0.0,0.0,0,0,0,0.0,,0,inactiu
20.85,05/07/2026 00:00,69.80000000000001,0.0,1,baix,0,0.1,baix,baix,0.0,0.0,0.0,60.0,6.0,0.0,0.0,0.0,0.111,0.0,0.0,0.0,26.35,26.92,0.0,0.0,0,0,0,0.0,,0,inactiu
19.95,05/07/2026 00:30,70.0,0.0,1,baix,0,0.1,baix,baix,0.0,0.0,0.0,60.0,6.0,0.0,0.0,0.0,0.111,0.0,0.0,0.0,26.35,26.9,0.0,0.0,0,0,0,0.0,,0,inactiu
19.950000000000003,05/07/2026 01:00,72.6,0.0,1,baix,0,0.1,baix,baix,0.0,0.0,0.0,60.0,6.0,0.0,0.0,0.0,0.111,0.0,0.0,0.0,26.35,26.88,0.0,0.0,0,0,0,0.0,,0,inactiu
19.35,05/07/2026 01:30,73.0,0.0,1,baix,0,0.1,baix,baix,0.0,0.0,0.0,60.0,6.0,0.0,0.0,0.0,0.111,0.0,0.0,0.0,26.35,26.86,0.0,0.0,0,0,0,0.0,,0,inactiu
18.1,05/07/2026 02:00,74.30000000000001,0.0,1,baix,0,0.1,baix,baix,0.0,0.0,0.0,60.0,6.0,0.0,0.0,0.0,0.11,0.0,0.0,0.0,26.29,26.84,0.0,0.0,0,0,0,0.0,,0,inactiu
19.65,05/07/2026 02:30,76.65,0.0,1,baix,0,0.1,baix,baix,0.0,0.0,0.0,60.0,6.0,0.0,0.0,0.0,0.11,0.0,0.0,0.0,26.25,26.82,0.0,0.0,0,0,0,0.0,,0,inactiu
19.75,05/07/2026 03:00,75.25,0.0,1,baix,0,0.1,baix,baix,0.0,0.0,0.0,60.0,6.0,0.0,0.0,0.0,0.11,0.01,0.0,0.0,26.27,26.81,0.0,0.0,0,0,0,0.0,,0,inactiu
19.6,05/07/2026 03:30,75.05000000000001,0.0,1,baix,0,0.1,baix,baix,0.0,0.0,0.0,60.0,6.0,0.0,0.0,0.0,0.11,0.01,0.0,0.0,26.29,26.79,0.0,0.0,0,0,0,0.0,,0,inactiu
17.75,05/07/2026 04:00,76.9,0.0,1,baix,0,0.1,baix,baix,0.0,0.0,0.0,60.0,6.0,0.0,0.0,0.0,0.11,0.01,0.0,0.0,26.28,26.77,0.0,0.0,0,0,0,0.0,,0,inactiu
16.799999999999997,05/07/2026 04:30,78.9,0.0,1,baix,0,0.1,baix,baix,0.0,0.0,0.0,60.0,6.0,0.0,0.0,0.0,0.11,0.01,0.0,0.0,26.24,26.74,0.0,0.0,0,0,0,0.0,,0,inactiu
16.6,05/07/2026 05:00,80.95,0.0,1,baix,0,0.1,baix,baix,0.0,0.0,0.0,60.0,6.0,0.0,0.0,0.0,0.11,0.01,0.0,0.0,26.21,26.72,0.0,0.0,0,0,0,0.0,,0,inactiu
16.65,05/07/2026 05:30,80.6,0.0,1,baix,0,0.1,baix,baix,0.0,0.0,0.0,60.0,6.0,0.0,0.0,0.0,0.11,0.01,0.0,0.0,26.2,26.69,0.0,0.0,0,0,0,0.0,,0,inactiu
16.3,05/07/2026 06:00,80.94999999999999,0.0,1,baix,0,0.1,baix,baix,0.0,0.0,0.0,60.0,6.0,0.0,0.0,0.0,0.11,0.0,0.0,0.0,26.19,26.67,0.0,0.0,0,0,0,0.0,,0,inactiu
15.7,05/07/2026 06:30,80.95,0.0,1,baix,0,0.1,baix,baix,0.0,0.0,0.0,60.0,6.0,0.0,0.0,0.0,0.11,0.0,0.0,0.0,26.18,26.64,0.0,0.0,0,0,0,0.0,,0,inactiu
16.55,05/07/2026 07:00,77.3,0.0,1,baix,0,0.1,baix,baix,0.0,0.0,0.0,60.0,6.0,10.0,2.0,0.05,0.11,0.0,0.0,0.0,26.14,26.62,0.0,0.0,0,0,0,0.0,,0,inactiu
19.55,05/07/2026 07:30,71.5,0.0,1,baix,0,0.1,baix,baix,0.0,0.0,0.0,60.0,6.0,10.0,2.0,0.05,0.11,0.0,0.0,0.0,26.1,26.6,0.0,0.0,0,0,0,0.0,,0,inactiu
24.25,05/07/2026 08:00,62.75,0.0,1,baix,0,0.1,baix,baix,0.5,0.0,0.0,60.0,6.0,119.0,65.0,0.6,0.102,0.07,0.0,0.0,26.11,26.59,0.0,0.0,0,0,0,0.0,,0,inactiu
27.4,05/07/2026 08:30,52.95,0.0,1,baix,0,0.0,baix,baix,1.0,0.0,0.0,60.0,6.0,119.0,65.0,0.6,0.102,0.07,0.0,0.0,26.12,26.59,0.0,0.0,0,0,0,0.0,,0,inactiu
28.95,05/07/2026 09:00,47.6,0.0,1,baix,0,0.0,baix,baix,1.5,0.0,0.0,60.0,6.0,298.0,213.0,1.75,0.102,0.19,0.0,0.0,26.15,26.6,0.0,0.0,0,0,0,0.0,,0,inactiu
30.200000000000003,05/07/2026 09:30,43.6,0.0,1,baix,0,0.0,baix,baix,0.0,0.0,0.0,60.0,6.0,298.0,213.0,1.75,0.102,0.19,0.0,0.0,26.18,26.61,0.0,0.0,0,0,0,0.0,,0,inactiu
30.6,05/07/2026 10:00,42.75,0.0,1,baix,0,0.0,baix,baix,0.0,0.0,0.0,60.0,6.0,491.0,387.0,3.3,0.102,0.39,0.0,0.0,26.18,26.62,0.0,0.0,0,0,0,0.0,,0,inactiu
31.9,05/07/2026 10:30,39.95,0.0,1,baix,0,0.0,baix,baix,0.0,0.0,0.0,60.0,6.0,491.0,387.0,3.3,0.102,0.39,0.0,0.0,26.2,26.63,0.0,0.0,0,0,0,0.0,,0,inactiu
32.3,05/07/2026 11:00,37.650000000000006,0.0,1,baix,0,0.0,baix,baix,0.0,0.0,0.0,60.0,6.0,670.0,556.0,4.95,0.102,0.56,0.0,0.0,26.23,26.64,0.0,0.0,0,0,0,0.0,,0,inactiu
35.65,05/07/2026 17:00,29.8,0.0,1,baix,0,0.0,baix,baix,0.0,0.0,0.0,60.0,6.0,777.0,666.0,6.05,0.112,0.59,0.0,0.0,24.15,26.67,0.0,0.0,0,0,0,0.0,,0,inactiu
35.2,05/07/2026 17:30,33.05,0.0,1,baix,0,0.0,baix,baix,0.0,0.0,0.0,60.0,6.0,777.0,666.0,6.05,0.112,0.59,0.0,0.0,24.24,26.69,0.0,0.0,0,0,0,0.0,,0,inactiu
34.15,05/07/2026 18:00,41.3,0.0,1,baix,0,0.0,baix,baix,0.0,0.0,0.0,60.0,6.0,621.0,519.0,4.5,0.111,0.52,0.0,0.0,24.31,26.7,0.0,0.0,0,0,0,0.0,,0,inactiu
33.9,05/07/2026 18:30,42.1,0.0,1,baix,0,0.0,baix,baix,0.0,0.0,0.0,60.0,6.0,621.0,519.0,4.5,0.111,0.52,0.0,0.0,24.39,26.72,0.0,0.0,0,0,0,0.0,,0,inactiu
33.3,05/07/2026 19:00,33.8,0.0,1,baix,0,0.0,baix,baix,0.0,0.0,0.0,60.0,6.0,433.0,343.0,2.85,0.111,0.38,0.0,0.0,24.46,26.74,0.0,0.0,0,0,0,0.0,,0,inactiu
31.950000000000003,05/07/2026 19:30,42.0,0.0,1,baix,0,0.0,baix,baix,0.0,0.0,0.0,60.0,6.0,433.0,343.0,2.85,0.111,0.38,0.0,0.0,24.5,26.75,0.0,0.0,0,0,0,0.0,,0,inactiu
31.1,05/07/2026 20:00,43.05,0.0,1,baix,0,0.0,baix,baix,0.0,0.0,0.0,60.0,6.0,240.0,169.0,1.4,0.111,0.24,0.0,0.0,24.55,26.76,0.0,0.0,0,0,0,0.0,,0,inactiu
30.5,05/07/2026 20:30,40.4,0.0,1,baix,0,0.0,baix,baix,0.0,0.0,0.0,60.0,6.0,240.0,169.0,1.4,0.111,0.24,0.0,0.0,24.61,26.77,0.0,0.0,0,0,0,0.0,,0,inactiu
29.4,05/07/2026 21:00,43.25,0.0,1,baix,0,0.0,baix,baix,0.5,0.0,0.0,60.0,6.0,75.0,36.0,0.4,0.111,0.09,0.0,0.0,24.66,26.77,0.0,0.0,0,0,0,0.0,,0,inactiu
27.95,05/07/2026 21:30,46.9,0.0,1,baix,0,0.0,baix,baix,1.0,0.0,0.0,60.0,6.0,75.0,36.0,0.4,0.111,0.09,0.0,0.0,24.7,26.78,0.0,0.0,0,0,0,0.0,,0,inactiu
26.6,05/07/2026 22:00,54.55,0.0,1,baix,0,0.0,baix,baix,1.5,0.0,0.0,60.0,6.0,1.0,0.0,0.0,0.111,0.03,0.0,0.0,24.74,26.78,0.0,0.0,0,0,0,0.0,,0,inactiu
25.450000000000003,05/07/2026 22:30,57.8,0.0,1,baix,0,0.0,baix,baix,2.0,0.0,0.0,60.0,6.0,1.0,0.0,0.0,0.111,0.03,0.0,0.0,24.79,26.77,0.0,0.0,0,0,0,0.0,,0,inactiu
24.3,05/07/2026 23:00,62.25,0.0,1,baix,0,0.0,baix,baix,2.5,0.0,0.0,60.0,6.0,0.0,0.0,0.0,0.111,0.0,0.0,0.0,24.85,26.77,0.0,0.0,0,0,0,0.0,,0,inactiu
23.4,05/07/2026 23:30,63.8,0.0,1,baix,0,0.0,baix,baix,3.0,0.0,0.0,60.0,6.0,0.0,0.0,0.0,0.111,0.0,0.0,0.0,24.91,26.76,0.0,0.0,0,0,0,0.0,,0,inactiu
22.25,06/07/2026 00:00,66.25,0.0,1,baix,0,0.0,baix,baix,3.5,0.0,0.0,390.0,8.0,0.0,0.0,0.0,0.111,0.0,0.0,0.0,24.94,26.75,0.0,0.0,0,0,0,0.0,,0,inactiu
23.05,06/07/2026 00:30,71.6,0.0,1,baix,0,0.0,baix,baix,4.0,0.0,0.0,390.0,8.0,0.0,0.0,0.0,0.111,0.0,0.0,0.0,25.03,26.74,0.0,0.0,0,0,0,0.0,,0,inactiu
23.4,06/07/2026 01:00,75.4,0.0,1,baix,0,0.0,baix,baix,4.5,0.0,0.0,390.0,8.0,0.0,0.0,0.0,0.111,0.0,0.0,0.0,25.12,26.73,0.0,0.0,0,0,0,0.0,,0,inactiu
23.1,06/07/2026 01:30,77.5,0.0,1,baix,0,0.0,baix,baix,5.0,0.0,0.0,390.0,8.0,0.0,0.0,0.0,0.111,0.0,0.0,0.0,25.22,26.73,0.0,0.0,0,0,0,0.0,,0,inactiu
22.05,06/07/2026 02:00,79.45,0.0,1,baix,0,0.0,baix,baix,5.5,0.0,0.0,390.0,8.0,0.0,0.0,0.0,0.107,0.0,0.0,0.0,25.33,26.71,0.0,0.0,0,0,0,0.0,,0,inactiu
19.85,06/07/2026 02:30,80.15,0.0,1,baix,0,0.0,baix,baix,0.0,0.0,0.0,390.0,8.0,0.0,0.0,0.0,0.107,0.0,0.0,0.0,25.34,26.7,0.0,0.0,0,0,0,0.0,,0,inactiu
18.6,06/07/2026 03:00,81.30000000000001,0.0,1,baix,0,0.0,baix,baix,0.0,0.0,0.0,390.0,8.0,0.0,0.0,0.0,0.107,0.0,0.0,0.0,25.3,26.68,0.0,0.0,0,0,0,0.0,,0,inactiu
17.95,06/07/2026 03:30,83.4,0.0,1,baix,0,0.0,baix,baix,0.0,0.0,0.0,390.0,8.0,0.0,0.0,0.0,0.107,0.0,0.0,0.0,25.26,26.66,0.0,0.0,0,0,0,0.0,,0,inactiu
16.8,06/07/2026 04:00,80.69999999999999,0.0,1,baix,0,0.0,baix,baix,0.0,0.0,0.0,390.0,8.0,0.0,0.0,0.0,0.107,0.0,0.0,0.0,25.23,26.64,0.0,0.0,0,0,0,0.0,,0,inactiu
16.3,06/07/2026 04:30,81.35,0.0,1,baix,0,0.0,baix,baix,0.0,0.0,0.0,390.0,8.0,0.0,0.0,0.0,0.107,0.0,0.0,0.0,25.22,26.62,0.0,0.0,0,0,0,0.0,,0,inactiu
15.95,06/07/2026 05:00,80.95,0.0,1,baix,0,0.0,baix,baix,0.0,0.0,0.0,390.0,8.0,0.0,0.0,0.0,0.107,0.0,0.0,0.0,25.2,26.59,0.0,0.0,0,0,0,0.0,,0,inactiu
15.75,06/07/2026 05:30,80.95,0.0,1,baix,0,0.0,baix,baix,0.0,0.0,0.0,390.0,8.0,0.0,0.0,0.0,0.107,0.0,0.0,0.0,25.18,26.57,0.0,0.0,0,0,0,0.0,,0,inactiu
15.4,06/07/2026 06:00,81.15,0.0,1,baix,0,0.0,baix,baix,0.0,0.0,0.0,390.0,8.0,0.0,0.0,0.0,0.107,0.0,0.0,0.0,25.15,26.54,0.0,0.0,0,0,0,0.0,,0,inactiu
15.35,06/07/2026 06:30,82.35,0.0,1,baix,0,0.0,baix,baix,0.0,0.0,0.0,390.0,8.0,0.0,0.0,0.0,0.107,0.0,0.0,0.0,25.14,26.52,0.0,0.0,0,0,0,0.0,,0,inactiu
16.3,06/07/2026 07:00,77.9,0.0,1,baix,0,0.0,baix,baix,0.0,0.0,0.0,390.0,8.0,10.0,2.0,0.05,0.107,0.0,0.0,0.0,25.14,26.49,0.0,0.0,0,0,0,0.0,,0,inactiu
19.9,06/07/2026 07:30,69.55000000000001,0.0,1,baix,0,0.0,baix,baix,0.0,0.0,0.0,390.0,8.0,10.0,2.0,0.05,0.107,0.0,0.0,0.0,25.15,26.48,0.0,0.0,0,0,0,0.0,,0,inactiu
23.1,06/07/2026 08:00,63.3,0.0,1,baix,0,0.0,baix,baix,0.5,0.0,0.0,390.0,8.0,118.0,64.0,0.6,0.107,0.06,0.0,0.0,25.12,26.47,0.0,0.0,0,0,0,0.0,,0,inactiu
25.950000000000003,06/07/2026 08:30,56.900000000000006,0.0,1,baix,0,0.0,baix,baix,1.0,0.0,0.0,390.0,8.0,118.0,64.0,0.6,0.107,0.06,0.0,0.0,25.08,26.47,0.0,0.0,0,0,0,0.0,,0,inactiu
29.0,06/07/2026 09:00,47.2,0.0,1,baix,0,0.0,baix,baix,1.5,0.0,0.0,390.0,8.0,299.0,214.0,1.7,0.107,0.18,0.0,0.0,25.08,26.48,0.0,0.0,0,0,0,0.0,,0,inactiu
30.8,06/07/2026 09:30,38.8,0.0,1,baix,0,0.0,baix,baix,0.0,0.0,0.0,390.0,8.0,299.0,214.0,1.7,0.107,0.18,0.0,0.0,25.09,26.49,0.0,0.0,0,0,0,0.0,,0,inactiu
32.7,06/07/2026 10:00,34.25,0.0,1,baix,0,0.0,baix,baix,0.0,0.0,0.0,390.0,8.0,492.0,388.0,3.25,0.107,0.33,0.0,0.0,25.15,26.5,0.0,0.0,0,0,0,0.0,,0,inactiu
33.95,06/07/2026 10:30,29.25,0.0,1,baix,0,0.0,baix,baix,0.0,0.0,0.0,390.0,8.0,492.0,388.0,3.25,0.107,0.33,0.0,0.0,25.21,26.52,0.0,0.0,0,0,0,0.0,,0,inactiu
34.7,06/07/2026 11:00,26.05,0.0,1,baix,0,0.0,baix,baix,0.0,0.0,0.0,390.0,8.0,670.0,557.0,4.9,0.107,0.47,0.0,0.0,25.27,26.53,0.0,0.0,0,0,0,0.0,,0,inactiu
35.4,06/07/2026 11:30,24.4,0.0,1,baix,0,0.0,baix,baix,0.0,0.0,0.0,390.0,8.0,670.0,557.0,4.9,0.107,0.47,0.0,0.0,25.54,26.55,0.0,0.0,0,0,0,0.0,,0,inactiu
35.75,06/07/2026 12:00,25.35,0.0,1,baix,0,0.0,baix,baix,0.0,0.0,0.0,390.0,8.0,809.0,680.0,6.4,0.107,0.59,0.0,0.0,25.8,26.56,0.0,0.0,0,0,0,0.0,,0,inactiu
35.8,06/07/2026 12:30,37.6,0.0,1,baix,0,0.0,baix,baix,0.0,0.0,0.0,390.0,8.0,809.0,680.0,6.4,0.107,0.59,0.0,0.0,26.05,26.56,0.0,0.0,0,0,0,0.0,,0,inactiu
36.05,06/07/2026 13:00,34.849999999999994,0.0,1,baix,0,0.0,baix,baix,0.0,0.0,0.0,390.0,8.0,914.0,794.0,7.45,0.107,0.67,0.0,0.0,26.29,26.57,0.0,0.0,0,0,0,0.0,,0,inactiu
36.6,06/07/2026 13:30,30.1,0.0,1,baix,0,0.0,baix,baix,0.0,0.0,0.0,390.0,8.0,914.0,794.0,7.45,0.107,0.67,0.0,0.0,26.54,26.57,0.0,0.0,0,0,0,0.0,,0,inactiu
36.65,06/07/2026 14:00,27.6,0.0,1,baix,0,0.0,baix,baix,0.0,0.0,0.0,390.0,8.0,959.0,839.0,8.0,0.107,0.76,0.0,0.0,26.77,26.58,0.0,0.0,0,0,0,0.0,,0,inactiu
37.2,06/07/2026 14:30,26.5,0.0,1,baix,0,0.0,baix,baix,0.0,0.0,0.0,390.0,8.0,959.0,839.0,8.0,0.107,0.76,0.0,0.0,27.01,26.59,0.0,0.0,0,0,0,0.0,,0,inactiu
37.05,06/07/2026 15:00,26.0,0.0,1,baix,0,0.0,baix,baix,0.0,0.0,0.0,390.0,8.0,948.0,830.0,7.9,0.106,0.78,0.0,0.0,27.23,26.59,0.0,0.0,0,0,0,0.0,,0,inactiu
36.6,06/07/2026 15:30,29.4,0.0,1,baix,0,0.0,baix,baix,0.0,0.0,0.0,390.0,8.0,948.0,830.0,7.9,0.106,0.78,0.0,0.0,27.44,26.6,0.0,0.0,0,0,0,0.0,,0,inactiu
36.3,06/07/2026 16:00,29.85,0.0,1,baix,0,0.0,baix,baix,0.0,0.0,0.0,390.0,8.0,879.0,763.0,7.25,0.106,0.75,0.0,0.0,27.63,26.6,0.0,0.0,0,0,0,0.0,,0,inactiu
36.1,06/07/2026 16:30,30.1,0.0,1,baix,0,0.0,baix,baix,0.0,0.0,0.0,390.0,8.0,879.0,763.0,7.25,0.106,0.75,0.0,0.0,27.8,26.61,0.0,0.0,0,0,0,0.0,,0,inactiu
35.65,06/07/2026 17:00,29.8,0.0,1,baix,0,0.0,baix,baix,0.0,0.0,0.0,390.0,8.0,765.0,653.0,6.05,0.106,0.67,0.0,0.0,27.8,26.61,0.0,0.0,0,0,0,0.0,,0,inactiu
35.2,06/07/2026 17:30,33.05,0.0,1,baix,0,0.0,baix,baix,0.0,0.0,0.0,390.0,8.0,765.0,653.0,6.05,0.106,0.67,0.0,0.0,27.8,26.62,0.0,0.0,0,0,0,0.0,,0,inactiu
34.15,06/07/2026 18:00,41.3,0.0,1,baix,0,0.0,baix,baix,0.0,0.0,0.0,390.0,8.0,614.0,513.0,4.5,0.106,0.56,0.0,0.0,27.8,26.62,0.0,0.0,0,0,0,0.0,,0,inactiu
33.7,06/07/2026 18:30,42.1,0.0,1,baix,0,0.0,baix,baix,0.0,0.0,0.0,390.0,8.0,614.0,513.0,4.5,0.106,0.56,0.0,0.0,27.8,26.62,0.0,0.0,0,0,0,0.0,,0,inactiu
33.05,06/07/2026 19:00,44.7,0.0,1,baix,0,0.0,baix,baix,0.0,0.0,0.0,390.0,8.0,435.0,345.0,2.85,0.106,0.41,0.0,0.0,27.79,26.62,0.0,0.0,0,0,0,0.0,,0,inactiu
32.2,06/07/2026 19:30,45.6,0.0,1,baix,0,0.0,baix,baix,0.0,0.0,0.0,390.0,8.0,435.0,345.0,2.85,0.106,0.41,0.0,0.0,27.8,26.62,0.0,0.0,0,0,0,0.0,,0,inactiu
31.5,06/07/2026 20:00,44.05,0.0,1,baix,0,0.0,baix,baix,0.0,0.0,0.0,390.0,8.0,243.0,170.0,1.35,0.106,0.25,0.0,0.0,27.81,26.62,0.0,0.0,0,0,0,0.0,,0,inactiu
30.5,06/07/2026 20:30,46.05,0.0,1,baix,0,0.0,baix,baix,0.0,0.0,0.0,390.0,8.0,243.0,170.0,1.35,0.106,0.25,0.0,0.0,27.81,26.63,0.0,0.0,0,0,0,0.0,,0,inactiu
29.450000000000003,06/07/2026 21:00,51.95,0.0,1,baix,0,0.0,baix,baix,0.0,0.0,0.0,390.0,8.0,74.0,35.0,0.35,0.106,0.1,0.0,0.0,27.81,26.63,0.0,0.0,0,0,0,0.0,,0,inactiu
27.950000000000003,06/07/2026 21:30,57.85,0.0,1,baix,0,0.0,baix,baix,0.5,0.0,0.0,390.0,8.0,74.0,35.0,0.35,0.106,0.1,0.0,0.0,27.81,26.63,0.0,0.0,0,0,0,0.0,,0,inactiu
26.700000000000003,06/07/2026 22:00,62.1,0.0,1,baix,0,0.0,baix,baix,1.0,0.0,0.0,390.0,8.0,1.0,0.0,0.0,0.106,0.04,0.0,0.0,27.81,26.64,0.0,0.0,0,0,0,0.0,,0,inactiu
25.2,06/07/2026 22:30,67.75,0.0,1,baix,0,0.0,baix,baix,1.5,0.0,0.0,390.0,8.0,1.0,0.0,0.0,0.106,0.04,0.0,0.0,27.81,26.64,0.0,0.0,0,0,0,0.0,,0,inactiu
23.8,06/07/2026 23:00,71.3,0.0,1,baix,0,0.0,baix,baix,2.0,0.0,0.0,390.0,8.0,0.0,0.0,0.0,0.106,0.0,0.0,0.0,27.79,26.64,0.0,0.0,0,0,0,0.0,,0,inactiu
21.6,06/07/2026 23:30,72.44999999999999,0.0,1,baix,0,0.0,baix,baix,2.5,0.0,0.0,390.0,8.0,0.0,0.0,0.0,0.106,0.0,0.0,0.0,27.76,26.64,0.0,0.0,0,0,0,0.0,,0,inactiu
20.55,07/07/2026 00:00,74.25,0.0,1,baix,0,0.0,baix,baix,0.0,0.0,0.0,420.0,8.0,0.0,0.0,0.0,0.106,0.0,0.0,0.0,27.72,26.64,0.0,0.0,0,0,0,0.0,,0,inactiu
19.5,07/07/2026 00:30,75.1,0.0,1,baix,0,0.0,baix,baix,0.0,0.0,0.0,420.0,8.0,0.0,0.0,0.0,0.106,0.0,0.0,0.0,27.65,26.64,0.0,0.0,0,0,0,0.0,,0,inactiu
18.85,07/07/2026 01:00,76.44999999999999,0.0,1,baix,0,0.0,baix,baix,0.0,0.0,0.0,420.0,8.0,0.0,0.0,0.0,0.106,0.0,0.0,0.0,27.55,26.64,0.0,0.0,0,0,0,0.0,,0,inactiu
19.5,07/07/2026 01:30,78.9,0.0,1,baix,0,0.0,baix,baix,0.0,0.0,0.0,420.0,8.0,0.0,0.0,0.0,0.106,0.0,0.0,0.0,27.48,26.63,0.0,0.0,0,0,0,0.0,,0,inactiu
18.75,07/07/2026 02:00,76.35,0.0,1,baix,0,0.0,baix,baix,0.0,0.0,0.0,420.0,8.0,0.0,0.0,0.0,0.106,0.0,0.0,0.0,27.41,26.63,0.0,0.0,0,0,0,0.0,,0,inactiu
17.85,07/07/2026 02:30,77.0,0.0,1,baix,0,0.0,baix,baix,0.0,0.0,0.0,420.0,8.0,0.0,0.0,0.0,0.106,0.0,0.0,0.0,27.37,26.63,0.0,0.0,0,0,0,0.0,,0,inactiu
17.5,07/07/2026 03:00,78.3,0.0,1,baix,0,0.0,baix,baix,0.0,0.0,0.0,420.0,8.0,0.0,0.0,0.0,0.106,0.0,0.0,0.0,27.34,26.62,0.0,0.0,0,0,0,0.0,,0,inactiu
17.1,07/07/2026 03:30,77.3,0.0,1,baix,0,0.0,baix,baix,0.0,0.0,0.0,420.0,8.0,0.0,0.0,0.0,0.106,0.0,0.0,0.0,27.33,26.62,0.0,0.0,0,0,0,0.0,,0,inactiu
16.9,07/07/2026 04:00,77.85,0.0,1,baix,0,0.0,baix,baix,0.0,0.0,0.0,420.0,8.0,0.0,0.0,0.0,0.106,0.01,0.0,0.0,27.33,26.62,0.0,0.0,0,0,0,0.0,,0,inactiu
16.45,07/07/2026 04:30,79.45,0.0,1,baix,0,0.0,baix,baix,0.0,0.0,0.0,420.0,8.0,0.0,0.0,0.0,0.106,0.01,0.0,0.0,27.33,26.61,0.0,0.0,0,0,0,0.0,,0,inactiu
16.200000000000003,07/07/2026 05:00,78.4,0.0,1,baix,0,0.0,baix,baix,0.0,0.0,0.0,420.0,8.0,0.0,0.0,0.0,0.106,0.01,0.0,0.0,27.34,26.61,0.0,0.0,0,0,0,0.0,,0,inactiu
15.95,07/07/2026 05:30,78.2,0.0,1,baix,0,0.0,baix,baix,0.0,0.0,0.0,420.0,8.0,0.0,0.0,0.0,0.106,0.01,0.0,0.0,27.34,26.61,0.0,0.0,0,0,0,0.0,,0,inactiu
21.15,07/07/2026 06:00,76.35,0.0,1,baix,0,0.0,baix,baix,0.5,0.0,0.0,420.0,8.0,0.0,0.0,0.0,0.106,0.01,0.0,0.0,27.46,26.62,0.0,0.0,0,0,0,0.0,,0,inactiu
22.3,07/07/2026 06:30,81.85,0.0,1,baix,0,0.0,baix,baix,1.0,0.0,0.0,420.0,8.0,0.0,0.0,0.0,0.106,0.01,0.0,0.0,27.61,26.63,0.0,0.0,0,0,0,0.0,,0,inactiu
22.85,07/07/2026 07:00,84.55,0.0,1,baix,0,0.0,baix,baix,1.5,0.0,0.0,420.0,8.0,10.0,2.0,0.05,0.106,0.01,0.0,0.0,27.74,26.64,0.0,0.0,0,0,0,0.0,,0,inactiu
24.1,07/07/2026 07:30,84.75,0.0,1,baix,0,0.0,baix,baix,2.0,0.0,0.0,420.0,8.0,10.0,2.0,0.05,0.106,0.01,0.0,0.0,27.83,26.64,0.0,0.0,0,0,0,0.0,,0,inactiu
25.9,07/07/2026 08:00,80.4,0.0,1,baix,0,0.0,baix,baix,2.5,0.0,0.0,420.0,8.0,115.0,61.0,0.6,0.106,0.07,0.0,0.0,27.89,26.65,0.0,0.0,0,0,0,0.0,,0,inactiu
27.25,07/07/2026 08:30,74.3,0.0,1,baix,0,0.0,baix,baix,3.0,0.0,0.0,420.0,8.0,115.0,61.0,0.6,0.106,0.07,0.0,0.0,27.92,26.65,0.0,0.0,0,0,0,0.0,,0,inactiu
28.55,07/07/2026 09:00,65.65,0.0,1,baix,0,0.0,baix,baix,3.5,0.0,0.0,420.0,8.0,292.0,206.0,1.7,0.106,0.19,0.0,0.0,27.91,26.65,0.0,0.0,0,0,0,0.0,,0,inactiu
29.9,07/07/2026 09:30,57.2,0.0,1,baix,0,0.0,baix,baix,0.0,0.0,0.0,420.0,8.0,292.0,206.0,1.7,0.106,0.19,0.0,0.0,27.89,26.65,0.0,0.0,0,0,0,0.0,,0,inactiu
31.4,07/07/2026 10:00,49.35,0.0,1,baix,0,0.0,baix,baix,0.0,0.0,0.0,420.0,8.0,485.0,379.0,3.25,0.106,0.37,0.0,0.0,27.86,26.65,0.0,0.0,0,0,0,0.0,,0,inactiu
32.6,07/07/2026 10:30,42.55,0.0,1,baix,0,0.0,baix,baix,0.0,0.0,0.0,420.0,8.0,485.0,379.0,3.25,0.106,0.37,0.0,0.0,27.83,26.65,0.0,0.0,0,0,0,0.0,,0,inactiu
33.8,07/07/2026 11:00,35.8,0.0,1,baix,0,0.0,baix,baix,0.0,0.0,0.0,420.0,8.0,664.0,548.0,4.9,0.106,0.53,0.0,0.0,27.81,26.65,0.0,0.0,0,0,0,0.0,,0,inactiu
35.9,07/07/2026 11:30,25.2,0.0,1,baix,0,0.0,baix,baix,0.0,0.0,0.0,420.0,8.0,664.0,548.0,4.9,0.106,0.53,0.0,0.0,27.82,26.66,0.0,0.0,0,0,0,0.0,,0,inactiu
36.400000000000006,07/07/2026 12:00,24.1,0.0,1,baix,0,0.0,baix,baix,0.0,0.0,0.0,420.0,8.0,811.0,688.0,6.4,0.106,0.66,0.0,0.0,27.84,26.66,0.0,0.0,0,0,0,0.0,,0,inactiu
37.3,07/07/2026 12:30,22.5,0.0,1,baix,0,0.0,baix,baix,0.0,0.0,0.0,420.0,8.0,811.0,688.0,6.4,0.106,0.66,0.0,0.0,27.87,26.67,0.0,0.0,0,0,0,0.0,,0,inactiu
37.65,07/07/2026 13:00,23.4,0.0,1,baix,0,0.0,baix,baix,0.0,0.0,0.0,420.0,8.0,913.0,786.0,7.45,0.106,0.77,0.0,0.0,27.9,26.68,0.0,0.0,0,0,0,0.0,,0,inactiu
37.05,07/07/2026 13:30,26.1,0.0,1,baix,0,0.0,baix,baix,0.0,0.0,0.0,420.0,8.0,913.0,786.0,7.45,0.106,0.77,0.0,0.0,27.91,26.68,0.0,0.0,0,0,0,0.0,,0,inactiu
36.65,07/07/2026 14:00,27.6,0.0,1,baix,0,0.0,baix,baix,0.0,0.0,0.0,420.0,8.0,961.0,833.0,8.0,0.106,0.83,0.0,0.0,27.91,26.69,0.0,0.0,0,0,0,0.0,,0,inactiu
37.2,07/07/2026 14:30,26.5,0.0,1,baix,0,0.0,baix,baix,0.0,0.0,0.0,420.0,8.0,961.0,833.0,8.0,0.106,0.83,0.0,0.0,27.91,26.7,0.0,0.0,0,0,0,0.0,,0,inactiu
37.05,07/07/2026 15:00,26.0,0.0,1,baix,0,0.0,baix,baix,0.0,0.0,0.0,420.0,8.0,956.0,828.0,7.9,0.106,0.84,0.0,0.0,27.91,26.7,0.0,0.0,0,0,0,0.0,,0,inactiu
37.05,07/07/2026 15:30,24.9,0.0,1,baix,0,0.0,baix,baix,0.0,0.0,0.0,420.0,8.0,956.0,828.0,7.9,0.106,0.84,0.0,0.0,27.92,26.71,0.0,0.0,0,0,0,0.0,,0,inactiu
36.95,07/07/2026 16:00,25.3,0.0,1,baix,0,0.0,baix,baix,0.0,0.0,0.0,420.0,8.0,896.0,771.0,7.2,0.106,0.8,0.0,0.0,27.93,26.72,0.0,0.0,0,0,0,0.0,,0,inactiu
36.85,07/07/2026 16:30,25.9,0.0,1,baix,0,0.0,baix,baix,0.0,0.0,0.0,420.0,8.0,896.0,771.0,7.2,0.106,0.8,0.0,0.0,27.95,26.72,0.0,0.0,0,0,0,0.0,,0,inactiu
36.35,07/07/2026 17:00,27.0,0.0,1,baix,0,0.0,baix,baix,0.0,0.0,0.0,420.0,8.0,781.0,661.0,6.0,0.106,0.69,0.0,0.0,27.96,26.72,0.0,0.0,0,0,0,0.0,,0,inactiu
35.8,07/07/2026 17:30,27.700000000000003,0.0,1,baix,0,0.0,baix,baix,0.0,0.0,0.0,420.0,8.0,781.0,661.0,6.0,0.106,0.69,0.0,0.0,27.98,26.73,0.0,0.0,0,0,0,0.0,,0,inactiu
35.2,07/07/2026 18:00,28.75,0.0,1,baix,0,0.0,baix,baix,0.0,0.0,0.0,420.0,8.0,623.0,512.0,4.5,0.106,0.56,0.0,0.0,28.0,26.73,0.0,0.0,0,0,0,0.0,,0,inactiu
34.6,07/07/2026 18:30,30.3,0.0,1,baix,0,0.0,baix,baix,0.0,0.0,0.0,420.0,8.0,623.0,512.0,4.5,0.106,0.56,0.0,0.0,28.02,26.74,0.0,0.0,0,0,0,0.0,,0,inactiu
33.95,07/07/2026 19:00,31.4,0.0,1,baix,0,0.0,baix,baix,0.0,0.0,0.0,420.0,8.0,438.0,340.0,2.85,0.106,0.4,0.0,0.0,28.04,26.74,0.0,0.0,0,0,0,0.0,,0,inactiu
33.4,07/07/2026 19:30,31.200000000000003,0.0,1,baix,0,0.0,baix,baix,0.0,0.0,0.0,420.0,8.0,438.0,340.0,2.85,0.106,0.4,0.0,0.0,28.06,26.74,0.0,0.0,0,0,0,0.0,,0,inactiu
32.8,07/07/2026 20:00,32.150000000000006,0.0,1,baix,0,0.0,baix,baix,0.0,0.0,0.0,420.0,8.0,244.0,167.0,1.35,0.106,0.24,0.0,0.0,28.09,26.75,0.0,0.0,0,0,0,0.0,,0,inactiu
31.55,07/07/2026 20:30,35.4,0.0,1,baix,0,0.0,baix,baix,0.0,0.0,0.0,420.0,8.0,244.0,167.0,1.35,0.106,0.24,0.0,0.0,28.11,26.75,0.0,0.0,0,0,0,0.0,,0,inactiu
29.75,07/07/2026 21:00,40.150000000000006,0.0,1,baix,0,0.0,baix,baix,0.0,0.0,0.0,420.0,8.0,74.0,34.0,0.35,0.106,0.09,0.0,0.0,28.12,26.75,0.0,0.0,0,0,0,0.0,,0,inactiu
27.8,07/07/2026 21:30,46.400000000000006,0.0,1,baix,0,0.0,baix,baix,0.5,0.0,0.0,420.0,8.0,74.0,34.0,0.35,0.106,0.09,0.0,0.0,28.11,26.75,0.0,0.0,0,0,0,0.0,,0,inactiu
26.45,07/07/2026 22:00,52.55,0.0,1,baix,0,0.0,baix,baix,1.0,0.0,0.0,420.0,8.0,1.0,0.0,0.0,0.106,0.02,0.0,0.0,28.11,26.75,0.0,0.0,0,0,0,0.0,,0,inactiu
25.4,07/07/2026 22:30,57.35,0.0,1,baix,0,0.0,baix,baix,1.5,0.0,0.0,420.0,8.0,1.0,0.0,0.0,0.106,0.02,0.0,0.0,28.11,26.75,0.0,0.0,0,0,0,0.0,,0,inactiu
24.8,07/07/2026 23:00,61.75,0.0,1,baix,0,0.0,baix,baix,2.0,0.0,0.0,420.0,8.0,0.0,0.0,0.0,0.106,0.0,0.0,0.0,28.13,26.75,0.0,0.0,0,0,0,0.0,,0,inactiu
23.8,07/07/2026 23:30,64.05000000000001,0.0,1,baix,0,0.0,baix,baix,2.5,0.0,0.0,420.0,8.0,0.0,0.0,0.0,0.106,0.0,0.0,0.0,28.18,26.75,0.0,0.0,0,0,0,0.0,,0,inactiu
22.0,08/07/2026 00:00,64.55,0.0,1,baix,0,0.0,baix,baix,3.0,0.0,0.0,300.0,8.0,0.0,0.0,0.0,0.106,0.0,0.0,0.0,28.21,26.74,0.0,0.0,0,0,0,0.0,,0,inactiu
19.6,08/07/2026 00:30,67.55,0.0,1,baix,0,0.0,baix,baix,0.0,0.0,0.0,300.0,8.0,0.0,0.0,0.0,0.106,0.0,0.0,0.0,28.21,26.73,0.0,0.0,0,0,0,0.0,,0,inactiu
18.35,08/07/2026 01:00,68.5,0.0,1,baix,0,0.0,baix,baix,0.0,0.0,0.0,300.0,8.0,0.0,0.0,0.0,0.106,0.0,0.0,0.0,28.2,26.72,0.0,0.0,0,0,0,0.0,,0,inactiu
21.1,08/07/2026 01:30,65.75,0.0,1,baix,0,0.0,baix,baix,0.5,0.0,0.0,300.0,8.0,0.0,0.0,0.0,0.106,0.0,0.0,0.0,28.23,26.71,0.0,0.0,0,0,0,0.0,,0,inactiu
18.65,08/07/2026 02:00,66.85,0.0,1,baix,0,0.0,baix,baix,0.0,0.0,0.0,300.0,8.0,0.0,0.0,0.0,0.106,0.01,0.0,0.0,28.23,26.71,0.0,0.0,0,0,0,0.0,,0,inactiu
17.299999999999997,08/07/2026 02:30,71.7,0.0,1,baix,0,0.0,baix,baix,0.0,0.0,0.0,300.0,8.0,0.0,0.0,0.0,0.106,0.01,0.0,0.0,28.22,26.7,0.0,0.0,0,0,0,0.0,,0,inactiu
17.35,08/07/2026 03:00,73.80000000000001,0.0,1,baix,0,0.0,baix,baix,0.0,0.0,0.0,300.0,8.0,0.0,0.0,0.0,0.106,0.01,0.0,0.0,28.22,26.69,0.0,0.0,0,0,0,0.0,,0,inactiu
16.6,08/07/2026 03:30,73.69999999999999,0.0,1,baix,0,0.0,baix,baix,0.0,0.0,0.0,300.0,8.0,0.0,0.0,0.0,0.106,0.01,0.0,0.0,28.21,26.68,0.0,0.0,0,0,0,0.0,,0,inactiu
16.0,08/07/2026 04:00,71.7,0.0,1,baix,0,0.0,baix,baix,0.0,0.0,0.0,300.0,8.0,0.0,0.0,0.0,0.106,0.0,0.0,0.0,28.19,26.67,0.0,0.0,0,0,0,0.0,,0,inactiu
15.7,08/07/2026 04:30,74.44999999999999,0.0,1,baix,0,0.0,baix,baix,0.0,0.0,0.0,300.0,8.0,0.0,0.0,0.0,0.106,0.0,0.0,0.0,28.17,26.66,0.0,0.0,0,0,0,0.0,,0,inactiu
15.6,08/07/2026 05:00,75.65,0.0,1,baix,0,0.0,baix,baix,0.0,0.0,0.0,300.0,8.0,0.0,0.0,0.0,0.106,0.0,0.0,0.0,28.16,26.64,0.0,0.0,0,0,0,0.0,,0,inactiu
15.15,08/07/2026 05:30,75.6,0.0,1,baix,0,0.0,baix,baix,0.0,0.0,0.0,300.0,8.0,0.0,0.0,0.0,0.106,0.0,0.0,0.0,28.14,26.63,0.0,0.0,0,0,0,0.0,,0,inactiu
15.2,08/07/2026 06:00,76.6,0.0,1,baix,0,0.0,baix,baix,0.0,0.0,0.0,300.0,8.0,0.0,0.0,0.0,0.106,0.0,0.0,0.0,28.02,26.61,0.0,0.0,0,0,0,0.0,,0,inactiu
14.95,08/07/2026 06:30,76.55000000000001,0.0,1,baix,0,0.0,baix,baix,0.0,0.0,0.0,300.0,8.0,0.0,0.0,0.0,0.106,0.0,0.0,0.0,27.87,26.59,0.0,0.0,0,0,0,0.0,,0,inactiu
18.1,08/07/2026 07:00,70.75,0.0,1,baix,0,0.0,baix,baix,0.0,0.0,0.0,300.0,8.0,10.0,2.0,0.05,0.106,0.0,0.0,0.0,27.77,26.58,0.0,0.0,0,0,0,0.0,,0,inactiu
20.75,08/07/2026 07:30,61.2,0.0,1,baix,0,0.0,baix,baix,0.0,0.0,0.0,300.0,8.0,10.0,2.0,0.05,0.106,0.0,0.0,0.0,27.7,26.58,0.0,0.0,0,0,0,0.0,,0,inactiu
22.450000000000003,08/07/2026 08:00,59.15,0.0,1,baix,0,0.0,baix,baix,0.5,0.0,0.0,300.0,8.0,114.0,59.0,0.55,0.106,0.07,0.0,0.0,27.63,26.58,0.0,0.0,0,0,0,0.0,,0,inactiu
26.15,08/07/2026 08:30,55.0,0.0,1,baix,0,0.0,baix,baix,1.0,0.0,0.0,300.0,8.0,114.0,59.0,0.55,0.106,0.07,0.0,0.0,27.6,26.58,0.0,0.0,0,0,0,0.0,,0,inactiu
29.0,08/07/2026 09:00,50.05,0.0,1,baix,0,0.0,baix,baix,1.5,0.0,0.0,300.0,8.0,294.0,205.0,1.7,0.106,0.19,0.0,0.0,27.61,26.59,0.0,0.0,0,0,0,0.0,,0,inactiu
30.6,08/07/2026 09:30,42.0,0.0,1,baix,0,0.0,baix,baix,0.0,0.0,0.0,300.0,8.0,294.0,205.0,1.7,0.106,0.19,0.0,0.0,27.63,26.59,0.0,0.0,0,0,0,0.0,,0,inactiu
32.15,08/07/2026 10:00,37.85,0.0,1,baix,0,0.0,baix,baix,0.0,0.0,0.0,300.0,8.0,488.0,378.0,3.25,0.106,0.36,0.0,0.0,27.64,26.6,0.0,0.0,0,0,0,0.0,,0,inactiu
33.35,08/07/2026 10:30,35.9,0.0,1,baix,0,0.0,baix,baix,0.0,0.0,0.0,300.0,8.0,488.0,378.0,3.25,0.106,0.36,0.0,0.0,27.66,26.6,0.0,0.0,0,0,0,0.0,,0,inactiu
34.599999999999994,08/07/2026 11:00,32.45,0.0,1,baix,0,0.0,baix,baix,0.0,0.0,0.0,300.0,8.0,667.0,546.0,4.9,0.106,0.53,0.0,0.0,27.67,26.6,0.0,0.0,0,0,0,0.0,,0,inactiu
35.3,08/07/2026 11:30,27.5,0.0,1,baix,0,0.0,baix,baix,0.0,0.0,0.0,300.0,8.0,667.0,546.0,4.9,0.106,0.53,0.0,0.0,27.66,26.6,0.0,0.0,0,0,0,0.0,,0,inactiu
39.9,08/07/2026 14:30,17.4,0.0,1,baix,0,0.0,baix,baix,0.0,0.0,0.0,300.0,8.0,938.0,781.0,7.95,0.106,0.81,0.0,0.0,26.64,26.63,0.0,0.0,0,0,0,0.0,,0,inactiu
40.2,08/07/2026 15:00,16.4,0.0,1,baix,0,0.0,baix,baix,0.0,0.0,0.0,300.0,8.0,946.0,806.0,7.9,0.106,0.84,0.0,0.0,26.71,26.66,0.0,0.0,0,0,0,0.0,,0,inactiu
40.3,08/07/2026 15:30,16.95,0.0,1,baix,0,0.0,baix,baix,0.0,0.0,0.0,300.0,8.0,946.0,806.0,7.9,0.106,0.84,0.0,0.0,26.79,26.69,0.0,0.0,0,0,0,0.0,,0,inactiu
40.25,08/07/2026 16:00,17.8,0.0,1,baix,0,0.0,baix,baix,0.0,0.0,0.0,300.0,8.0,886.0,758.0,7.2,0.106,0.79,0.0,0.0,26.86,26.72,0.0,0.0,0,0,0,0.0,,0,inactiu
37.5,08/07/2026 16:30,21.3,0.0,1,baix,0,0.0,baix,baix,0.0,0.0,0.0,300.0,8.0,886.0,758.0,7.2,0.106,0.79,0.0,0.0,26.88,26.74,0.0,0.0,0,0,0,0.0,,0,inactiu
37.3,08/07/2026 17:00,23.35,0.0,1,baix,0,0.0,baix,baix,0.0,0.0,0.0,300.0,8.0,769.0,649.0,6.0,0.106,0.71,0.0,0.0,26.9,26.75,0.0,0.0,0,0,0,0.0,,0,inactiu
37.15,08/07/2026 17:30,22.0,0.0,1,baix,0,0.0,baix,baix,0.0,0.0,0.0,300.0,8.0,769.0,649.0,6.0,0.106,0.71,0.0,0.0,26.93,26.76,0.0,0.0,0,0,0,0.0,,0,inactiu
37.05,08/07/2026 18:00,21.6,0.0,1,baix,0,0.0,baix,baix,0.0,0.0,0.0,300.0,8.0,613.0,503.0,4.45,0.106,0.57,0.0,0.0,26.98,26.77,0.0,0.0,0,0,0,0.0,,0,inactiu
36.65,08/07/2026 18:30,23.15,0.0,1,baix,0,0.0,baix,baix,0.0,0.0,0.0,300.0,8.0,613.0,503.0,4.45,0.106,0.57,0.0,0.0,27.02,26.77,0.0,0.0,0,0,0,0.0,,0,inactiu
35.8,08/07/2026 19:00,28.1,0.0,1,baix,0,0.0,baix,baix,0.0,0.0,0.0,300.0,8.0,428.0,332.0,2.8,0.106,0.42,0.0,0.0,27.07,26.78,0.0,0.0,0,0,0,0.0,,0,inactiu
34.65,08/07/2026 19:30,33.75,0.0,1,baix,0,0.0,baix,baix,0.0,0.0,0.0,300.0,8.0,428.0,332.0,2.8,0.106,0.42,0.0,0.0,27.1,26.79,0.0,0.0,0,0,0,0.0,,0,inactiu
33.75,08/07/2026 20:00,38.25,0.0,1,baix,0,0.0,baix,baix,0.0,0.0,0.0,300.0,8.0,238.0,162.0,1.35,0.106,0.24,0.0,0.0,27.12,26.8,0.0,0.0,0,0,0,0.0,,0,inactiu
32.25,08/07/2026 20:30,46.05,0.0,1,baix,0,0.0,baix,baix,0.0,0.0,0.0,300.0,8.0,238.0,162.0,1.35,0.106,0.24,0.0,0.0,27.13,26.8,0.0,0.0,0,0,0,0.0,,0,inactiu
30.55,08/07/2026 21:00,53.2,0.0,1,baix,0,0.0,baix,baix,0.0,0.0,0.0,300.0,8.0,73.0,33.0,0.35,0.106,0.08,0.0,0.0,27.15,26.81,0.0,0.0,0,0,0,0.0,,0,inactiu
28.8,08/07/2026 21:30,61.6,0.0,1,baix,0,0.0,baix,baix,0.5,0.0,0.0,300.0,8.0,73.0,33.0,0.35,0.106,0.08,0.0,0.0,27.18,26.81,0.0,0.0,0,0,0,0.0,,0,inactiu
27.6,08/07/2026 22:00,69.30000000000001,0.0,1,baix,0,0.0,baix,baix,1.0,0.0,0.0,300.0,8.0,1.0,0.0,0.0,0.106,0.02,0.0,0.0,27.2,26.81,0.0,0.0,0,0,0,0.0,,0,inactiu
26.8,08/07/2026 22:30,74.2,0.0,1,baix,0,0.0,baix,baix,1.5,0.0,0.0,300.0,8.0,1.0,0.0,0.0,0.106,0.02,0.0,0.0,27.23,26.81,0.0,0.0,0,0,0,0.0,,0,inactiu
25.4,08/07/2026 23:00,75.5,0.0,1,baix,0,0.0,baix,baix,2.0,0.0,0.0,300.0,8.0,0.0,0.0,0.0,0.106,0.0,0.0,0.0,27.25,26.81,0.0,0.0,0,0,0,0.0,,0,inactiu
24.05,08/07/2026 23:30,79.05,0.0,1,baix,0,0.0,baix,baix,2.5,0.0,0.0,300.0,8.0,0.0,0.0,0.0,0.106,0.0,0.0,0.0,27.25,26.81,0.0,0.0,0,0,0,0.0,,0,inactiu
22.5,09/07/2026 00:00,77.8,0.0,1,baix,0,0.0,baix,baix,3.0,0.0,0.0,480.0,8.0,0.0,0.0,0.0,0.106,0.0,0.0,0.0,27.27,26.8,0.0,0.0,0,0,0,0.0,,0,inactiu
21.25,09/07/2026 00:30,77.55,0.0,1,baix,0,0.0,baix,baix,3.5,0.0,0.0,480.0,8.0,0.0,0.0,0.0,0.106,0.0,0.0,0.0,27.3,26.8,0.0,0.0,0,0,0,0.0,,0,inactiu
20.6,09/07/2026 01:00,79.0,0.0,1,baix,0,0.0,baix,baix,0.0,0.0,0.0,480.0,8.0,0.0,0.0,0.0,0.106,0.0,0.0,0.0,27.36,26.79,0.0,0.0,0,0,0,0.0,,0,inactiu
20.05,09/07/2026 01:30,81.1,0.0,1,baix,0,0.0,baix,baix,0.0,0.0,0.0,480.0,8.0,0.0,0.0,0.0,0.106,0.0,0.0,0.0,27.33,26.78,0.0,0.0,0,0,0,0.0,,0,inactiu
19.15,09/07/2026 02:00,80.5,0.0,1,baix,0,0.0,baix,baix,0.0,0.0,0.0,480.0,8.0,0.0,0.0,0.0,0.106,0.0,0.0,0.0,27.34,26.77,0.0,0.0,0,0,0,0.0,,0,inactiu
18.2,09/07/2026 02:30,80.25,0.0,1,baix,0,0.0,baix,baix,0.0,0.0,0.0,480.0,8.0,0.0,0.0,0.0,0.106,0.0,0.0,0.0,27.37,26.76,0.0,0.0,0,0,0,0.0,,0,inactiu
17.700000000000003,09/07/2026 03:00,80.9,0.0,1,baix,0,0.0,baix,baix,0.0,0.0,0.0,480.0,8.0,0.0,0.0,0.0,0.106,0.0,0.0,0.0,27.37,26.75,0.0,0.0,0,0,0,0.0,,0,inactiu
17.0,09/07/2026 03:30,80.35,0.0,1,baix,0,0.0,baix,baix,0.0,0.0,0.0,480.0,8.0,0.0,0.0,0.0,0.106,0.0,0.0,0.0,27.38,26.74,0.0,0.0,0,0,0,0.0,,0,inactiu
16.85,09/07/2026 04:00,83.2,0.0,1,baix,0,0.0,baix,baix,0.0,0.0,0.0,480.0,8.0,0.0,0.0,0.0,0.106,0.0,0.0,0.0,27.4,26.73,0.0,0.0,0,0,0,0.0,,0,inactiu
16.6,09/07/2026 04:30,84.0,0.0,1,baix,0,0.0,baix,baix,0.0,0.0,0.0,480.0,8.0,0.0,0.0,0.0,0.106,0.0,0.0,0.0,27.42,26.73,0.0,0.0,0,0,0,0.0,,0,inactiu
16.25,09/07/2026 05:00,83.15,0.0,1,baix,0,0.0,baix,baix,0.0,0.0,0.0,480.0,8.0,0.0,0.0,0.0,0.106,0.0,0.0,0.0,27.44,26.72,0.0,0.0,0,0,0,0.0,,0,inactiu
15.45,09/07/2026 05:30,82.69999999999999,0.0,1,baix,0,0.0,baix,baix,0.0,0.0,0.0,480.0,8.0,0.0,0.0,0.0,0.106,0.0,0.0,0.0,27.45,26.71,0.0,0.0,0,0,0,0.0,,0,inactiu
15.25,09/07/2026 06:00,83.2,0.0,1,baix,0,0.0,baix,baix,0.0,0.0,0.0,480.0,8.0,0.0,0.0,0.0,0.106,0.0,0.0,0.0,27.45,26.7,0.0,0.0,0,0,0,0.0,,0,inactiu
15.2,09/07/2026 06:30,83.75,0.0,1,baix,0,0.0,baix,baix,0.0,0.0,0.0,480.0,8.0,0.0,0.0,0.0,0.106,0.0,0.0,0.0,27.45,26.69,0.0,0.0,0,0,0,0.0,,0,inactiu
15.8,09/07/2026 07:00,80.9,0.0,1,baix,0,0.0,baix,baix,0.0,0.0,0.0,480.0,8.0,9.0,2.0,0.05,0.106,0.0,0.0,0.0,27.4,26.68,0.0,0.0,0,0,0,0.0,,0,inactiu
19.3,09/07/2026 07:30,72.9,0.0,1,baix,0,0.0,baix,baix,0.0,0.0,0.0,480.0,8.0,9.0,2.0,0.05,0.106,0.0,0.0,0.0,27.37,26.67,0.0,0.0,0,0,0,0.0,,0,inactiu
22.1,09/07/2026 08:00,67.05,0.0,1,baix,0,0.0,baix,baix,0.5,0.0,0.0,480.0,8.0,113.0,60.0,0.55,0.106,0.06,0.0,0.0,27.36,26.67,0.0,0.0,0,0,0,0.0,,0,inactiu
25.4,09/07/2026 08:30,68.9,0.0,1,baix,0,0.0,baix,baix,1.0,0.0,0.0,480.0,8.0,113.0,60.0,0.55,0.106,0.06,0.0,0.0,27.34,26.66,0.0,0.0,0,0,0,0.0,,0,inactiu
28.05,09/07/2026 09:00,61.8,0.0,1,baix,0,0.0,baix,baix,1.5,0.0,0.0,480.0,8.0,291.0,205.0,1.7,0.106,0.18,0.0,0.0,27.32,26.66,0.0,0.0,0,0,0,0.0,,0,inactiu
30.75,09/07/2026 09:30,48.8,0.0,1,baix,0,0.0,baix,baix,0.0,0.0,0.0,480.0,8.0,291.0,205.0,1.7,0.106,0.18,0.0,0.0,27.32,26.66,0.0,0.0,0,0,0,0.0,,0,inactiu
33.05,09/07/2026 10:00,33.25,0.0,1,baix,0,0.0,baix,baix,0.0,0.0,0.0,480.0,8.0,482.0,376.0,3.2,0.106,0.34,0.0,0.0,27.34,26.67,0.0,0.0,0,0,0,0.0,,0,inactiu
34.45,09/07/2026 10:30,26.6,0.0,1,baix,0,0.0,baix,baix,0.0,0.0,0.0,480.0,8.0,482.0,376.0,3.2,0.106,0.34,0.0,0.0,27.37,26.67,0.0,0.0,0,0,0,0.0,,0,inactiu
36.150000000000006,09/07/2026 11:00,23.1,0.0,1,baix,0,0.0,baix,baix,0.0,0.0,0.0,480.0,8.0,661.0,544.0,4.85,0.106,0.49,0.0,0.0,27.4,26.68,0.0,0.0,0,0,0,0.0,,0,inactiu
37.400000000000006,09/07/2026 11:30,21.0,0.0,1,baix,0,0.0,baix,baix,0.0,0.0,0.0,480.0,8.0,661.0,544.0,4.85,0.106,0.49,0.0,0.0,27.45,26.7,0.0,0.0,0,0,0,0.0,,0,inactiu
38.15,09/07/2026 12:00,21.0,0.0,1,baix,0,0.0,baix,baix,0.0,0.0,0.0,480.0,8.0,809.0,687.0,6.35,0.106,0.63,0.0,0.0,27.7,26.71,0.0,0.0,0,0,0,0.0,,0,inactiu
37.9,09/07/2026 12:30,28.4,0.0,1,baix,0,0.0,baix,baix,0.0,0.0,0.0,480.0,8.0,809.0,687.0,6.35,0.106,0.63,0.0,0.0,27.92,26.72,0.0,0.0,0,0,0,0.0,,0,inactiu
38.1,09/07/2026 13:00,30.8,0.0,1,baix,0,0.0,baix,baix,0.0,0.0,0.0,480.0,8.0,911.0,789.0,7.4,0.106,0.75,0.0,0.0,28.14,26.72,0.0,0.0,0,0,0,0.0,,0,inactiu
35.45,09/07/2026 13:30,34.45,0.0,1,baix,0,0.0,baix,baix,0.0,0.0,0.0,480.0,8.0,911.0,789.0,7.4,0.106,0.75,0.0,0.0,28.3,26.73,0.0,0.0,0,0,0,0.0,,0,inactiu
35.7,09/07/2026 14:00,30.15,0.0,1,baix,0,0.0,baix,baix,0.0,0.0,0.0,480.0,8.0,956.0,835.0,7.95,0.106,0.84,0.0,0.0,28.45,26.73,0.0,0.0,0,0,0,0.0,,0,inactiu
35.9,09/07/2026 14:30,26.45,0.0,1,baix,0,0.0,baix,baix,0.0,0.0,0.0,480.0,8.0,956.0,835.0,7.95,0.106,0.84,0.0,0.0,28.37,26.73,0.0,0.0,0,0,0,0.0,,0,inactiu
36.15,09/07/2026 15:00,22.35,0.0,1,baix,0,0.0,baix,baix,0.0,0.0,0.0,480.0,8.0,954.0,834.0,7.9,0.106,0.85,0.0,0.0,28.29,26.73,0.0,0.0,0,0,0,0.0,,0,inactiu
40.3,09/07/2026 15:30,16.95,0.0,1,baix,0,0.0,baix,baix,0.0,0.0,0.0,480.0,8.0,954.0,834.0,7.9,0.106,0.85,0.0,0.0,28.29,26.75,0.0,0.0,0,0,0,0.0,,0,inactiu
40.25,09/07/2026 16:00,17.8,0.0,1,baix,0,0.0,baix,baix,0.0,0.0,0.0,480.0,8.0,894.0,777.0,7.2,0.106,0.84,0.0,0.0,28.29,26.76,0.0,0.0,0,0,0,0.0,,0,inactiu
40.0,09/07/2026 16:30,17.65,0.0,1,baix,0,0.0,baix,baix,0.0,0.0,0.0,480.0,8.0,894.0,777.0,7.2,0.106,0.84,0.0,0.0,28.34,26.77,0.0,0.0,0,0,0,0.0,,0,inactiu
39.8,09/07/2026 17:00,17.799999999999997,0.0,1,baix,0,0.0,baix,baix,0.0,0.0,0.0,480.0,8.0,782.0,672.0,6.0,0.106,0.72,0.0,0.0,28.39,26.78,0.0,0.0,0,0,0,0.0,,0,inactiu
39.2,09/07/2026 17:30,19.3,0.0,1,baix,0,0.0,baix,baix,0.0,0.0,0.0,480.0,8.0,782.0,672.0,6.0,0.106,0.72,0.0,0.0,28.43,26.79,0.0,0.0,0,0,0,0.0,,0,inactiu
38.85,09/07/2026 18:00,20.55,0.0,1,baix,0,0.0,baix,baix,0.0,0.0,0.0,480.0,8.0,624.0,521.0,4.4,0.105,0.58,0.0,0.0,28.47,26.81,0.0,0.0,0,0,0,0.0,,0,inactiu
36.0,09/07/2026 18:30,36.2,0.0,1,baix,0,0.0,baix,baix,0.0,0.0,0.0,480.0,8.0,624.0,521.0,4.4,0.105,0.58,0.0,0.0,28.46,26.81,0.0,0.0,0,0,0,0.0,,0,inactiu
34.45,09/07/2026 19:00,41.650000000000006,0.0,1,baix,0,0.0,baix,baix,0.0,0.0,0.0,480.0,8.0,409.0,276.0,2.65,0.105,0.39,0.0,0.0,28.43,26.82,0.0,0.0,0,0,0,0.0,,0,inactiu
33.65,09/07/2026 19:30,47.45,0.0,1,baix,0,0.0,baix,baix,0.0,0.0,0.0,480.0,8.0,409.0,276.0,2.65,0.105,0.39,0.0,0.0,28.41,26.82,0.0,0.0,0,0,0,0.0,,0,inactiu
31.85,09/07/2026 20:00,56.3,0.0,1,baix,0,0.0,baix,baix,0.0,0.0,0.0,480.0,8.0,197.0,71.0,1.25,0.105,0.2,0.0,0.0,28.37,26.83,0.0,0.0,0,0,0,0.0,,0,inactiu
30.450000000000003,09/07/2026 20:30,60.75,0.0,1,baix,0,0.0,baix,baix,0.0,0.0,0.0,480.0,8.0,197.0,71.0,1.25,0.105,0.2,0.0,0.0,28.33,26.83,0.0,0.0,0,0,0,0.0,,0,inactiu
29.35,09/07/2026 21:00,63.35,0.0,1,baix,0,0.0,baix,baix,0.5,0.0,0.0,480.0,8.0,57.0,6.0,0.35,0.105,0.07,0.0,0.0,28.31,26.83,0.0,0.0,0,0,0,0.0,,0,inactiu
28.55,09/07/2026 21:30,65.4,0.0,1,baix,0,0.0,baix,baix,1.0,0.0,0.0,480.0,8.0,57.0,6.0,0.35,0.105,0.07,0.0,0.0,28.3,26.83,0.0,0.0,0,0,0,0.0,,0,inactiu
27.950000000000003,09/07/2026 22:00,69.15,0.0,1,baix,0,0.0,baix,baix,1.5,0.0,0.0,480.0,8.0,1.0,0.0,0.0,0.105,0.02,0.0,0.0,28.31,26.84,0.0,0.0,0,0,0,0.0,,0,inactiu
27.35,09/07/2026 22:30,71.5,0.0,1,baix,0,0.0,baix,baix,2.0,0.0,0.0,480.0,8.0,1.0,0.0,0.0,0.105,0.02,0.0,0.0,28.32,26.84,0.0,0.0,0,0,0,0.0,,0,inactiu
25.95,09/07/2026 23:00,74.25,0.0,1,baix,0,0.0,baix,baix,2.5,0.0,0.0,480.0,8.0,0.0,0.0,0.0,0.105,0.0,0.0,0.0,28.33,26.85,0.0,0.0,0,0,0,0.0,,0,inactiu
24.95,09/07/2026 23:30,78.95,0.0,1,baix,0,0.0,baix,baix,3.0,0.0,0.0,480.0,8.0,0.0,0.0,0.0,0.105,0.0,0.0,0.0,28.35,26.85,0.0,0.0,0,0,0,0.0,,0,inactiu
22.95,10/07/2026 00:00,77.55000000000001,0.0,1,baix,0,0.0,baix,baix,3.5,0.0,0.0,330.0,7.6,0.0,0.0,0.0,0.105,0.0,0.0,0.0,28.36,26.85,0.0,0.0,0,0,0,0.0,,0,inactiu
22.3,10/07/2026 00:30,81.5,0.0,1,baix,0,0.0,baix,baix,4.0,0.0,0.0,330.0,7.6,0.0,0.0,0.0,0.105,0.0,0.0,0.0,28.38,26.85,0.0,0.0,0,0,0,0.0,,0,inactiu
21.45,10/07/2026 01:00,81.65,0.0,1,baix,0,0.0,baix,baix,4.5,0.0,0.0,330.0,7.6,0.0,0.0,0.0,0.105,0.0,0.0,0.0,28.4,26.85,0.0,0.0,0,0,0,0.0,,0,inactiu
20.950000000000003,10/07/2026 01:30,82.8,0.0,1,baix,0,0.0,baix,baix,0.0,0.0,0.0,330.0,7.6,0.0,0.0,0.0,0.105,0.0,0.0,0.0,28.42,26.84,0.0,0.0,0,0,0,0.0,,0,inactiu
19.8,10/07/2026 02:00,82.05,0.0,1,baix,0,0.0,baix,baix,0.0,0.0,0.0,330.0,7.6,0.0,0.0,0.0,0.105,0.0,0.0,0.0,28.43,26.84,0.0,0.0,0,0,0,0.0,,0,inactiu
19.3,10/07/2026 02:30,82.44999999999999,0.0,1,baix,0,0.0,baix,baix,0.0,0.0,0.0,330.0,7.6,0.0,0.0,0.0,0.105,0.0,0.0,0.0,28.45,26.84,0.0,0.0,0,0,0,0.0,,0,inactiu
18.5,10/07/2026 03:00,82.0,0.0,1,baix,0,0.0,baix,baix,0.0,0.0,0.0,330.0,7.6,0.0,0.0,0.0,0.105,0.0,0.0,0.0,28.47,26.83,0.0,0.0,0,0,0,0.0,,0,inactiu
18.15,10/07/2026 03:30,82.8,0.0,1,baix,0,0.0,baix,baix,0.0,0.0,0.0,330.0,7.6,0.0,0.0,0.0,0.105,0.0,0.0,0.0,28.49,26.83,0.0,0.0,0,0,0,0.0,,0,inactiu
18.7,10/07/2026 04:00,85.65,0.0,1,baix,0,0.0,baix,baix,0.0,0.0,0.0,330.0,7.6,0.0,0.0,0.0,0.105,0.0,0.0,0.0,28.53,26.83,0.0,0.0,0,0,0,0.0,,0,inactiu
19.3,10/07/2026 04:30,81.1,0.0,1,baix,0,0.0,baix,baix,0.0,0.0,0.0,330.0,7.6,0.0,0.0,0.0,0.105,0.0,0.0,0.0,28.59,26.82,0.0,0.0,0,0,0,0.0,,0,inactiu
17.05,10/07/2026 05:00,82.5,0.0,1,baix,0,0.0,baix,baix,0.0,0.0,0.0,330.0,7.6,0.0,0.0,0.0,0.105,0.0,0.0,0.0,28.61,26.82,0.0,0.0,0,0,0,0.0,,0,inactiu
16.7,10/07/2026 05:30,84.25,0.0,1,baix,0,0.0,baix,baix,0.0,0.0,0.0,330.0,7.6,0.0,0.0,0.0,0.105,0.0,0.0,0.0,28.63,26.81,0.0,0.0,0,0,0,0.0,,0,inactiu
16.55,10/07/2026 06:00,85.69999999999999,0.0,1,baix,0,0.0,baix,baix,0.0,0.0,0.0,330.0,7.6,0.0,0.0,0.0,0.105,0.0,0.0,0.0,28.66,26.8,0.0,0.0,0,0,0,0.0,,0,inactiu
16.9,10/07/2026 06:30,87.7,0.0,1,baix,0,0.0,baix,baix,0.0,0.0,0.0,330.0,7.6,0.0,0.0,0.0,0.105,0.0,0.0,0.0,28.69,26.8,0.0,0.0,0,0,0,0.0,,0,inactiu
17.3,10/07/2026 07:00,85.19999999999999,0.0,1,baix,0,0.0,baix,baix,0.0,0.0,0.0,330.0,7.6,7.0,0.0,0.05,0.105,0.0,0.0,0.0,28.72,26.79,0.0,0.0,0,0,0,0.0,,0,inactiu
19.05,10/07/2026 07:30,83.85,0.0,1,baix,0,0.0,baix,baix,0.0,0.0,0.0,330.0,7.6,7.0,0.0,0.05,0.105,0.0,0.0,0.0,28.72,26.79,0.0,0.0,0,0,0,0.0,,0,inactiu
21.05,10/07/2026 08:00,76.55000000000001,0.0,1,baix,0,0.0,baix,baix,0.0,0.0,0.0,330.0,7.6,75.0,3.0,0.5,0.105,0.05,0.0,0.0,28.7,26.78,0.0,0.0,0,0,0,0.0,,0,inactiu
25.75,10/07/2026 08:30,61.95,0.0,1,baix,0,0.0,baix,baix,0.5,0.0,0.0,330.0,7.6,75.0,3.0,0.5,0.105,0.05,0.0,0.0,28.71,26.77,0.0,0.0,0,0,0,0.0,,0,inactiu
29.05,10/07/2026 09:00,45.2,0.0,1,baix,0,0.0,baix,baix,1.0,0.0,0.0,330.0,7.6,200.0,38.0,1.55,0.105,0.14,0.0,0.0,28.73,26.78,0.0,0.0,0,0,0,0.0,,0,inactiu
30.450000000000003,10/07/2026 09:30,44.55,0.0,1,baix,0,0.0,baix,baix,0.0,0.0,0.0,330.0,7.6,200.0,38.0,1.55,0.105,0.14,0.0,0.0,28.72,26.78,0.0,0.0,0,0,0,0.0,,0,inactiu
31.55,10/07/2026 10:00,42.65,0.0,1,baix,0,0.0,baix,baix,0.0,0.0,0.0,330.0,7.6,398.0,182.0,3.15,0.105,0.3,0.0,0.0,28.69,26.78,0.0,0.0,0,0,0,0.0,,0,inactiu
31.05,10/07/2026 10:30,55.55,0.0,1,baix,0,0.0,baix,baix,0.0,0.0,0.0,330.0,7.6,398.0,182.0,3.15,0.105,0.3,0.0,0.0,28.62,26.78,0.0,0.0,0,0,0,0.0,,0,inactiu
32.3,10/07/2026 11:00,43.65,0.0,1,baix,0,0.0,baix,baix,0.0,0.0,0.0,330.0,7.6,611.0,401.0,4.8,0.105,0.48,0.0,0.0,28.54,26.77,0.0,0.0,0,0,0,0.0,,0,inactiu
32.9,10/07/2026 11:30,42.75,0.0,1,baix,0,0.0,baix,baix,0.0,0.0,0.0,330.0,7.6,611.0,401.0,4.8,0.105,0.48,0.0,0.0,28.44,26.77,0.0,0.0,0,0,0,0.0,,0,inactiu
33.1,10/07/2026 12:00,39.0,0.0,1,baix,0,0.0,baix,baix,0.0,0.0,0.0,330.0,7.6,807.0,670.0,6.4,0.105,0.65,0.0,0.0,28.34,26.77,0.0,0.0,0,0,0,0.0,,0,inactiu
35.0,10/07/2026 12:30,40.3,0.0,1,baix,0,0.0,baix,baix,0.0,0.0,0.0,330.0,7.6,807.0,670.0,6.4,0.105,0.65,0.0,0.0,28.28,26.78,0.0,0.0,0,0,0,0.0,,0,inactiu
35.05,10/07/2026 13:00,36.25,0.0,1,baix,0,0.0,baix,baix,0.0,0.0,0.0,330.0,7.6,912.0,767.0,7.45,0.105,0.77,0.0,0.0,28.21,26.79,0.0,0.0,0,0,0,0.0,,0,inactiu
35.45,10/07/2026 13:30,34.45,0.0,1,baix,0,0.0,baix,baix,0.0,0.0,0.0,330.0,7.6,912.0,767.0,7.45,0.105,0.77,0.0,0.0,28.21,26.81,0.0,0.0,0,0,0,0.0,,0,inactiu
35.7,10/07/2026 14:00,30.15,0.0,1,baix,0,0.0,baix,baix,0.0,0.0,0.0,330.0,7.6,965.0,835.0,5.5,0.105,0.8,0.0,0.0,28.21,26.82,0.0,0.0,0,0,0,0.0,,0,inactiu
35.9,10/07/2026 14:30,26.45,0.0,1,baix,0,0.0,baix,baix,0.0,0.0,0.0,330.0,7.6,965.0,835.0,5.5,0.105,0.8,0.0,0.0,28.21,26.83,0.0,0.0,0,0,0,0.0,,0,inactiu
36.15,10/07/2026 15:00,22.35,0.0,1,baix,0,0.0,baix,baix,0.0,0.0,0.0,330.0,7.6,951.0,818.0,7.6,0.105,0.81,0.0,0.0,28.21,26.84,0.0,0.0,0,0,0,0.0,,0,inactiu
35.65,10/07/2026 15:30,23.75,0.0,1,baix,0,0.0,baix,baix,0.0,0.0,0.0,330.0,7.6,951.0,818.0,7.6,0.105,0.81,0.0,0.0,28.12,26.85,0.0,0.0,0,0,0,0.0,,0,inactiu
35.65,10/07/2026 16:00,24.15,0.0,1,baix,0,0.0,baix,baix,0.0,0.0,0.0,330.0,7.6,870.0,718.0,6.45,0.105,0.74,0.0,0.0,28.02,26.86,0.0,0.0,0,0,0,0.0,,0,inactiu
35.95,10/07/2026 16:30,25.6,0.0,1,baix,0,0.0,baix,baix,0.0,0.0,0.0,330.0,7.6,870.0,718.0,6.45,0.105,0.74,0.0,0.0,27.94,26.86,0.0,0.0,0,0,0,0.0,,0,inactiu
35.7,10/07/2026 17:00,23.85,0.0,1,baix,0,0.0,baix,baix,0.0,0.0,0.0,330.0,7.6,697.0,494.0,6.05,0.105,0.59,0.0,0.0,27.85,26.87,0.0,0.0,0,0,0,0.0,,0,inactiu
35.45,10/07/2026 17:30,24.700000000000003,0.0,1,baix,0,0.0,baix,baix,0.0,0.0,0.0,330.0,7.6,697.0,494.0,6.05,0.105,0.59,0.0,0.0,27.77,26.88,0.0,0.0,0,0,0,0.0,,0,inactiu
34.65,10/07/2026 18:00,27.75,0.0,1,baix,0,0.0,baix,baix,0.0,0.0,0.0,330.0,7.6,587.0,441.0,4.4,0.105,0.51,0.0,0.0,27.69,26.89,0.0,0.0,0,0,0,0.0,,0,inactiu
34.05,10/07/2026 18:30,31.200000000000003,0.0,1,baix,0,0.0,baix,baix,0.0,0.0,0.0,330.0,7.6,587.0,441.0,4.4,0.105,0.51,0.0,0.0,27.65,26.89,0.0,0.0,0,0,0,0.0,,0,inactiu
33.099999999999994,10/07/2026 19:00,36.65,0.0,1,baix,0,0.0,baix,baix,0.0,0.0,0.0,330.0,7.6,370.0,223.0,2.8,0.105,0.34,0.0,0.0,27.62,26.9,0.0,0.0,0,0,0,0.0,,0,inactiu
31.950000000000003,10/07/2026 19:30,41.95,0.0,1,baix,0,0.0,baix,baix,0.0,0.0,0.0,330.0,7.6,370.0,223.0,2.8,0.105,0.34,0.0,0.0,27.58,26.9,0.0,0.0,0,0,0,0.0,,0,inactiu
30.45,10/07/2026 20:00,51.95,0.0,1,baix,0,0.0,baix,baix,0.0,0.0,0.0,330.0,7.6,222.0,136.0,1.35,0.105,0.21,0.0,0.0,27.55,26.9,0.0,0.0,0,0,0,0.0,,0,inactiu
29.35,10/07/2026 20:30,59.8,0.0,1,baix,0,0.0,baix,baix,0.5,0.0,0.0,330.0,7.6,222.0,136.0,1.35,0.105,0.21,0.0,0.0,27.53,26.9,0.0,0.0,0,0,0,0.0,,0,inactiu
28.2,10/07/2026 21:00,66.69999999999999,0.0,1,baix,0,0.0,baix,baix,1.0,0.0,0.0,330.0,7.6,71.0,31.0,0.35,0.105,0.07,0.0,0.0,27.51,26.9,0.0,0.0,0,0,0,0.0,,0,inactiu
27.05,10/07/2026 21:30,72.44999999999999,0.0,1,baix,0,0.0,baix,baix,1.5,0.0,0.0,330.0,7.6,71.0,31.0,0.35,0.105,0.07,0.0,0.0,27.48,26.9,0.0,0.0,0,0,0,0.0,,0,inactiu
26.05,10/07/2026 22:00,76.44999999999999,0.0,1,baix,0,0.0,baix,baix,2.0,0.0,0.0,330.0,7.6,1.0,0.0,0.0,0.105,0.01,0.0,0.0,27.44,26.9,0.0,0.0,0,0,0,0.0,,0,inactiu
24.9,10/07/2026 22:30,78.9,0.0,1,baix,0,0.0,baix,baix,2.5,0.0,0.0,330.0,7.6,1.0,0.0,0.0,0.105,0.01,0.0,0.0,27.38,26.89,0.0,0.0,0,0,0,0.0,,0,inactiu
24.75,10/07/2026 23:00,84.0,0.0,1,baix,0,0.0,baix,baix,3.0,0.0,0.0,330.0,7.6,0.0,0.0,0.0,0.105,0.0,0.0,0.0,27.36,26.89,0.0,0.0,0,0,0,0.0,,0,inactiu
24.0,10/07/2026 23:30,84.94999999999999,0.0,1,baix,0,0.0,baix,baix,3.5,0.0,0.0,330.0,7.6,0.0,0.0,0.0,0.105,0.0,0.0,0.0,27.34,26.9,0.0,0.0,0,0,0,0.0,,0,inactiu
23.0,11/07/2026 00:00,87.35,0.0,1,baix,0,0.0,baix,baix,4.0,0.0,0.0,150.0,8.0,0.0,0.0,0.0,0.105,0.0,0.0,0.0,27.34,26.9,0.0,0.0,0,0,0,0.0,,0,inactiu
23.4,11/07/2026 00:30,89.8,0.0,1,baix,0,0.0,baix,baix,4.5,0.0,0.0,150.0,8.0,0.0,0.0,0.0,0.105,0.0,0.0,0.0,27.36,26.9,0.0,0.0,0,0,0,0.0,,0,inactiu
22.45,11/07/2026 01:00,89.55000000000001,0.0,1,baix,0,0.0,baix,baix,5.0,0.0,0.0,150.0,8.0,0.0,0.0,0.0,0.105,0.0,0.0,0.0,27.38,26.9,0.0,0.0,0,0,0,0.0,,0,inactiu
21.75,11/07/2026 01:30,90.25,0.0,1,baix,1,0.0,baix,baix,5.5,0.0,0.0,150.0,8.0,0.0,0.0,0.0,0.105,0.0,0.0,0.0,27.4,26.9,0.5,10.9,0,0,0,0.0,,0,inactiu
22.15,11/07/2026 02:00,92.6,0.0,1,baix,1,0.0,baix,baix,6.0,0.0,0.0,150.0,8.0,0.0,0.0,0.0,0.105,0.0,0.0,0.0,27.45,26.9,1.0,22.0,0,0,0,0.0,,0,inactiu
22.6,11/07/2026 02:30,93.0,0.0,1,baix,1,0.0,baix,baix,6.5,0.0,0.0,150.0,8.0,0.0,0.0,0.0,0.105,0.0,0.0,0.0,27.52,26.9,1.5,33.2,0,0,0,0.0,,0,inactiu
22.8,11/07/2026 03:00,92.05,0.0,1,baix,1,2.4,baix,baix,7.0,0.0,0.0,150.0,8.0,0.0,0.0,0.0,0.105,0.0,0.0,0.0,27.61,26.91,2.0,44.6,0,0,0,0.0,,0,inactiu
21.3,11/07/2026 03:30,92.8,0.0,1,baix,1,4.0,baix,baix,7.5,0.0,0.0,150.0,8.0,0.0,0.0,0.0,0.105,0.0,0.0,0.0,27.67,26.91,2.5,55.3,0,0,0,0.0,,0,inactiu
20.450000000000003,11/07/2026 04:00,93.45,0.0,1,baix,1,6.5,baix,baix,0.0,0.0,0.0,150.0,8.0,0.0,0.0,0.0,0.105,0.0,0.0,0.0,27.71,26.9,3.0,65.5,0,0,0,0.0,,0,inactiu
19.65,11/07/2026 04:30,93.65,0.0,1,baix,1,10.2,baix,baix,0.0,0.0,0.0,150.0,8.0,0.0,0.0,0.0,0.105,0.0,0.0,0.0,27.72,26.9,3.5,75.4,0,0,0,0.0,,0,inactiu
19.25,11/07/2026 05:00,94.6,0.0,1,baix,1,15.6,baix,baix,0.0,0.0,0.0,150.0,8.0,0.0,0.0,0.0,0.105,0.0,0.0,0.0,27.76,26.9,4.0,0.0,0,0,0,0.0,,0,inactiu
18.25,11/07/2026 05:30,94.5,0.0,1,baix,1,22.9,moderat,baix,0.0,0.0,0.0,150.0,8.0,0.0,0.0,0.0,0.105,0.0,0.0,0.0,27.8,26.9,4.5,9.1,0,0,0,0.0,,0,inactiu
18.55,11/07/2026 06:00,95.65,0.0,1,baix,1,32.7,moderat,baix,0.0,0.0,0.0,150.0,8.0,0.0,0.0,0.0,0.105,0.0,0.0,0.0,27.84,26.89,5.0,18.4,0,0,0,0.0,,0,inactiu
18.7,11/07/2026 06:30,96.05,0.0,1,baix,1,44.8,moderat,baix,0.0,0.0,0.0,150.0,8.0,0.0,0.0,0.0,0.105,0.0,0.0,0.0,27.88,26.89,5.5,27.8,0,0,0,0.0,,0,inactiu
19.0,11/07/2026 07:00,96.3,0.0,1,baix,1,57.9,alt,moderat,0.0,0.0,0.0,150.0,8.0,8.0,1.0,0.05,0.105,0.0,0.0,0.0,27.91,26.89,6.0,0.0,0,0,0,0.0,,0,inactiu
20.950000000000003,11/07/2026 07:30,95.5,0.0,1,baix,1,71.1,alt,moderat,0.0,0.0,0.0,150.0,8.0,8.0,1.0,0.05,0.105,0.0,0.0,0.0,27.95,26.88,6.5,0.0,0,0,0,0.0,,0,inactiu
23.3,11/07/2026 08:00,89.05,0.0,1,baix,0,67.5,alt,baix,0.5,0.0,0.0,150.0,8.0,109.0,50.0,0.55,0.105,0.06,0.0,0.0,28.0,26.88,0.0,0.0,0,0,0,0.0,,0,inactiu
25.55,11/07/2026 08:30,80.5,0.0,1,baix,0,64.0,alt,baix,1.0,0.0,0.0,150.0,8.0,109.0,50.0,0.55,0.105,0.06,0.0,0.0,27.99,26.87,0.0,0.0,0,0,0,0.0,,0,inactiu
26.85,11/07/2026 09:00,73.55000000000001,0.0,1,baix,0,60.7,alt,baix,1.5,0.0,0.0,150.0,8.0,289.0,200.0,1.65,0.105,0.18,0.0,0.0,27.95,26.86,0.0,0.0,0,0,0,0.0,,0,inactiu
28.85,11/07/2026 09:30,67.35,0.0,1,baix,0,57.6,alt,baix,2.0,0.0,0.0,150.0,8.0,289.0,200.0,1.65,0.105,0.18,0.0,0.0,27.91,26.86,0.0,0.0,0,0,0,0.0,,0,inactiu
30.1,11/07/2026 10:00,61.25,0.0,1,baix,0,54.7,alt,baix,0.0,0.0,0.0,150.0,8.0,478.0,366.0,3.2,0.105,0.34,0.0,0.0,27.88,26.85,0.0,0.0,0,0,0,0.0,,0,inactiu
29.4,11/07/2026 10:30,69.4,0.0,1,baix,0,51.8,alt,baix,0.5,0.0,0.0,150.0,8.0,478.0,366.0,3.2,0.105,0.34,0.0,0.0,27.85,26.85,0.0,0.0,0,0,0,0.0,,0,inactiu
30.05,11/07/2026 11:00,65.44999999999999,0.0,1,baix,0,49.2,moderat,baix,0.0,0.0,0.0,150.0,8.0,630.0,477.0,4.9,0.105,0.5,0.0,0.0,27.8,26.84,0.0,0.0,0,0,0,0.0,,0,inactiu
30.65,11/07/2026 11:30,63.900000000000006,0.0,1,baix,0,46.7,moderat,baix,0.0,0.0,0.0,150.0,8.0,630.0,477.0,4.9,0.105,0.5,0.0,0.0,27.76,26.84,0.0,0.0,0,0,0,0.0,,0,inactiu
31.05,11/07/2026 12:00,62.7,0.0,1,baix,0,44.3,moderat,baix,0.0,0.0,0.0,150.0,8.0,734.0,518.0,6.4,0.105,0.58,0.0,0.0,27.71,26.83,0.0,0.0,0,0,0,0.0,,0,inactiu
34.150000000000006,11/07/2026 12:30,38.0,0.0,1,baix,0,42.0,moderat,baix,0.0,0.0,0.0,150.0,8.0,734.0,518.0,6.4,0.105,0.58,0.0,0.0,27.69,26.84,0.0,0.0,0,0,0,0.0,,0,inactiu
34.3,11/07/2026 13:00,42.7,0.0,1,baix,0,39.8,moderat,baix,0.0,0.0,0.0,150.0,8.0,853.0,665.0,7.5,0.105,0.69,0.0,0.0,27.68,26.85,0.0,0.0,0,0,0,0.0,,0,inactiu
34.900000000000006,11/07/2026 13:30,39.1,0.0,1,baix,0,37.8,moderat,baix,0.0,0.0,0.0,150.0,8.0,853.0,665.0,7.5,0.105,0.69,0.0,0.0,27.67,26.85,0.0,0.0,0,0,0,0.0,,0,inactiu
35.8,11/07/2026 14:00,37.25,0.0,1,baix,0,35.9,moderat,baix,0.0,0.0,0.0,150.0,8.0,936.0,793.0,7.95,0.105,0.75,0.0,0.0,27.67,26.86,0.0,0.0,0,0,0,0.0,,0,inactiu
36.0,11/07/2026 14:30,39.5,0.0,1,baix,0,34.0,moderat,baix,0.0,0.0,0.0,150.0,8.0,936.0,793.0,7.95,0.105,0.75,0.0,0.0,27.67,26.87,0.0,0.0,0,0,0,0.0,,0,inactiu
36.0,11/07/2026 15:00,43.05,0.0,1,baix,0,32.3,moderat,baix,0.0,0.0,0.0,150.0,8.0,858.0,637.0,7.9,0.105,0.72,0.0,0.0,27.67,26.88,0.0,0.0,0,0,0,0.0,,0,inactiu
35.75,11/07/2026 15:30,44.65,0.0,1,baix,0,30.6,moderat,baix,0.0,0.0,0.0,150.0,8.0,858.0,637.0,7.9,0.105,0.72,0.0,0.0,27.67,26.89,0.0,0.0,0,0,0,0.0,,0,inactiu
35.15,11/07/2026 16:00,46.6,0.0,1,baix,0,29.0,moderat,baix,0.0,0.0,0.0,150.0,8.0,687.0,363.0,7.25,0.105,0.59,0.0,0.0,27.66,26.9,0.0,0.0,0,0,0,0.0,,0,inactiu
34.5,11/07/2026 16:30,48.150000000000006,0.0,1,baix,0,27.6,moderat,baix,0.0,0.0,0.0,150.0,8.0,687.0,363.0,7.25,0.105,0.59,0.0,0.0,27.63,26.91,0.0,0.0,0,0,0,0.0,,0,inactiu
34.349999999999994,11/07/2026 17:00,50.4,0.0,1,baix,0,26.1,moderat,baix,0.0,0.0,0.0,150.0,8.0,726.0,558.0,6.05,0.105,0.59,0.0,0.0,27.6,26.91,0.0,0.0,0,0,0,0.0,,0,inactiu
34.1,11/07/2026 17:30,52.4,0.0,1,baix,0,24.8,moderat,baix,0.0,0.0,0.0,150.0,8.0,726.0,558.0,6.05,0.105,0.59,0.0,0.0,27.57,26.92,0.0,0.0,0,0,0,0.0,,0,inactiu
33.85,11/07/2026 18:00,52.8,0.0,1,baix,0,23.5,moderat,baix,0.0,0.0,0.0,150.0,8.0,580.0,439.0,4.5,0.105,0.46,0.0,0.0,27.56,26.93,0.0,0.0,0,0,0,0.0,,0,inactiu
33.3,11/07/2026 18:30,54.3,0.0,0,baix,0,22.3,moderat,baix,0.0,0.0,0.0,150.0,8.0,580.0,439.0,4.5,0.105,0.46,0.0,0.0,27.54,26.93,0.0,0.0,0,0,0,0.0,,0,inactiu
32.5,11/07/2026 19:00,56.75,0.0,0,baix,0,21.2,moderat,baix,0.0,0.0,0.0,150.0,8.0,390.0,265.0,2.85,0.105,0.33,0.0,0.0,27.53,26.94,0.0,0.0,0,0,0,0.0,,0,inactiu
31.65,11/07/2026 19:30,59.650000000000006,0.0,0,baix,0,20.1,moderat,baix,0.0,0.0,0.0,150.0,8.0,390.0,265.0,2.85,0.105,0.33,0.0,0.0,27.52,26.94,0.0,0.0,0,0,0,0.0,,0,inactiu
30.85,11/07/2026 20:00,62.6,0.0,0,baix,0,19.1,baix,baix,0.0,0.0,0.0,150.0,8.0,228.0,149.0,1.35,0.105,0.19,0.0,0.0,27.53,26.95,0.0,0.0,0,0,0,0.0,,0,inactiu
30.1,11/07/2026 20:30,65.30000000000001,0.0,0,baix,0,18.1,baix,baix,0.0,0.0,0.0,150.0,8.0,228.0,149.0,1.35,0.105,0.19,0.0,0.0,27.55,26.95,0.0,0.0,0,0,0,0.0,,0,inactiu
29.0,11/07/2026 21:00,68.75,0.0,0,baix,0,17.2,baix,baix,0.5,0.0,0.0,150.0,8.0,68.0,28.0,0.35,0.105,0.07,0.0,0.0,27.56,26.96,0.0,0.0,0,0,0,0.0,,0,inactiu
28.0,11/07/2026 21:30,71.15,0.0,0,baix,0,16.3,baix,baix,1.0,0.0,0.0,150.0,8.0,68.0,28.0,0.35,0.105,0.07,0.0,0.0,27.58,26.96,0.0,0.0,0,0,0,0.0,,0,inactiu
27.3,11/07/2026 22:00,73.0,0.0,0,baix,0,15.4,baix,baix,1.5,0.0,0.0,150.0,8.0,1.0,0.0,0.0,0.105,0.02,0.0,0.0,27.61,26.96,0.0,0.0,0,0,0,0.0,,0,inactiu
27.2,11/07/2026 22:30,71.0,0.0,0,baix,0,14.6,baix,baix,2.0,0.0,0.0,150.0,8.0,1.0,0.0,0.0,0.105,0.02,0.0,0.0,27.66,26.97,0.0,0.0,0,0,0,0.0,,0,inactiu
27.15,11/07/2026 23:00,72.75,0.0,0,baix,0,13.9,baix,baix,2.5,0.0,0.0,150.0,8.0,0.0,0.0,0.0,0.105,0.01,0.0,0.0,27.71,26.97,0.0,0.0,0,0,0,0.0,,0,inactiu
26.2,11/07/2026 23:30,77.55,0.0,0,baix,0,13.2,baix,baix,3.0,0.0,0.0,150.0,8.0,0.0,0.0,0.0,0.105,0.01,0.0,0.0,27.75,26.97,0.0,0.0,0,0,0,0.0,,0,inactiu
25.55,12/07/2026 00:00,80.94999999999999,0.0,0,baix,0,12.5,baix,baix,3.5,0.0,0.0,120.0,7.3,0.0,0.0,0.0,0.105,0.01,0.0,0.0,27.81,26.98,0.0,0.0,0,0,0,0.0,,0,inactiu
25.25,12/07/2026 00:30,81.9,0.0,0,baix,0,11.9,baix,baix,4.0,0.0,0.0,120.0,7.3,0.0,0.0,0.0,0.105,0.01,0.0,0.0,27.84,26.98,0.0,0.0,0,0,0,0.0,,0,inactiu
24.55,12/07/2026 01:00,84.94999999999999,0.0,0,baix,0,11.3,baix,baix,4.5,0.0,0.0,120.0,7.3,0.0,0.0,0.0,0.105,0.0,0.0,0.0,27.89,26.99,0.0,0.0,0,0,0,0.0,,0,inactiu
24.5,12/07/2026 01:30,87.2,0.0,0,baix,0,10.7,baix,baix,5.0,0.0,0.0,120.0,7.3,0.0,0.0,0.0,0.105,0.0,0.0,0.0,27.95,26.99,0.0,0.0,0,0,0,0.0,,0,inactiu
24.85,12/07/2026 02:00,87.7,0.0,0,baix,0,10.1,baix,baix,5.5,0.0,0.0,120.0,7.3,0.0,0.0,0.0,0.105,0.0,0.0,0.0,28.0,27.0,0.0,0.0,0,0,0,0.0,,0,inactiu
24.85,12/07/2026 02:30,88.85,0.0,0,baix,0,9.6,baix,baix,6.0,0.0,0.0,120.0,7.3,0.0,0.0,0.0,0.105,0.0,0.0,0.0,28.05,27.01,0.0,0.0,0,0,0,0.0,,0,inactiu
24.95,12/07/2026 03:00,88.94999999999999,0.0,0,baix,0,9.1,baix,baix,6.5,0.0,0.0,120.0,7.3,0.0,0.0,0.0,0.105,0.0,0.0,0.0,28.09,27.02,0.0,0.0,0,0,0,0.0,,0,inactiu
25.3,12/07/2026 03:30,87.85,0.0,0,baix,0,8.6,baix,baix,7.0,0.0,0.0,120.0,7.3,0.0,0.0,0.0,0.105,0.0,0.0,0.0,28.18,27.03,0.0,0.0,0,0,0,0.0,,0,inactiu
24.9,12/07/2026 04:00,88.44999999999999,0.0,0,baix,0,8.2,baix,baix,7.5,0.0,0.0,120.0,7.3,0.0,0.0,0.0,0.105,0.0,0.0,0.0,28.27,27.04,0.0,0.0,0,0,0,0.0,,0,inactiu
25.2,12/07/2026 04:30,87.35,0.0,0,baix,0,7.8,baix,baix,8.0,0.0,0.0,120.0,7.3,0.0,0.0,0.0,0.105,0.0,0.0,0.0,28.39,27.06,0.0,0.0,0,0,0,0.0,,0,inactiu
25.35,12/07/2026 05:00,85.85,0.0,0,baix,0,7.4,baix,baix,8.5,0.0,0.0,120.0,7.3,0.0,0.0,0.0,0.105,0.0,0.0,0.0,28.51,27.07,0.0,0.0,0,0,0,0.0,,0,inactiu
25.0,12/07/2026 05:30,87.4,0.0,0,baix,0,7.0,baix,baix,9.0,0.0,0.0,120.0,7.3,0.0,0.0,0.0,0.105,0.0,0.0,0.0,28.65,27.09,0.0,0.0,0,0,0,0.0,,0,inactiu
24.95,12/07/2026 06:00,87.35,0.0,0,baix,0,6.6,baix,baix,9.5,0.0,0.0,120.0,7.3,0.0,0.0,0.0,0.105,0.0,0.0,0.0,28.79,27.1,0.0,0.0,0,0,0,0.0,,0,inactiu
24.700000000000003,12/07/2026 06:30,88.25,0.0,0,baix,0,6.3,baix,baix,10.0,0.0,0.0,120.0,7.3,0.0,0.0,0.0,0.105,0.0,0.0,0.0,28.91,27.12,0.0,0.0,0,0,0,0.0,,0,inactiu
24.5,12/07/2026 07:00,89.05,0.0,0,baix,0,6.0,baix,baix,10.5,0.0,0.0,120.0,7.3,6.0,0.0,0.05,0.105,0.0,0.0,0.0,29.03,27.13,0.0,0.0,0,0,0,0.0,,0,inactiu
24.25,12/07/2026 07:30,90.1,0.0,0,baix,1,0.0,baix,baix,11.0,0.0,0.0,120.0,7.3,6.0,0.0,0.05,0.105,0.0,0.0,0.0,29.09,27.14,0.5,0.0,0,0,0,0.0,,0,inactiu
24.65,12/07/2026 08:00,89.44999999999999,0.0,0,baix,1,0.0,baix,baix,11.5,0.0,0.0,120.0,7.3,75.0,4.0,0.5,0.105,0.05,0.0,0.0,29.12,27.14,1.0,0.0,0,0,0,0.0,,0,inactiu
26.15,12/07/2026 08:30,85.9,0.0,0,baix,1,0.0,baix,baix,12.0,0.0,0.0,120.0,7.3,75.0,4.0,0.5,0.105,0.05,0.0,0.0,29.14,27.13,1.5,0.0,0,0,0,0.0,,0,inactiu
27.200000000000003,12/07/2026 09:00,81.65,0.0,0,baix,0,0.0,baix,baix,12.5,0.0,0.0,120.0,7.3,173.0,13.0,1.5,0.105,0.12,0.0,0.0,29.14,27.13,0.0,0.0,0,0,0,0.0,,0,inactiu
27.85,12/07/2026 09:30,78.19999999999999,0.0,0,baix,0,0.0,baix,baix,13.0,0.0,0.0,120.0,7.3,173.0,13.0,1.5,0.105,0.12,0.0,0.0,29.12,27.13,0.0,0.0,0,0,0,0.0,,0,inactiu
28.9,12/07/2026 10:00,74.05,0.0,0,baix,0,0.0,baix,baix,0.0,0.0,0.0,120.0,7.3,315.0,49.0,2.9,0.105,0.22,0.0,0.0,29.1,27.14,0.0,0.0,0,0,0,0.0,,0,inactiu
35.4,12/07/2026 13:30,51.5,0.0,0,baix,0,0.0,baix,baix,0.0,0.0,0.0,120.0,7.3,710.0,286.0,6.8,0.105,0.5,0.0,0.0,28.75,27.11,0.0,0.0,0,0,0,0.0,,0,inactiu
35.75,12/07/2026 14:00,51.3,0.0,0,baix,0,0.0,baix,baix,0.0,0.0,0.0,120.0,7.3,693.0,213.0,7.2,0.105,0.5,0.0,0.0,28.75,27.12,0.0,0.0,0,0,0,0.0,,0,inactiu
35.7,12/07/2026 14:30,53.1,0.0,0,baix,0,0.0,baix,baix,0.0,0.0,0.0,120.0,7.3,693.0,213.0,7.2,0.105,0.5,0.0,0.0,28.74,27.13,0.0,0.0,0,0,0,0.0,,0,inactiu
35.5,12/07/2026 15:00,55.1,0.0,0,baix,0,0.0,baix,baix,0.0,0.0,0.0,120.0,7.3,747.0,334.0,7.2,0.105,0.54,0.0,0.0,28.73,27.14,0.0,0.0,0,0,0,0.0,,0,inactiu
34.2,12/07/2026 15:30,55.3,0.0,0,baix,0,0.0,baix,baix,0.0,0.0,0.0,120.0,7.3,747.0,334.0,7.2,0.105,0.54,0.0,0.0,28.69,27.15,0.0,0.0,0,0,0,0.0,,0,inactiu
33.05,12/07/2026 16:00,53.15,0.0,0,baix,0,0.0,baix,baix,0.0,0.0,0.0,120.0,7.3,758.0,439.0,7.3,0.105,0.54,0.0,0.0,28.64,27.15,0.0,0.0,0,0,0,0.0,,0,inactiu
32.849999999999994,12/07/2026 16:30,54.650000000000006,0.0,0,baix,0,0.0,baix,baix,0.0,0.0,0.0,120.0,7.3,758.0,439.0,7.3,0.105,0.54,0.0,0.0,28.6,27.16,0.0,0.0,0,0,0,0.0,,0,inactiu
32.55,12/07/2026 17:00,55.1,0.0,0,baix,0,0.0,baix,baix,0.0,0.0,0.0,120.0,7.3,728.0,526.0,6.1,0.105,0.53,0.0,0.0,28.56,27.17,0.0,0.0,0,0,0,0.0,,0,inactiu
32.400000000000006,12/07/2026 17:30,54.150000000000006,0.0,0,baix,0,0.0,baix,baix,0.0,0.0,0.0,120.0,7.3,728.0,526.0,6.1,0.105,0.53,0.0,0.0,28.52,27.18,0.0,0.0,0,0,0,0.0,,0,inactiu
32.349999999999994,12/07/2026 18:00,55.15,0.0,0,baix,0,0.0,baix,baix,0.0,0.0,0.0,120.0,7.3,590.0,432.0,4.5,0.105,0.43,0.0,0.0,28.49,27.18,0.0,0.0,0,0,0,0.0,,0,inactiu
31.6,12/07/2026 18:30,60.95,0.0,0,baix,0,0.0,baix,baix,0.0,0.0,0.0,120.0,7.3,590.0,432.0,4.5,0.105,0.43,0.0,0.0,28.45,27.19,0.0,0.0,0,0,0,0.0,,0,inactiu
30.950000000000003,12/07/2026 19:00,64.1,0.0,0,baix,0,0.0,baix,baix,0.0,0.0,0.0,120.0,7.3,414.0,285.0,2.85,0.105,0.31,0.0,0.0,28.41,27.19,0.0,0.0,0,0,0,0.0,,0,inactiu
29.95,12/07/2026 19:30,67.6,0.0,0,baix,0,0.0,baix,baix,0.0,0.0,0.0,120.0,7.3,414.0,285.0,2.85,0.105,0.31,0.0,0.0,28.37,27.19,0.0,0.0,0,0,0,0.0,,0,inactiu
29.15,12/07/2026 20:00,72.85,0.0,0,baix,0,0.0,baix,baix,0.5,0.0,0.0,120.0,7.3,229.0,138.0,1.35,0.105,0.18,0.0,0.0,28.33,27.19,0.0,0.0,0,0,0,0.0,,0,inactiu
28.3,12/07/2026 20:30,76.5,0.0,0,baix,0,0.0,baix,baix,1.0,0.0,0.0,120.0,7.3,229.0,138.0,1.35,0.105,0.18,0.0,0.0,28.28,27.19,0.0,0.0,0,0,0,0.0,,0,inactiu
27.4,12/07/2026 21:00,80.6,0.0,0,baix,0,0.0,baix,baix,1.5,0.0,0.0,120.0,7.3,68.0,26.0,0.35,0.105,0.06,0.0,0.0,28.25,27.19,0.0,0.0,0,0,0,0.0,,0,inactiu
26.9,12/07/2026 21:30,83.45,0.0,0,baix,0,0.0,baix,baix,2.0,0.0,0.0,120.0,7.3,68.0,26.0,0.35,0.105,0.06,0.0,0.0,28.22,27.2,0.0,0.0,0,0,0,0.0,,0,inactiu
26.4,12/07/2026 22:00,84.9,0.0,0,baix,0,0.0,baix,baix,2.5,0.0,0.0,120.0,7.3,1.0,0.0,0.0,0.105,0.01,0.0,0.0,28.2,27.2,0.0,0.0,0,0,0,0.0,,0,inactiu
26.15,12/07/2026 22:30,85.3,0.0,0,baix,0,0.0,baix,baix,3.0,0.0,0.0,120.0,7.3,1.0,0.0,0.0,0.105,0.01,0.0,0.0,28.17,27.2,0.0,0.0,0,0,0,0.0,,0,inactiu
25.8,12/07/2026 23:00,89.05,0.0,0,baix,0,0.0,baix,baix,3.5,0.0,0.0,120.0,7.3,0.0,0.0,0.0,0.105,0.01,0.0,0.0,28.14,27.2,0.0,0.0,0,0,0,0.0,,0,inactiu
25.85,12/07/2026 23:30,89.75,0.0,0,baix,0,0.0,baix,baix,4.0,0.0,0.0,120.0,7.3,0.0,0.0,0.0,0.105,0.01,0.0,0.0,28.13,27.21,0.0,0.0,0,0,0,0.0,,0,inactiu
25.45,13/07/2026 00:00,90.2,0.0,0,moderat,1,0.0,baix,baix,4.5,60.0,8.6,360.0,8.0,0.0,0.0,0.0,0.105,0.0,0.0,0.0,28.13,27.22,0.5,12.7,0,0,0,0.0,,0,inactiu
25.25,13/07/2026 00:30,90.45,0.0,0,moderat,1,0.0,baix,baix,5.0,60.0,8.6,360.0,8.0,0.0,0.0,0.0,0.105,0.0,0.0,0.0,28.13,27.22,1.0,25.4,0,0,0,0.0,,0,inactiu
25.1,13/07/2026 01:00,89.6,0.0,0,moderat,1,0.0,baix,baix,5.5,60.0,8.6,360.0,8.0,0.0,0.0,0.0,0.105,0.0,0.0,0.0,28.14,27.23,1.5,37.9,0,0,0,0.0,,0,inactiu
24.2,13/07/2026 01:30,92.0,0.0,0,moderat,1,5.7,baix,baix,6.0,60.0,8.6,360.0,8.0,0.0,0.0,0.0,0.105,0.0,0.0,0.0,28.14,27.24,2.0,50.0,0,0,0,0.0,,0,inactiu
23.5,13/07/2026 02:00,93.0,0.0,0,moderat,1,9.0,baix,baix,6.5,60.0,8.6,360.0,8.0,0.0,0.0,0.0,0.103,0.0,0.0,0.0,28.1,27.25,2.5,61.8,0,0,0,0.0,,0,inactiu
23.15,13/07/2026 02:30,93.6,0.0,0,moderat,1,14.2,baix,baix,7.0,60.0,8.6,360.0,8.0,0.0,0.0,0.0,0.103,0.0,0.0,0.0,28.06,27.25,3.0,73.3,0,0,0,0.0,,0,inactiu
23.3,13/07/2026 03:00,94.4,0.0,0,moderat,1,22.2,moderat,baix,7.5,60.0,8.6,360.0,8.0,0.0,0.0,0.0,0.103,0.0,0.0,0.0,28.02,27.26,3.5,85.0,0,0,0,0.0,,0,inactiu
23.35,13/07/2026 03:30,95.0,0.0,0,moderat,1,33.4,moderat,baix,8.0,60.0,8.6,360.0,8.0,0.0,0.0,0.0,0.103,0.0,0.0,0.0,27.98,27.27,4.0,0.0,0,0,0,0.0,,0,inactiu
23.65,13/07/2026 04:00,95.8,0.0,0,moderat,1,47.3,moderat,baix,8.5,60.0,8.6,360.0,8.0,0.0,0.0,0.0,0.103,0.0,0.0,0.0,27.95,27.29,4.5,11.8,0,0,0,0.0,,0,inactiu
23.45,13/07/2026 04:30,96.0,0.0,0,moderat,1,61.5,alt,baix,9.0,60.0,8.6,360.0,8.0,0.0,0.0,0.0,0.103,0.0,0.0,0.0,27.91,27.3,5.0,23.5,0,0,0,0.0,,0,inactiu
23.35,13/07/2026 05:00,96.15,0.0,0,moderat,1,74.0,alt,baix,9.5,60.0,8.6,360.0,8.0,0.0,0.0,0.0,0.103,0.0,0.0,0.0,27.86,27.32,5.5,35.2,0,0,0,0.0,,0,inactiu
23.15,13/07/2026 05:30,95.95,0.0,0,moderat,1,83.5,alt,moderat,10.0,60.0,8.6,360.0,8.0,0.0,0.0,0.0,0.103,0.0,0.0,0.0,27.82,27.33,6.0,46.8,0,0,0,0.0,,0,inactiu
22.8,13/07/2026 06:00,95.65,0.0,0,moderat,1,90.0,alt,moderat,10.5,60.0,8.6,360.0,8.0,0.0,0.0,0.0,0.103,0.0,0.0,0.0,27.76,27.35,6.5,58.2,0,0,0,0.0,,0,inactiu
22.1,13/07/2026 06:30,95.7,0.0,0,moderat,1,94.0,alt,moderat,11.0,60.0,8.6,360.0,8.0,0.0,0.0,0.0,0.103,0.0,0.0,0.0,27.7,27.36,7.0,69.2,0,0,0,0.0,,0,inactiu
21.7,13/07/2026 07:00,96.05,0.0,0,moderat,1,96.4,alt,moderat,11.5,60.0,8.6,360.0,8.0,7.0,1.0,0.05,0.103,0.0,0.0,0.0,27.64,27.37,7.5,0.0,0,0,0,0.0,,0,inactiu
22.4,13/07/2026 07:30,95.95,0.0,0,moderat,1,97.9,alt,moderat,12.0,60.0,8.6,360.0,8.0,7.0,1.0,0.05,0.103,0.0,0.0,0.0,27.59,27.38,8.0,0.0,0,0,0,0.0,,0,inactiu
24.3,13/07/2026 08:00,93.3,0.0,0,moderat,1,98.9,alt,moderat,12.5,60.0,8.6,360.0,8.0,97.0,40.0,0.55,0.102,0.06,0.0,0.0,27.58,27.38,8.5,0.0,0,0,0,0.0,,0,inactiu
26.65,13/07/2026 08:30,87.45,0.0,0,moderat,1,99.4,alt,alt,13.0,60.0,8.6,360.0,8.0,97.0,40.0,0.55,0.102,0.06,0.0,0.0,27.6,27.38,9.0,0.0,0,0,0,0.0,,0,inactiu
27.55,13/07/2026 09:00,83.30000000000001,0.0,0,moderat,0,94.3,alt,baix,13.5,60.0,8.6,360.0,8.0,259.0,154.0,1.65,0.102,0.17,0.0,0.0,27.6,27.38,0.0,0.0,0,0,0,0.0,,0,inactiu
28.5,13/07/2026 09:30,79.3,0.0,0,moderat,0,89.5,alt,baix,14.0,60.0,8.6,360.0,8.0,259.0,154.0,1.65,0.102,0.17,0.0,0.0,27.62,27.38,0.0,0.0,0,0,0,0.0,,0,inactiu
29.450000000000003,13/07/2026 10:00,75.15,0.0,0,moderat,0,84.9,alt,baix,0.0,60.0,8.6,360.0,8.0,439.0,272.0,3.2,0.102,0.3,0.0,0.0,27.63,27.38,0.0,0.0,0,0,0,0.0,,0,inactiu
30.2,13/07/2026 10:30,73.35,0.0,0,moderat,0,80.5,alt,baix,0.0,60.0,8.6,360.0,8.0,439.0,272.0,3.2,0.102,0.3,0.0,0.0,27.69,27.38,0.0,0.0,0,0,0,0.0,,0,inactiu
32.7,13/07/2026 11:00,61.2,0.0,0,moderat,0,76.4,alt,baix,0.0,60.0,8.6,360.0,8.0,616.0,418.0,4.9,0.102,0.44,0.0,0.0,27.81,27.39,0.0,0.0,0,0,0,0.0,,0,inactiu
33.25,13/07/2026 11:30,57.2,0.0,0,moderat,0,72.5,alt,baix,0.0,60.0,8.6,360.0,8.0,616.0,418.0,4.9,0.102,0.44,0.0,0.0,27.93,27.39,0.0,0.0,0,0,0,0.0,,0,inactiu
33.05,13/07/2026 12:00,55.2,0.0,0,moderat,0,68.8,alt,baix,0.0,60.0,8.6,360.0,8.0,773.0,563.0,6.4,0.102,0.58,0.0,0.0,28.04,27.39,0.0,0.0,0,0,0,0.0,,0,inactiu
33.650000000000006,13/07/2026 12:30,53.7,0.0,0,moderat,0,65.2,alt,baix,0.0,60.0,8.6,360.0,8.0,773.0,563.0,6.4,0.102,0.58,0.0,0.0,28.16,27.4,0.0,0.0,0,0,0,0.0,,0,inactiu
35.1,13/07/2026 13:00,53.9,0.0,0,moderat,0,61.9,alt,baix,0.0,60.0,8.6,360.0,8.0,853.0,633.0,7.5,0.102,0.66,0.0,0.0,28.3,27.4,0.0,0.0,0,0,0,0.0,,0,inactiu
35.25,13/07/2026 13:30,51.8,0.0,0,moderat,0,58.7,alt,baix,0.0,60.0,8.6,360.0,8.0,853.0,633.0,7.5,0.102,0.66,0.0,0.0,28.3,27.41,0.0,0.0,0,0,0,0.0,,0,inactiu
35.75,13/07/2026 14:00,51.3,0.0,0,moderat,0,55.7,alt,baix,0.0,60.0,8.6,360.0,8.0,911.0,702.0,8.05,0.104,0.69,0.0,0.0,28.3,27.42,0.0,0.0,0,0,0,0.0,,0,inactiu
35.7,13/07/2026 14:30,53.1,0.0,0,moderat,0,52.8,alt,baix,0.0,60.0,8.6,360.0,8.0,911.0,702.0,8.05,0.104,0.69,0.0,0.0,28.3,27.43,0.0,0.0,0,0,0,0.0,,0,inactiu
35.5,13/07/2026 15:00,55.1,0.0,0,moderat,0,50.1,alt,baix,0.0,60.0,8.6,360.0,8.0,891.0,665.0,8.0,0.104,0.68,0.0,0.0,28.3,27.43,0.0,0.0,0,0,0,0.0,,0,inactiu
35.5,13/07/2026 15:30,55.85,0.0,0,moderat,0,47.6,moderat,baix,0.0,60.0,8.6,360.0,8.0,891.0,665.0,8.0,0.104,0.68,0.0,0.0,28.33,27.44,0.0,0.0,0,0,0,0.0,,0,inactiu
35.7,13/07/2026 16:00,55.400000000000006,0.0,0,moderat,0,45.1,moderat,baix,0.0,60.0,8.6,360.0,8.0,848.0,662.0,7.3,0.104,0.66,0.0,0.0,28.38,27.45,0.0,0.0,0,0,0,0.0,,0,inactiu
36.05,13/07/2026 16:30,53.55,0.0,0,moderat,0,42.8,moderat,baix,0.0,60.0,8.6,360.0,8.0,848.0,662.0,7.3,0.104,0.66,0.0,0.0,28.45,27.46,0.0,0.0,0,0,0,0.0,,0,inactiu
36.1,13/07/2026 17:00,53.0,0.0,0,moderat,0,40.6,moderat,baix,0.0,60.0,8.6,360.0,8.0,750.0,608.0,6.05,0.104,0.58,0.0,0.0,28.52,27.46,0.0,0.0,0,0,0,0.0,,0,inactiu
35.75,13/07/2026 17:30,54.35,0.0,0,moderat,0,38.5,moderat,baix,0.0,60.0,8.6,360.0,8.0,750.0,608.0,6.05,0.104,0.58,0.0,0.0,28.59,27.47,0.0,0.0,0,0,0,0.0,,0,inactiu
35.4,13/07/2026 18:00,54.95,0.0,0,moderat,0,36.5,moderat,baix,0.0,60.0,8.6,360.0,8.0,598.0,482.0,4.5,0.103,0.47,0.0,0.0,28.66,27.48,0.0,0.0,0,0,0,0.0,,0,inactiu
35.2,13/07/2026 18:30,54.45,0.0,0,moderat,0,34.7,moderat,baix,0.0,60.0,8.6,360.0,8.0,598.0,482.0,4.5,0.103,0.47,0.0,0.0,28.73,27.5,0.0,0.0,0,0,0,0.0,,0,inactiu
34.85,13/07/2026 19:00,54.75,0.0,0,moderat,0,32.9,moderat,baix,0.0,60.0,8.6,360.0,8.0,417.0,316.0,2.85,0.103,0.33,0.0,0.0,28.81,27.51,0.0,0.0,0,0,0,0.0,,0,inactiu
34.099999999999994,13/07/2026 19:30,57.25,0.0,0,moderat,0,31.2,moderat,baix,0.0,60.0,8.6,360.0,8.0,417.0,316.0,2.85,0.103,0.33,0.0,0.0,28.9,27.52,0.0,0.0,0,0,0,0.0,,0,inactiu
33.5,13/07/2026 20:00,59.2,0.0,0,moderat,0,29.6,moderat,baix,0.0,60.0,8.6,360.0,8.0,227.0,147.0,1.35,0.103,0.18,0.0,0.0,28.99,27.53,0.0,0.0,0,0,0,0.0,,0,inactiu
32.349999999999994,13/07/2026 20:30,62.75,0.0,0,moderat,0,28.1,moderat,baix,0.0,60.0,8.6,360.0,8.0,227.0,147.0,1.35,0.103,0.18,0.0,0.0,29.07,27.53,0.0,0.0,0,0,0,0.0,,0,inactiu
29.75,13/07/2026 21:00,74.25,0.0,0,moderat,0,26.6,moderat,baix,0.0,60.0,8.6,360.0,8.0,66.0,26.0,0.35,0.103,0.07,0.0,0.0,29.12,27.54,0.0,0.0,0,0,0,0.0,,0,inactiu
28.35,13/07/2026 21:30,80.9,0.0,0,moderat,0,25.3,moderat,baix,0.5,60.0,8.6,360.0,8.0,66.0,26.0,0.35,0.103,0.07,0.0,0.0,29.15,27.54,0.0,0.0,0,0,0,0.0,,0,inactiu
27.85,13/07/2026 22:00,82.3,0.0,0,moderat,0,24.0,moderat,baix,1.0,60.0,8.6,360.0,8.0,1.0,0.0,0.0,0.103,0.02,0.0,0.0,29.18,27.55,0.0,0.0,0,0,0,0.0,,0,inactiu
27.55,13/07/2026 22:30,84.19999999999999,0.0,0,moderat,0,22.7,moderat,baix,1.5,60.0,8.6,360.0,8.0,1.0,0.0,0.0,0.103,0.02,0.0,0.0,29.21,27.56,0.0,0.0,0,0,0,0.0,,0,inactiu
27.25,13/07/2026 23:00,85.9,0.0,0,moderat,0,21.6,moderat,baix,2.0,60.0,8.6,360.0,8.0,0.0,0.0,0.0,0.103,0.0,0.0,0.0,29.24,27.57,0.0,0.0,0,0,0,0.0,,0,inactiu
27.15,13/07/2026 23:30,87.65,0.0,0,moderat,0,20.5,moderat,baix,2.5,60.0,8.6,360.0,8.0,0.0,0.0,0.0,0.103,0.0,0.0,0.0,29.27,27.59,0.0,0.0,0,0,0,0.0,,0,inactiu
27.0,14/07/2026 00:00,88.75,0.0,0,alt,0,19.4,baix,baix,3.0,70.0,18.6,270.0,8.0,0.0,0.0,0.0,0.103,0.0,0.0,0.0,29.3,27.6,0.0,0.0,0,0,0,0.0,,0,inactiu
26.85,14/07/2026 00:30,88.85,0.0,0,alt,0,18.4,baix,baix,3.5,70.0,18.6,270.0,8.0,0.0,0.0,0.0,0.103,0.0,0.0,0.0,29.33,27.62,0.0,0.0,0,0,0,0.0,,0,inactiu
26.6,14/07/2026 01:00,89.44999999999999,0.0,0,alt,0,17.5,baix,baix,4.0,70.0,18.6,270.0,8.0,0.0,0.0,0.0,0.103,0.0,0.0,0.0,29.37,27.63,0.0,0.0,0,0,0,0.0,,0,inactiu
26.200000000000003,14/07/2026 01:30,90.1,0.0,0,alt,1,0.0,baix,baix,4.5,70.0,18.6,270.0,8.0,0.0,0.0,0.0,0.103,0.0,0.0,0.0,29.41,27.64,0.5,13.1,0,0,0,0.0,,0,inactiu
25.55,14/07/2026 02:00,91.05,0.0,0,alt,1,0.0,baix,baix,5.0,70.0,18.6,270.0,8.0,0.0,0.0,0.0,0.103,0.0,0.0,0.0,29.45,27.65,1.0,25.9,0,0,0,0.0,,0,inactiu
25.0,14/07/2026 02:30,92.45,0.0,0,alt,1,0.0,baix,baix,5.5,70.0,18.6,270.0,8.0,0.0,0.0,0.0,0.103,0.0,0.0,0.0,29.49,27.66,1.5,38.4,0,0,0,0.0,,0,inactiu
24.2,14/07/2026 03:00,92.55,0.0,0,alt,1,6.1,baix,baix,6.0,70.0,18.6,270.0,8.0,0.0,0.0,0.0,0.103,0.0,0.0,0.0,29.51,27.67,2.0,50.5,0,0,0,0.0,,0,inactiu
23.15,14/07/2026 03:30,93.2,0.0,0,alt,1,9.4,baix,baix,6.5,70.0,18.6,270.0,8.0,0.0,0.0,0.0,0.103,0.0,0.0,0.0,29.5,27.68,2.5,62.0,0,0,0,0.0,,0,inactiu
23.200000000000003,14/07/2026 04:00,94.05,0.0,0,alt,1,14.7,baix,baix,7.0,70.0,18.6,270.0,8.0,0.0,0.0,0.0,0.104,0.0,0.0,0.0,29.49,27.7,3.0,73.6,0,0,0,0.0,,0,inactiu
23.0,14/07/2026 04:30,94.75,0.0,0,alt,1,22.5,moderat,baix,7.5,70.0,18.6,270.0,8.0,0.0,0.0,0.0,0.104,0.0,0.0,0.0,29.48,27.7,3.5,85.2,0,0,0,0.0,,0,inactiu
22.65,14/07/2026 05:00,95.1,0.0,0,alt,1,33.0,moderat,baix,8.0,70.0,18.6,270.0,8.0,0.0,0.0,0.0,0.104,0.0,0.0,0.0,29.47,27.71,4.0,0.0,0,0,0,0.0,,0,inactiu
22.3,14/07/2026 05:30,95.45,0.0,0,alt,1,45.5,moderat,baix,8.5,70.0,18.6,270.0,8.0,0.0,0.0,0.0,0.104,0.0,0.0,0.0,29.45,27.73,4.5,11.2,0,0,0,0.0,,0,inactiu
21.65,14/07/2026 06:00,95.6,0.0,0,alt,1,58.4,alt,baix,9.0,70.0,18.6,270.0,8.0,0.0,0.0,0.0,0.104,0.0,0.0,0.0,29.43,27.74,5.0,22.0,0,0,0,0.0,,0,inactiu
22.95,14/07/2026 06:30,96.8,0.0,0,alt,1,71.4,alt,baix,9.5,70.0,18.6,270.0,8.0,0.0,0.0,0.0,0.104,0.0,0.0,0.0,29.45,27.75,5.5,33.4,0,0,0,0.0,,0,inactiu
24.15,14/07/2026 07:00,96.75,0.0,0,alt,1,82.2,alt,moderat,10.0,70.0,18.6,270.0,8.0,6.0,0.0,0.05,0.104,0.0,0.0,0.0,29.5,27.76,6.0,0.0,0,0,0,0.0,,0,inactiu
24.25,14/07/2026 07:30,95.75,0.0,0,alt,1,89.5,alt,moderat,10.5,70.0,18.6,270.0,8.0,6.0,0.0,0.05,0.104,0.0,0.0,0.0,29.54,27.77,6.5,0.0,0,0,0,0.0,,0,inactiu
25.4,14/07/2026 08:00,93.65,0.0,0,alt,1,94.3,alt,moderat,11.0,70.0,18.6,270.0,8.0,96.0,36.0,0.55,0.123,0.05,0.0,0.0,29.56,27.77,7.0,0.0,0,0,0,0.0,,0,inactiu
26.95,14/07/2026 08:30,88.5,0.0,0,alt,1,97.0,alt,moderat,11.5,70.0,18.6,270.0,8.0,96.0,36.0,0.55,0.123,0.05,0.0,0.0,29.56,27.77,7.5,0.0,0,0,0,0.0,,0,inactiu
28.1,14/07/2026 09:00,83.19999999999999,0.0,0,alt,0,92.0,alt,baix,12.0,70.0,18.6,270.0,8.0,236.0,108.0,1.65,0.123,0.16,0.0,0.0,29.58,27.77,0.0,0.0,0,0,0,0.0,,0,inactiu
29.45,14/07/2026 09:30,76.75,0.0,0,alt,0,87.3,alt,baix,0.0,70.0,18.6,270.0,8.0,236.0,108.0,1.65,0.123,0.16,0.0,0.0,29.6,27.78,0.0,0.0,0,0,0,0.0,,0,inactiu
30.15,14/07/2026 10:00,71.05000000000001,0.0,0,alt,0,82.8,alt,baix,0.0,70.0,18.6,270.0,8.0,382.0,181.0,3.2,0.122,0.27,0.0,0.0,29.61,27.78,0.0,0.0,0,0,0,0.0,,0,inactiu
31.3,14/07/2026 10:30,67.35,0.0,0,alt,0,78.6,alt,baix,0.0,70.0,18.6,270.0,8.0,382.0,181.0,3.2,0.122,0.27,0.0,0.0,29.63,27.78,0.0,0.0,0,0,0,0.0,,0,inactiu
31.7,14/07/2026 11:00,64.1,0.0,0,alt,0,74.6,alt,baix,0.0,70.0,18.6,270.0,8.0,517.0,246.0,4.9,0.122,0.38,0.0,0.0,29.61,27.78,0.0,0.0,0,0,0,0.0,,0,inactiu
37.7,14/07/2026 11:30,32.5,0.0,0,alt,0,70.7,alt,baix,0.0,70.0,18.6,270.0,8.0,517.0,246.0,4.9,0.122,0.38,0.0,0.0,29.71,27.79,0.0,0.0,0,0,0,0.0,,0,inactiu
39.15,14/07/2026 12:00,30.8,0.0,0,alt,0,67.1,alt,baix,0.0,70.0,18.6,270.0,8.0,649.0,319.0,6.4,0.12,0.49,0.0,0.0,29.83,27.8,0.0,0.0,0,0,0,0.0,,0,inactiu
37.55,14/07/2026 12:30,45.6,0.0,0,alt,0,63.7,alt,baix,0.0,70.0,18.6,270.0,8.0,649.0,319.0,6.4,0.12,0.49,0.0,0.0,29.91,27.81,0.0,0.0,0,0,0,0.0,,0,inactiu
36.1,14/07/2026 13:00,50.0,0.0,0,alt,0,60.4,alt,baix,0.0,70.0,18.6,270.0,8.0,720.0,378.0,7.4,0.119,0.56,0.0,0.0,29.93,27.82,0.0,0.0,0,0,0,0.0,,0,inactiu
35.7,14/07/2026 13:30,48.7,0.0,0,alt,0,57.3,alt,baix,0.0,70.0,18.6,270.0,8.0,720.0,378.0,7.4,0.119,0.56,0.0,0.0,29.94,27.82,0.0,0.0,0,0,0,0.0,,0,inactiu
36.3,14/07/2026 14:00,51.4,0.0,0,alt,0,54.4,alt,baix,0.0,70.0,18.6,270.0,8.0,820.0,531.0,8.0,0.117,0.64,0.0,0.0,29.96,27.83,0.0,0.0,0,0,0,0.0,,0,inactiu
36.5,14/07/2026 14:30,50.2,0.0,0,alt,0,51.6,alt,baix,0.0,70.0,18.6,270.0,8.0,820.0,531.0,8.0,0.117,0.64,0.0,0.0,29.97,27.83,0.0,0.0,0,0,0,0.0,,0,inactiu
36.35,14/07/2026 15:00,51.25,0.0,0,alt,0,48.9,moderat,baix,0.0,70.0,18.6,270.0,8.0,788.0,484.0,7.7,0.116,0.61,0.0,0.0,29.99,27.84,0.0,0.0,0,0,0,0.0,,0,inactiu
35.099999999999994,14/07/2026 15:30,55.9,0.0,0,alt,0,46.4,moderat,baix,0.0,70.0,18.6,270.0,8.0,788.0,484.0,7.7,0.116,0.61,0.0,0.0,29.98,27.84,0.0,0.0,0,0,0,0.0,,0,inactiu
34.95,14/07/2026 16:00,56.85,0.0,0,alt,0,44.0,moderat,baix,0.0,70.0,18.6,270.0,8.0,740.0,471.0,7.15,0.116,0.58,0.0,0.0,29.97,27.84,0.0,0.0,0,0,0,0.0,,0,inactiu
34.75,14/07/2026 16:30,58.55,0.0,0,alt,0,41.8,moderat,baix,0.0,70.0,18.6,270.0,8.0,740.0,471.0,7.15,0.116,0.58,0.0,0.0,29.94,27.85,0.0,0.0,0,0,0,0.0,,0,inactiu
34.6,14/07/2026 17:00,59.1,0.0,0,alt,0,39.6,moderat,baix,0.0,70.0,18.6,270.0,8.0,711.0,527.0,6.1,0.115,0.55,0.0,0.0,29.91,27.85,0.0,0.0,0,0,0,0.0,,0,inactiu
34.349999999999994,14/07/2026 17:30,58.85,0.0,0,alt,0,37.6,moderat,baix,0.0,70.0,18.6,270.0,8.0,711.0,527.0,6.1,0.115,0.55,0.0,0.0,29.88,27.86,0.0,0.0,0,0,0,0.0,,0,inactiu
34.1,14/07/2026 18:00,58.8,0.0,0,alt,0,35.7,moderat,baix,0.0,70.0,18.6,270.0,8.0,516.0,313.0,4.55,0.115,0.41,0.0,0.0,29.85,27.86,0.0,0.0,0,0,0,0.0,,0,inactiu
33.5,14/07/2026 18:30,61.3,0.0,0,alt,0,33.8,moderat,baix,0.0,70.0,18.6,270.0,8.0,516.0,313.0,4.55,0.115,0.41,0.0,0.0,29.82,27.87,0.0,0.0,0,0,0,0.0,,0,inactiu
32.9,14/07/2026 19:00,63.7,0.0,0,alt,0,32.1,moderat,baix,0.0,70.0,18.6,270.0,8.0,353.0,214.0,2.85,0.114,0.29,0.0,0.0,29.77,27.87,0.0,0.0,0,0,0,0.0,,0,inactiu
32.35,14/07/2026 19:30,65.85,0.0,0,alt,0,30.4,moderat,baix,0.0,70.0,18.6,270.0,8.0,353.0,214.0,2.85,0.114,0.29,0.0,0.0,29.74,27.88,0.0,0.0,0,0,0,0.0,,0,inactiu
31.75,14/07/2026 20:00,68.05,0.0,0,alt,0,28.9,moderat,baix,0.0,70.0,18.6,270.0,8.0,201.0,111.0,1.35,0.114,0.16,0.0,0.0,29.7,27.88,0.0,0.0,0,0,0,0.0,,0,inactiu
31.05,14/07/2026 20:30,69.85,0.0,0,alt,0,27.4,moderat,baix,0.0,70.0,18.6,270.0,8.0,201.0,111.0,1.35,0.114,0.16,0.0,0.0,29.67,27.89,0.0,0.0,0,0,0,0.0,,0,inactiu
30.2,14/07/2026 21:00,71.80000000000001,0.0,0,alt,0,26.0,moderat,baix,0.0,70.0,18.6,270.0,8.0,55.0,15.0,0.35,0.114,0.05,0.0,0.0,29.68,27.89,0.0,0.0,0,0,0,0.0,,0,inactiu
29.35,14/07/2026 21:30,73.0,0.0,0,alt,0,24.7,moderat,baix,0.5,70.0,18.6,270.0,8.0,55.0,15.0,0.35,0.114,0.05,0.0,0.0,29.71,27.9,0.0,0.0,0,0,0,0.0,,0,inactiu
28.2,14/07/2026 22:00,74.05000000000001,0.0,0,alt,0,23.4,moderat,baix,1.0,70.0,18.6,270.0,8.0,1.0,0.0,0.0,0.114,0.0,0.0,0.0,29.71,27.91,0.0,0.0,0,0,0,0.0,,0,inactiu
27.2,14/07/2026 22:30,74.85,0.0,0,alt,0,22.2,moderat,baix,1.5,70.0,18.6,270.0,8.0,1.0,0.0,0.0,0.114,0.0,0.0,0.0,29.71,27.91,0.0,0.0,0,0,0,0.0,,0,inactiu
27.25,14/07/2026 23:00,77.6,0.0,0,alt,0,21.1,moderat,baix,2.0,70.0,18.6,270.0,8.0,0.0,0.0,0.0,0.114,0.0,0.0,0.0,29.71,27.93,0.0,0.0,0,0,0,0.0,,0,inactiu
26.4,14/07/2026 23:30,76.3,0.0,0,alt,0,20.0,moderat,baix,2.5,70.0,18.6,270.0,8.0,0.0,0.0,0.0,0.114,0.0,0.0,0.0,29.69,27.94,0.0,0.0,0,0,0,0.0,,0,inactiu
25.05,15/07/2026 00:00,77.30000000000001,0.0,0,alt,0,19.0,baix,baix,3.0,80.0,30.0,270.0,8.0,0.0,0.0,0.0,0.114,0.0,0.0,0.0,29.65,27.95,0.0,0.0,0,0,0,0.0,,0,inactiu
24.950000000000003,15/07/2026 00:30,80.0,0.0,0,alt,0,18.0,baix,baix,3.5,80.0,30.0,270.0,8.0,0.0,0.0,0.0,0.114,0.0,0.0,0.0,29.61,27.96,0.0,0.0,0,0,0,0.0,,0,inactiu
25.2,15/07/2026 01:00,80.35,0.0,0,alt,0,17.1,baix,baix,4.0,80.0,30.0,270.0,8.0,0.0,0.0,0.0,0.113,0.0,0.0,0.0,29.58,27.97,0.0,0.0,0,0,0,0.0,,0,inactiu
24.9,15/07/2026 01:30,82.19999999999999,0.0,0,alt,0,16.2,baix,baix,4.5,80.0,30.0,270.0,8.0,0.0,0.0,0.0,0.113,0.0,0.0,0.0,29.55,27.98,0.0,0.0,0,0,0,0.0,,0,inactiu
24.8,15/07/2026 02:00,83.6,0.0,0,alt,0,15.4,baix,baix,5.0,80.0,30.0,270.0,8.0,0.0,0.0,0.0,0.113,0.0,0.0,0.0,29.54,28.0,0.0,0.0,0,0,0,0.0,,0,inactiu
24.55,15/07/2026 02:30,83.2,0.0,0,alt,0,14.6,baix,baix,5.5,80.0,30.0,270.0,8.0,0.0,0.0,0.0,0.113,0.0,0.0,0.0,29.53,28.01,0.0,0.0,0,0,0,0.0,,0,inactiu
24.95,15/07/2026 03:00,85.75,0.0,0,alt,0,13.8,baix,baix,6.0,80.0,30.0,270.0,8.0,0.0,0.0,0.0,0.113,0.0,0.0,0.0,29.54,28.02,0.0,0.0,0,0,0,0.0,,0,inactiu
25.2,15/07/2026 03:30,86.65,0.0,0,alt,0,13.1,baix,baix,6.5,80.0,30.0,270.0,8.0,0.0,0.0,0.0,0.113,0.0,0.0,0.0,29.59,28.03,0.0,0.0,0,0,0,0.0,,0,inactiu
25.1,15/07/2026 04:00,87.35,0.0,0,alt,0,12.4,baix,baix,7.0,80.0,30.0,270.0,8.0,0.0,0.0,0.0,0.113,0.0,0.0,0.0,29.63,28.05,0.0,0.0,0,0,0,0.0,,0,inactiu
24.2,15/07/2026 04:30,88.4,0.0,0,alt,0,11.8,baix,baix,7.5,80.0,30.0,270.0,8.0,0.0,0.0,0.0,0.113,0.0,0.0,0.0,29.65,28.06,0.0,0.0,0,0,0,0.0,,0,inactiu
23.55,15/07/2026 05:00,89.55000000000001,0.0,0,alt,0,11.2,baix,baix,8.0,80.0,30.0,270.0,8.0,0.0,0.0,0.0,0.113,0.0,0.0,0.0,29.67,28.08,0.0,0.0,0,0,0,0.0,,0,inactiu
23.25,15/07/2026 05:30,89.8,0.0,0,alt,0,10.6,baix,baix,8.5,80.0,30.0,270.0,8.0,0.0,0.0,0.0,0.113,0.0,0.0,0.0,29.69,28.09,0.0,0.0,0,0,0,0.0,,0,inactiu
22.1,15/07/2026 06:00,89.80000000000001,0.0,0,alt,0,10.1,baix,baix,9.0,80.0,30.0,270.0,8.0,0.0,0.0,0.0,0.113,0.0,0.0,0.0,29.7,28.1,0.0,0.0,0,0,0,0.0,,0,inactiu
20.95,15/07/2026 06:30,90.95,0.0,0,alt,1,0.0,baix,baix,0.0,80.0,30.0,270.0,8.0,0.0,0.0,0.0,0.113,0.0,0.0,0.0,29.66,28.12,0.5,10.5,0,0,0,0.0,,0,inactiu
20.85,15/07/2026 07:00,91.55,0.0,0,alt,1,0.0,baix,baix,0.0,80.0,30.0,270.0,8.0,5.0,0.0,0.05,0.113,0.0,0.0,0.0,29.59,28.13,1.0,0.0,0,0,0,0.0,,0,inactiu
22.65,15/07/2026 07:30,91.35,0.0,0,alt,1,0.0,baix,baix,0.5,80.0,30.0,270.0,8.0,5.0,0.0,0.05,0.113,0.0,0.0,0.0,29.56,28.13,1.5,0.0,0,0,0,0.0,,0,inactiu
25.2,15/07/2026 08:00,84.80000000000001,0.0,0,alt,1,2.5,baix,baix,1.0,80.0,30.0,270.0,8.0,92.0,37.0,0.5,0.113,0.05,0.0,0.0,29.55,28.13,2.0,0.0,0,0,0,0.0,,0,inactiu
27.6,15/07/2026 08:30,71.55,0.0,0,alt,1,6.0,baix,baix,1.5,80.0,30.0,270.0,8.0,92.0,37.0,0.5,0.113,0.05,0.0,0.0,29.56,28.13,2.5,0.0,0,0,0,0.0,,0,inactiu
31.15,15/07/2026 09:00,46.5,0.0,0,alt,0,5.7,baix,baix,0.0,80.0,30.0,270.0,8.0,250.0,145.0,1.65,0.113,0.16,0.0,0.0,29.63,28.14,0.0,0.0,0,0,0,0.0,,0,inactiu
32.95,15/07/2026 09:30,41.35,0.0,0,alt,0,5.4,baix,baix,0.0,80.0,30.0,270.0,8.0,250.0,145.0,1.65,0.113,0.16,0.0,0.0,29.7,28.15,0.0,0.0,0,0,0,0.0,,0,inactiu
33.95,15/07/2026 10:00,43.6,0.0,0,alt,0,5.2,baix,baix,0.0,80.0,30.0,270.0,8.0,393.0,223.0,3.2,0.113,0.28,0.0,0.0,29.78,28.15,0.0,0.0,0,0,0,0.0,,0,inactiu
34.75,15/07/2026 10:30,41.35,0.0,0,alt,0,4.9,baix,baix,0.0,80.0,30.0,270.0,8.0,393.0,223.0,3.2,0.113,0.28,0.0,0.0,29.85,28.16,0.0,0.0,0,0,0,0.0,,0,inactiu
36.3,15/07/2026 11:00,35.0,0.0,0,alt,0,4.6,baix,baix,0.0,80.0,30.0,270.0,8.0,541.0,346.0,4.85,0.112,0.43,0.0,0.0,29.95,28.17,0.0,0.0,0,0,0,0.0,,0,inactiu
32.6,15/07/2026 11:30,61.3,0.0,0,alt,0,4.4,baix,baix,0.0,80.0,30.0,270.0,8.0,541.0,346.0,4.85,0.112,0.43,0.0,0.0,29.84,28.18,0.0,0.0,0,0,0,0.0,,0,inactiu
33.75,15/07/2026 12:00,56.7,0.0,0,alt,0,4.2,baix,baix,0.0,80.0,30.0,270.0,8.0,654.0,363.0,6.4,0.112,0.53,0.0,0.0,29.73,28.19,0.0,0.0,0,0,0,0.0,,0,inactiu
34.4,15/07/2026 12:30,57.45,0.0,0,alt,0,4.0,baix,baix,0.0,80.0,30.0,270.0,8.0,654.0,363.0,6.4,0.112,0.53,0.0,0.0,29.66,28.2,0.0,0.0,0,0,0,0.0,,0,inactiu
34.6,15/07/2026 13:00,57.45,0.0,0,alt,0,3.8,baix,baix,0.0,80.0,30.0,270.0,8.0,630.0,238.0,7.5,0.111,0.51,0.0,0.0,29.63,28.22,0.0,0.0,0,0,0,0.0,,0,inactiu
36.2,15/07/2026 13:30,50.4,0.0,0,alt,0,3.6,baix,baix,0.0,80.0,30.0,270.0,8.0,630.0,238.0,7.5,0.111,0.51,0.0,0.0,29.64,28.23,0.0,0.0,0,0,0,0.0,,0,inactiu
35.599999999999994,15/07/2026 14:00,53.35,0.0,0,alt,0,3.4,baix,baix,0.0,80.0,30.0,270.0,8.0,692.0,291.0,8.05,0.111,0.53,0.0,0.0,29.63,28.25,0.0,0.0,0,0,0,0.0,,0,inactiu
35.5,15/07/2026 14:30,54.85,0.0,0,alt,0,3.2,baix,baix,0.0,80.0,30.0,270.0,8.0,692.0,291.0,8.05,0.111,0.53,0.0,0.0,29.61,28.27,0.0,0.0,0,0,0,0.0,,0,inactiu
35.95,15/07/2026 15:00,50.75,0.0,0,alt,0,3.0,baix,baix,0.0,80.0,30.0,270.0,8.0,828.0,584.0,7.35,0.111,0.63,0.0,0.0,29.6,28.28,0.0,0.0,0,0,0,0.0,,0,inactiu
36.150000000000006,15/07/2026 15:30,50.1,0.0,0,alt,0,2.9,baix,baix,0.0,80.0,30.0,270.0,8.0,828.0,584.0,7.35,0.111,0.63,0.0,0.0,29.62,28.3,0.0,0.0,0,0,0,0.0,,0,inactiu
35.7,15/07/2026 16:00,52.75,0.0,0,alt,0,2.7,baix,baix,0.0,80.0,30.0,270.0,8.0,810.0,607.0,7.0,0.11,0.63,0.0,0.0,29.64,28.31,0.0,0.0,0,0,0,0.0,,0,inactiu
35.6,15/07/2026 16:30,52.75,0.0,0,alt,0,2.6,baix,baix,0.0,80.0,30.0,270.0,8.0,810.0,607.0,7.0,0.11,0.63,0.0,0.0,29.65,28.33,0.0,0.0,0,0,0,0.0,,0,inactiu
35.05,15/07/2026 17:00,53.8,0.0,0,alt,0,2.5,baix,baix,0.0,80.0,30.0,270.0,8.0,740.0,595.0,6.1,0.11,0.57,0.0,0.0,29.66,28.33,0.0,0.0,0,0,0,0.0,,0,inactiu
34.6,15/07/2026 17:30,54.2,0.0,0,alt,0,2.3,baix,baix,0.0,80.0,30.0,270.0,8.0,740.0,595.0,6.1,0.11,0.57,0.0,0.0,29.67,28.33,0.0,0.0,0,0,0,0.0,,0,inactiu
34.05,15/07/2026 18:00,58.3,0.0,0,alt,0,2.2,baix,baix,0.0,80.0,30.0,270.0,8.0,592.0,470.0,4.5,0.11,0.45,0.0,0.0,29.67,28.33,0.0,0.0,0,0,0,0.0,,0,inactiu
33.7,15/07/2026 18:30,59.5,0.0,0,alt,0,2.1,baix,baix,0.0,80.0,30.0,270.0,8.0,592.0,470.0,4.5,0.11,0.45,0.0,0.0,29.67,28.33,0.0,0.0,0,0,0,0.0,,0,inactiu
33.05,15/07/2026 19:00,60.400000000000006,0.0,0,alt,0,2.0,baix,baix,0.0,80.0,30.0,270.0,8.0,411.0,307.0,2.85,0.11,0.32,0.0,0.0,29.67,28.33,0.0,0.0,0,0,0,0.0,,0,inactiu
32.25,15/07/2026 19:30,63.95,0.0,0,alt,0,1.9,baix,baix,0.0,80.0,30.0,270.0,8.0,411.0,307.0,2.85,0.11,0.32,0.0,0.0,29.67,28.33,0.0,0.0,0,0,0,0.0,,0,inactiu
31.35,15/07/2026 20:00,68.69999999999999,0.0,0,alt,0,1.8,baix,baix,0.0,80.0,30.0,270.0,8.0,224.0,144.0,1.35,0.11,0.18,0.0,0.0,29.66,28.33,0.0,0.0,0,0,0,0.0,,0,inactiu
30.4,15/07/2026 20:30,72.75,0.0,0,alt,0,1.7,baix,baix,0.0,80.0,30.0,270.0,8.0,224.0,144.0,1.35,0.11,0.18,0.0,0.0,29.65,28.33,0.0,0.0,0,0,0,0.0,,0,inactiu
29.5,15/07/2026 21:00,74.2,0.0,0,alt,0,1.6,baix,baix,0.0,80.0,30.0,270.0,8.0,65.0,26.0,0.35,0.11,0.05,0.0,0.0,29.64,28.33,0.0,0.0,0,0,0,0.0,,0,inactiu
28.6,15/07/2026 21:30,77.5,0.0,0,alt,0,1.5,baix,baix,0.5,80.0,30.0,270.0,8.0,65.0,26.0,0.35,0.11,0.05,0.0,0.0,29.62,28.33,0.0,0.0,0,0,0,0.0,,0,inactiu
27.5,15/07/2026 22:00,80.6,0.0,0,alt,0,1.5,baix,baix,1.0,80.0,30.0,270.0,8.0,1.0,0.0,0.0,0.11,0.0,0.0,0.0,29.61,28.33,0.0,0.0,0,0,0,0.0,,0,inactiu
25.85,15/07/2026 22:30,81.25,0.0,0,alt,0,1.4,baix,baix,1.5,80.0,30.0,270.0,8.0,1.0,0.0,0.0,0.11,0.0,0.0,0.0,29.58,28.33,0.0,0.0,0,0,0,0.0,,0,inactiu
24.55,15/07/2026 23:00,82.25,0.0,0,alt,0,1.3,baix,baix,2.0,80.0,30.0,270.0,8.0,0.0,0.0,0.0,0.11,0.0,0.0,0.0,29.52,28.33,0.0,0.0,0,0,0,0.0,,0,inactiu
24.25,15/07/2026 23:30,80.1,0.0,0,alt,0,1.2,baix,baix,2.5,80.0,30.0,270.0,8.0,0.0,0.0,0.0,0.11,0.0,0.0,0.0,29.48,28.33,0.0,0.0,0,0,0,0.0,,0,inactiu
22.9,16/07/2026 00:00,80.75,0.0,0,alt,0,1.2,baix,baix,3.0,90.0,42.9,390.0,8.0,0.0,0.0,0.0,0.11,0.0,0.0,0.0,29.43,28.34,0.0,0.0,0,0,0,0.0,,0,inactiu
22.4,16/07/2026 00:30,83.4,0.0,0,alt,0,1.1,baix,baix,3.5,90.0,42.9,390.0,8.0,0.0,0.0,0.0,0.11,0.0,0.0,0.0,29.38,28.33,0.0,0.0,0,0,0,0.0,,0,inactiu
22.0,16/07/2026 01:00,83.25,0.0,0,alt,0,1.1,baix,baix,4.0,90.0,42.9,390.0,8.0,0.0,0.0,0.0,0.11,0.0,0.0,0.0,29.31,28.33,0.0,0.0,0,0,0,0.0,,0,inactiu
22.5,16/07/2026 01:30,80.5,0.0,0,alt,0,1.0,baix,baix,4.5,90.0,42.9,390.0,8.0,0.0,0.0,0.0,0.11,0.0,0.0,0.0,29.26,28.33,0.0,0.0,0,0,0,0.0,,0,inactiu
22.200000000000003,16/07/2026 02:00,83.0,0.0,0,alt,0,1.0,baix,baix,5.0,90.0,42.9,390.0,8.0,0.0,0.0,0.0,0.109,0.0,0.0,0.0,29.21,28.33,0.0,0.0,0,0,0,0.0,,0,inactiu
22.45,16/07/2026 02:30,79.7,0.0,0,alt,0,0.9,baix,baix,5.5,90.0,42.9,390.0,8.0,0.0,0.0,0.0,0.109,0.0,0.0,0.0,29.16,28.34,0.0,0.0,0,0,0,0.0,,0,inactiu
23.8,16/07/2026 03:00,76.4,0.0,0,alt,0,0.9,baix,baix,6.0,90.0,42.9,390.0,8.0,0.0,0.0,0.0,0.109,0.0,0.0,0.0,29.14,28.35,0.0,0.0,0,0,0,0.0,,0,inactiu
23.0,16/07/2026 03:30,77.55000000000001,0.0,0,alt,0,0.8,baix,baix,6.5,90.0,42.9,390.0,8.0,0.0,0.0,0.0,0.109,0.0,0.0,0.0,29.09,28.36,0.0,0.0,0,0,0,0.0,,0,inactiu
21.15,16/07/2026 04:00,81.0,0.0,0,alt,0,0.8,baix,baix,7.0,90.0,42.9,390.0,8.0,0.0,0.0,0.0,0.11,0.0,0.0,0.0,29.01,28.37,0.0,0.0,0,0,0,0.0,,0,inactiu
19.75,16/07/2026 04:30,83.35,0.0,0,alt,0,0.7,baix,baix,0.0,90.0,42.9,390.0,8.0,0.0,0.0,0.0,0.11,0.0,0.0,0.0,28.92,28.37,0.0,0.0,0,0,0,0.0,,0,inactiu
19.35,16/07/2026 05:00,84.80000000000001,0.0,0,alt,0,0.7,baix,baix,0.0,90.0,42.9,390.0,8.0,0.0,0.0,0.0,0.11,0.0,0.0,0.0,28.83,28.38,0.0,0.0,0,0,0,0.0,,0,inactiu
20.0,16/07/2026 05:30,85.9,0.0,0,alt,0,0.7,baix,baix,0.0,90.0,42.9,390.0,8.0,0.0,0.0,0.0,0.11,0.0,0.0,0.0,28.76,28.39,0.0,0.0,0,0,0,0.0,,0,inactiu
20.75,16/07/2026 06:00,87.4,0.0,0,alt,0,0.6,baix,baix,0.0,90.0,42.9,390.0,8.0,0.0,0.0,0.0,0.11,0.0,0.0,0.0,28.74,28.4,0.0,0.0,0,0,0,0.0,,0,inactiu
20.05,16/07/2026 06:30,87.6,0.0,0,alt,0,0.6,baix,baix,0.0,90.0,42.9,390.0,8.0,0.0,0.0,0.0,0.11,0.0,0.0,0.0,28.72,28.41,0.0,0.0,0,0,0,0.0,,0,inactiu
19.85,16/07/2026 07:00,85.65,0.0,0,alt,0,0.6,baix,baix,0.0,90.0,42.9,390.0,8.0,5.0,0.0,0.0,0.11,0.0,0.0,0.0,28.7,28.42,0.0,0.0,0,0,0,0.0,,0,inactiu
23.4,16/07/2026 07:30,87.85,0.0,0,alt,0,0.5,baix,baix,0.5,90.0,42.9,390.0,8.0,5.0,0.0,0.0,0.11,0.0,0.0,0.0,28.71,28.43,0.0,0.0,0,0,0,0.0,,0,inactiu
27.05,16/07/2026 08:00,88.3,0.0,0,alt,0,0.5,baix,baix,1.0,90.0,42.9,390.0,8.0,80.0,24.0,0.5,0.11,0.05,0.0,0.0,28.75,28.44,0.0,0.0,0,0,0,0.0,,0,inactiu
27.85,16/07/2026 08:30,86.05,0.0,0,alt,0,0.5,baix,baix,1.5,90.0,42.9,390.0,8.0,80.0,24.0,0.5,0.11,0.05,0.0,0.0,28.76,28.44,0.0,0.0,0,0,0,0.0,,0,inactiu
29.1,16/07/2026 09:00,80.15,0.0,0,alt,0,0.5,baix,baix,2.0,90.0,42.9,390.0,8.0,224.0,104.0,1.65,0.11,0.15,0.0,0.0,28.71,28.44,0.0,0.0,0,0,0,0.0,,0,inactiu
30.3,16/07/2026 09:30,73.5,0.0,0,alt,0,0.4,baix,baix,0.0,90.0,42.9,390.0,8.0,224.0,104.0,1.65,0.11,0.15,0.0,0.0,28.66,28.44,0.0,0.0,0,0,0,0.0,,0,inactiu
31.05,16/07/2026 10:00,70.30000000000001,0.0,0,alt,0,0.4,baix,baix,0.0,90.0,42.9,390.0,8.0,409.0,251.0,3.2,0.109,0.29,0.0,0.0,28.6,28.43,0.0,0.0,0,0,0,0.0,,0,inactiu
31.5,16/07/2026 10:30,66.45,0.0,0,alt,0,0.4,baix,baix,0.0,90.0,42.9,390.0,8.0,409.0,251.0,3.2,0.109,0.29,0.0,0.0,28.53,28.43,0.0,0.0,0,0,0,0.0,,0,inactiu
33.6,16/07/2026 11:00,58.9,0.0,0,alt,0,0.4,baix,baix,0.0,90.0,42.9,390.0,8.0,539.0,324.0,4.7,0.109,0.42,0.0,0.0,28.47,28.43,0.0,0.0,0,0,0,0.0,,0,inactiu
33.8,16/07/2026 11:30,59.35,0.0,0,alt,0,0.4,baix,baix,0.0,90.0,42.9,390.0,8.0,539.0,324.0,4.7,0.109,0.42,0.0,0.0,28.5,28.42,0.0,0.0,0,0,0,0.0,,0,inactiu
33.8,16/07/2026 12:00,59.55,0.0,0,alt,0,0.3,baix,baix,0.0,90.0,42.9,390.0,8.0,656.0,391.0,6.35,0.109,0.51,0.0,0.0,28.5,28.42,0.0,0.0,0,0,0,0.0,,0,inactiu
34.3,16/07/2026 12:30,56.65,0.0,0,alt,0,0.3,baix,baix,0.0,90.0,42.9,390.0,8.0,656.0,391.0,6.35,0.109,0.51,0.0,0.0,28.5,28.42,0.0,0.0,0,0,0,0.0,,0,inactiu
34.6,16/07/2026 13:00,57.6,0.0,0,alt,0,0.3,baix,baix,0.0,90.0,42.9,390.0,8.0,796.0,556.0,7.45,0.109,0.61,0.0,0.0,28.5,28.41,0.0,0.0,0,0,0,0.0,,0,inactiu
35.15,16/07/2026 13:30,55.9,0.0,0,alt,0,0.3,baix,baix,0.0,90.0,42.9,390.0,8.0,796.0,556.0,7.45,0.109,0.61,0.0,0.0,28.48,28.41,0.0,0.0,0,0,0,0.0,,0,inactiu
35.9,16/07/2026 14:00,50.85,0.0,0,alt,0,0.3,baix,baix,0.0,90.0,42.9,390.0,8.0,928.0,774.0,8.0,0.109,0.73,0.0,0.0,28.48,28.41,0.0,0.0,0,0,0,0.0,,0,inactiu
37.15,16/07/2026 14:30,49.25,0.0,0,alt,0,0.3,baix,baix,0.0,90.0,42.9,390.0,8.0,928.0,774.0,8.0,0.109,0.73,0.0,0.0,28.52,28.41,0.0,0.0,0,0,0,0.0,,0,inactiu
37.3,16/07/2026 15:00,48.5,0.0,0,alt,0,0.2,baix,baix,0.0,90.0,42.9,390.0,8.0,926.0,778.0,7.95,0.109,0.73,0.0,0.0,28.54,28.41,0.0,0.0,0,0,0,0.0,,0,inactiu
37.75,16/07/2026 15:30,45.35,0.0,0,alt,0,0.2,baix,baix,0.0,90.0,42.9,390.0,8.0,926.0,778.0,7.95,0.109,0.73,0.0,0.0,28.58,28.41,0.0,0.0,0,0,0,0.0,,0,inactiu
37.85,16/07/2026 16:00,46.3,0.0,0,alt,0,0.2,baix,baix,0.0,90.0,42.9,390.0,8.0,858.0,706.0,7.25,0.109,0.69,0.0,0.0,28.62,28.41,0.0,0.0,0,0,0,0.0,,0,inactiu
36.9,16/07/2026 16:30,54.75,0.0,0,alt,0,0.2,baix,baix,0.0,90.0,42.9,390.0,8.0,858.0,706.0,7.25,0.109,0.69,0.0,0.0,28.65,28.42,0.0,0.0,0,0,0,0.0,,0,inactiu
35.849999999999994,16/07/2026 17:00,58.1,0.0,0,alt,0,0.2,baix,baix,0.0,90.0,42.9,390.0,8.0,748.0,610.0,6.05,0.109,0.59,0.0,0.0,28.67,28.42,0.0,0.0,0,0,0,0.0,,0,inactiu
36.400000000000006,16/07/2026 17:30,52.55,0.0,0,alt,0,0.2,baix,baix,0.0,90.0,42.9,390.0,8.0,748.0,610.0,6.05,0.109,0.59,0.0,0.0,28.7,28.42,0.0,0.0,0,0,0,0.0,,0,inactiu
37.3,16/07/2026 18:00,47.85,0.0,0,alt,0,0.2,baix,baix,0.0,90.0,42.9,390.0,8.0,597.0,480.0,4.5,0.109,0.47,0.0,0.0,28.77,28.43,0.0,0.0,0,0,0,0.0,,0,inactiu
37.35,16/07/2026 18:30,46.9,0.0,0,alt,0,0.2,baix,baix,0.0,90.0,42.9,390.0,8.0,597.0,480.0,4.5,0.109,0.47,0.0,0.0,28.85,28.43,0.0,0.0,0,0,0,0.0,,0,inactiu
37.75,16/07/2026 19:00,41.65,0.0,0,alt,0,0.2,baix,baix,0.0,90.0,42.9,390.0,8.0,416.0,314.0,2.8,0.109,0.33,0.0,0.0,28.95,28.44,0.0,0.0,0,0,0,0.0,,0,inactiu
35.099999999999994,16/07/2026 19:30,57.7,0.0,0,alt,0,0.2,baix,baix,0.0,90.0,42.9,390.0,8.0,416.0,314.0,2.8,0.109,0.33,0.0,0.0,29.01,28.45,0.0,0.0,0,0,0,0.0,,0,inactiu
32.4,16/07/2026 20:00,68.3,0.0,0,alt,0,0.1,baix,baix,0.0,90.0,42.9,390.0,8.0,228.0,149.0,1.35,0.109,0.17,0.0,0.0,29.03,28.45,0.0,0.0,0,0,0,0.0,,0,inactiu
30.85,16/07/2026 20:30,75.05,0.0,0,alt,0,0.1,baix,baix,0.0,90.0,42.9,390.0,8.0,228.0,149.0,1.35,0.109,0.17,0.0,0.0,29.04,28.45,0.0,0.0,0,0,0,0.0,,0,inactiu
29.6,16/07/2026 21:00,78.95,0.0,0,alt,0,0.1,baix,baix,0.0,90.0,42.9,390.0,8.0,65.0,27.0,0.35,0.109,0.05,0.0,0.0,29.04,28.45,0.0,0.0,0,0,0,0.0,,0,inactiu
28.65,16/07/2026 21:30,81.75,0.0,0,alt,0,0.1,baix,baix,0.5,90.0,42.9,390.0,8.0,65.0,27.0,0.35,0.109,0.05,0.0,0.0,29.04,28.45,0.0,0.0,0,0,0,0.0,,0,inactiu
27.950000000000003,16/07/2026 22:00,86.35,0.0,0,alt,0,0.1,baix,baix,1.0,90.0,42.9,390.0,8.0,1.0,0.0,0.0,0.109,0.0,0.0,0.0,29.05,28.46,0.0,0.0,0,0,0,0.0,,0,inactiu
27.6,16/07/2026 22:30,88.69999999999999,0.0,0,alt,0,0.1,baix,baix,1.5,90.0,42.9,390.0,8.0,1.0,0.0,0.0,0.109,0.0,0.0,0.0,29.09,28.46,0.0,0.0,0,0,0,0.0,,0,inactiu
27.35,16/07/2026 23:00,90.2,0.0,0,alt,1,0.0,baix,baix,2.0,90.0,42.9,390.0,8.0,0.0,0.0,0.0,0.109,0.0,0.0,0.0,29.14,28.47,0.5,13.7,0,0,0,0.0,,0,inactiu
27.450000000000003,16/07/2026 23:30,88.05000000000001,0.0,0,alt,1,0.0,baix,baix,2.5,90.0,42.9,390.0,8.0,0.0,0.0,0.0,0.109,0.0,0.0,0.0,29.21,28.48,1.0,27.4,0,0,0,0.0,,0,inactiu
27.1,17/07/2026 00:00,89.05000000000001,0.0,0,alt,0,0.0,baix,baix,3.0,100.0,57.1,270.0,8.0,0.0,0.0,0.0,0.109,0.0,0.0,0.0,29.3,28.5,0.0,0.0,0,0,0,0.0,,0,inactiu
27.85,17/07/2026 00:30,88.35,0.0,0,alt,0,0.0,baix,baix,3.5,100.0,57.1,270.0,8.0,0.0,0.0,0.0,0.109,0.0,0.0,0.0,29.41,28.51,0.0,0.0,0,0,0,0.0,,0,inactiu
27.9,17/07/2026 01:00,87.55,0.0,0,alt,0,0.0,baix,baix,4.0,100.0,57.1,270.0,8.0,0.0,0.0,0.0,0.109,0.0,0.0,0.0,29.53,28.53,0.0,0.0,0,0,0,0.0,,0,inactiu
27.9,17/07/2026 01:30,87.6,0.0,0,alt,0,0.0,baix,baix,4.5,100.0,57.1,270.0,8.0,0.0,0.0,0.0,0.109,0.0,0.0,0.0,29.65,28.55,0.0,0.0,0,0,0,0.0,,0,inactiu
27.65,17/07/2026 02:00,87.4,0.0,0,alt,0,0.0,baix,baix,5.0,100.0,57.1,270.0,8.0,0.0,0.0,0.0,0.109,0.0,0.0,0.0,29.76,28.57,0.0,0.0,0,0,0,0.0,,0,inactiu
27.6,17/07/2026 02:30,88.55,0.0,0,alt,0,0.0,baix,baix,5.5,100.0,57.1,270.0,8.0,0.0,0.0,0.0,0.109,0.0,0.0,0.0,29.87,28.59,0.0,0.0,0,0,0,0.0,,0,inactiu
27.5,17/07/2026 03:00,89.65,0.0,0,alt,0,0.0,baix,baix,6.0,100.0,57.1,270.0,8.0,0.0,0.0,0.0,0.109,0.0,0.0,0.0,29.94,28.61,0.0,0.0,0,0,0,0.0,,0,inactiu
27.25,17/07/2026 03:30,90.55,0.0,0,alt,1,0.0,baix,baix,6.5,100.0,57.1,270.0,8.0,0.0,0.0,0.0,0.109,0.0,0.0,0.0,30.03,28.63,0.5,13.6,0,0,0,0.0,,0,inactiu
27.15,17/07/2026 04:00,91.3,0.0,0,alt,1,0.0,baix,baix,7.0,100.0,57.1,270.0,8.0,0.0,0.0,0.0,0.109,0.0,0.0,0.0,30.16,28.66,1.0,27.2,0,0,0,0.0,,0,inactiu
26.85,17/07/2026 04:30,92.0,0.0,0,alt,1,0.0,baix,baix,7.5,100.0,57.1,270.0,8.0,0.0,0.0,0.0,0.109,0.0,0.0,0.0,30.31,28.68,1.5,40.6,0,0,0,0.0,,0,inactiu
26.0,17/07/2026 05:00,92.75,0.0,0,alt,1,10.7,baix,baix,8.0,100.0,57.1,270.0,8.0,0.0,0.0,0.0,0.109,0.0,0.0,0.0,30.44,28.7,2.0,53.6,0,0,0,0.0,,0,inactiu
25.200000000000003,17/07/2026 05:30,94.1,0.0,0,alt,1,16.3,baix,baix,8.5,100.0,57.1,270.0,8.0,0.0,0.0,0.0,0.109,0.0,0.0,0.0,30.55,28.72,2.5,66.2,0,0,0,0.0,,0,inactiu
24.85,17/07/2026 06:00,94.6,0.0,0,alt,1,24.4,moderat,baix,9.0,100.0,57.1,270.0,8.0,0.0,0.0,0.0,0.109,0.0,0.0,0.0,30.64,28.73,3.0,78.6,0,0,0,0.0,,0,inactiu
23.65,17/07/2026 06:30,94.6,0.0,0,alt,1,34.0,moderat,baix,9.5,100.0,57.1,270.0,8.0,0.0,0.0,0.0,0.109,0.0,0.0,0.0,30.71,28.73,3.5,90.5,0,0,0,0.0,,0,inactiu
23.35,17/07/2026 07:00,95.2,0.0,0,alt,1,45.7,moderat,baix,10.0,100.0,57.1,270.0,8.0,6.0,1.0,0.0,0.109,0.0,0.0,0.0,30.79,28.73,4.0,0.0,0,0,0,0.0,,0,inactiu
24.55,17/07/2026 07:30,95.0,0.0,0,alt,1,59.8,alt,baix,10.5,100.0,57.1,270.0,8.0,6.0,1.0,0.0,0.109,0.0,0.0,0.0,30.81,28.73,4.5,0.0,0,0,0,0.0,,0,inactiu
26.3,17/07/2026 08:00,89.8,0.0,0,alt,1,73.9,alt,baix,11.0,100.0,57.1,270.0,8.0,97.0,47.0,0.5,0.109,0.06,0.0,0.0,30.79,28.73,5.0,0.0,0,0,0,0.0,,0,inactiu
27.9,17/07/2026 08:30,82.9,0.0,0,alt,1,85.1,alt,baix,11.5,100.0,57.1,270.0,8.0,97.0,47.0,0.5,0.109,0.06,0.0,0.0,30.8,28.73,5.5,0.0,0,0,0,0.0,,0,inactiu
29.1,17/07/2026 09:00,78.4,0.0,0,alt,0,80.7,alt,baix,12.0,100.0,57.1,270.0,8.0,270.0,183.0,1.6,0.109,0.19,0.0,0.0,30.8,28.74,0.0,0.0,0,0,0,0.0,,0,inactiu
30.450000000000003,17/07/2026 09:30,72.19999999999999,0.0,0,alt,0,76.6,alt,baix,0.0,100.0,57.1,270.0,8.0,270.0,183.0,1.6,0.109,0.19,0.0,0.0,30.8,28.74,0.0,0.0,0,0,0,0.0,,0,inactiu
30.5,17/07/2026 10:00,73.7,0.0,0,alt,0,72.6,alt,baix,0.0,100.0,57.1,270.0,8.0,456.0,346.0,3.15,0.109,0.34,0.0,0.0,30.79,28.73,0.0,0.0,0,0,0,0.0,,0,inactiu
31.0,17/07/2026 10:30,70.44999999999999,0.0,0,alt,0,68.9,alt,baix,0.0,100.0,57.1,270.0,8.0,456.0,346.0,3.15,0.109,0.34,0.0,0.0,30.78,28.73,0.0,0.0,0,0,0,0.0,,0,inactiu
32.05,17/07/2026 11:00,64.2,0.0,0,alt,0,65.4,alt,baix,0.0,100.0,57.1,270.0,8.0,619.0,464.0,4.85,0.109,0.45,0.0,0.0,30.74,28.73,0.0,0.0,0,0,0,0.0,,0,inactiu
33.599999999999994,17/07/2026 11:30,54.75,0.0,0,alt,0,62.0,alt,baix,0.0,100.0,57.1,270.0,8.0,619.0,464.0,4.85,0.109,0.45,0.0,0.0,30.74,28.72,0.0,0.0,0,0,0,0.0,,0,inactiu
33.9,17/07/2026 12:00,55.900000000000006,0.0,0,alt,0,58.8,alt,baix,0.0,100.0,57.1,270.0,8.0,744.0,520.0,6.35,0.109,0.57,0.0,0.0,30.74,28.72,0.0,0.0,0,0,0,0.0,,0,inactiu
34.3,17/07/2026 12:30,56.65,0.0,0,alt,0,55.8,alt,baix,0.0,100.0,57.1,270.0,8.0,744.0,520.0,6.35,0.109,0.57,0.0,0.0,30.74,28.71,0.0,0.0,0,0,0,0.0,,0,inactiu
35.25,17/07/2026 13:00,53.0,0.0,0,alt,0,53.0,alt,baix,0.0,100.0,57.1,270.0,8.0,848.0,627.0,7.45,0.109,0.66,0.0,0.0,30.76,28.71,0.0,0.0,0,0,0,0.0,,0,inactiu
36.05,17/07/2026 13:30,49.3,0.0,0,alt,0,50.2,alt,baix,0.0,100.0,57.1,270.0,8.0,848.0,627.0,7.45,0.109,0.66,0.0,0.0,30.77,28.7,0.0,0.0,0,0,0,0.0,,0,inactiu
37.2,17/07/2026 14:00,47.5,0.0,0,alt,0,47.7,moderat,baix,0.0,100.0,57.1,270.0,8.0,851.0,595.0,8.0,0.105,0.66,0.0,0.0,30.8,28.7,0.0,0.0,0,0,0,0.0,,0,inactiu
35.5,17/07/2026 14:30,54.85,0.0,0,alt,0,45.2,moderat,baix,0.0,100.0,57.1,270.0,8.0,851.0,595.0,8.0,0.105,0.66,0.0,0.0,30.77,28.7,0.0,0.0,0,0,0,0.0,,0,inactiu
34.6,17/07/2026 15:00,55.65,0.0,0,alt,0,42.9,moderat,baix,0.0,100.0,57.1,270.0,8.0,824.0,539.0,7.95,0.105,0.64,0.0,0.0,30.71,28.7,0.0,0.0,0,0,0,0.0,,0,inactiu
34.3,17/07/2026 15:30,56.95,0.0,0,alt,0,40.7,moderat,baix,0.0,100.0,57.1,270.0,8.0,824.0,539.0,7.95,0.105,0.64,0.0,0.0,30.64,28.69,0.0,0.0,0,0,0,0.0,,0,inactiu
34.599999999999994,17/07/2026 16:00,58.9,0.0,0,alt,0,38.6,moderat,baix,0.0,100.0,57.1,270.0,8.0,810.0,587.0,7.25,0.105,0.63,0.0,0.0,30.57,28.68,0.0,0.0,0,0,0,0.0,,0,inactiu
35.05,17/07/2026 16:30,58.1,0.0,0,alt,0,36.6,moderat,baix,0.0,100.0,57.1,270.0,8.0,810.0,587.0,7.25,0.105,0.63,0.0,0.0,30.53,28.68,0.0,0.0,0,0,0,0.0,,0,inactiu
35.95,17/07/2026 17:00,52.6,0.0,0,alt,0,34.7,moderat,baix,0.0,100.0,57.1,270.0,8.0,720.0,553.0,6.05,0.105,0.56,0.0,0.0,30.54,28.68,0.0,0.0,0,0,0,0.0,,0,inactiu
36.05,17/07/2026 17:30,52.7,0.0,0,alt,0,33.0,moderat,baix,0.0,100.0,57.1,270.0,8.0,720.0,553.0,6.05,0.105,0.56,0.0,0.0,30.53,28.68,0.0,0.0,0,0,0,0.0,,0,inactiu
35.55,17/07/2026 18:00,53.1,0.0,0,alt,0,31.3,moderat,baix,0.0,100.0,57.1,270.0,8.0,533.0,353.0,4.5,0.105,0.42,0.0,0.0,30.49,28.68,0.0,0.0,0,0,0,0.0,,0,inactiu
35.3,17/07/2026 18:30,53.65,0.0,0,alt,0,29.7,moderat,baix,0.0,100.0,57.1,270.0,8.0,533.0,353.0,4.5,0.105,0.42,0.0,0.0,30.45,28.68,0.0,0.0,0,0,0,0.0,,0,inactiu
34.75,17/07/2026 19:00,54.3,0.0,0,alt,0,28.1,moderat,baix,0.0,100.0,57.1,270.0,8.0,380.0,253.0,2.8,0.105,0.31,0.0,0.0,30.39,28.68,0.0,0.0,0,0,0,0.0,,0,inactiu
34.1,17/07/2026 19:30,54.6,0.0,0,alt,0,26.7,moderat,baix,0.0,100.0,57.1,270.0,8.0,380.0,253.0,2.8,0.105,0.31,0.0,0.0,30.37,28.69,0.0,0.0,0,0,0,0.0,,0,inactiu
32.7,17/07/2026 20:00,57.35,0.0,0,alt,0,25.3,moderat,baix,0.0,100.0,57.1,270.0,8.0,204.0,119.0,1.35,0.105,0.17,0.0,0.0,30.37,28.69,0.0,0.0,0,0,0,0.0,,0,inactiu
31.1,17/07/2026 20:30,65.7,0.0,0,alt,0,24.0,moderat,baix,0.0,100.0,57.1,270.0,8.0,204.0,119.0,1.35,0.105,0.17,0.0,0.0,30.38,28.68,0.0,0.0,0,0,0,0.0,,0,inactiu
30.3,17/07/2026 21:00,67.94999999999999,0.0,0,alt,0,22.8,moderat,baix,0.0,100.0,57.1,270.0,8.0,56.0,19.0,0.35,0.105,0.06,0.0,0.0,30.39,28.69,0.0,0.0,0,0,0,0.0,,0,inactiu
29.950000000000003,17/07/2026 21:30,66.85,0.0,0,alt,0,21.6,moderat,baix,0.0,100.0,57.1,270.0,8.0,56.0,19.0,0.35,0.105,0.06,0.0,0.0,30.42,28.69,0.0,0.0,0,0,0,0.0,,0,inactiu
29.35,17/07/2026 22:00,72.0,0.0,0,alt,0,20.5,moderat,baix,0.5,100.0,57.1,270.0,8.0,0.0,0.0,0.0,0.105,0.03,0.0,0.0,30.45,28.7,0.0,0.0,0,0,0,0.0,,0,inactiu
28.700000000000003,17/07/2026 22:30,75.7,0.0,0,alt,0,19.5,baix,baix,1.0,100.0,57.1,270.0,8.0,0.0,0.0,0.0,0.105,0.03,0.0,0.0,30.47,28.7,0.0,0.0,0,0,0,0.0,,0,inactiu
27.95,17/07/2026 23:00,78.6,0.0,0,alt,0,18.5,baix,baix,1.5,100.0,57.1,270.0,8.0,0.0,0.0,0.0,0.105,0.0,0.0,0.0,30.48,28.71,0.0,0.0,0,0,0,0.0,,0,inactiu
27.5,17/07/2026 23:30,83.55,0.0,0,alt,0,17.5,baix,baix,2.0,100.0,57.1,270.0,8.0,0.0,0.0,0.0,0.105,0.0,0.0,0.0,30.48,28.72,0.0,0.0,0,0,0,0.0,,0,inactiu
27.0,18/07/2026 00:00,86.65,0.0,0,alt,0,16.6,baix,baix,2.5,100.0,71.4,210.0,8.0,0.0,0.0,0.0,0.105,0.0,0.0,0.0,30.48,28.73,0.0,0.0,0,0,0,0.0,,0,inactiu
26.1,18/07/2026 00:30,87.19999999999999,0.0,0,alt,0,15.8,baix,baix,3.0,100.0,71.4,210.0,8.0,0.0,0.0,0.0,0.105,0.0,0.0,0.0,30.45,28.74,0.0,0.0,0,0,0,0.0,,0,inactiu
25.3,18/07/2026 01:00,86.55000000000001,0.0,0,alt,0,15.0,baix,baix,3.5,100.0,71.4,210.0,8.0,0.0,0.0,0.0,0.105,0.0,0.0,0.0,30.39,28.76,0.0,0.0,0,0,0,0.0,,0,inactiu
25.35,18/07/2026 01:30,86.35,0.0,0,alt,0,14.2,baix,baix,4.0,100.0,71.4,210.0,8.0,0.0,0.0,0.0,0.105,0.0,0.0,0.0,30.34,28.77,0.0,0.0,0,0,0,0.0,,0,inactiu
24.95,18/07/2026 02:00,86.05,0.0,0,alt,0,13.5,baix,baix,4.5,100.0,71.4,210.0,8.0,0.0,0.0,0.0,0.098,0.0,0.0,0.0,30.28,28.78,0.0,0.0,0,0,0,0.0,,0,inactiu
24.700000000000003,18/07/2026 02:30,89.0,0.0,0,alt,0,12.8,baix,baix,5.0,100.0,71.4,210.0,8.0,0.0,0.0,0.0,0.098,0.0,0.0,0.0,30.22,28.8,0.0,0.0,0,0,0,0.0,,0,inactiu
23.700000000000003,18/07/2026 03:00,90.6,0.0,0,alt,1,0.0,baix,baix,5.5,100.0,71.4,210.0,8.0,0.0,0.0,0.0,0.098,0.0,0.0,0.0,30.14,28.81,0.5,11.9,0,0,0,0.0,,0,inactiu
23.4,18/07/2026 03:30,91.0,0.0,0,alt,1,0.0,baix,baix,6.5,100.0,71.4,210.0,8.0,0.0,0.0,0.0,0.098,0.0,0.0,0.0,30.06,28.82,1.5,35.2,0,0,0,0.0,,0,inactiu
25.4,18/07/2026 04:30,91.0,0.0,0,alt,1,4.0,baix,baix,7.0,100.0,71.4,210.0,8.0,0.0,0.0,0.0,0.098,0.0,0.0,0.0,30.09,28.87,2.0,48.0,0,0,0,0.0,,0,inactiu
25.55,18/07/2026 05:00,91.0,0.0,0,alt,1,7.9,baix,baix,7.5,100.0,71.4,210.0,8.0,0.0,0.0,0.0,0.098,0.0,0.0,0.0,30.08,28.89,2.5,60.7,0,0,0,0.0,,0,inactiu
24.85,18/07/2026 05:30,91.7,0.0,0,alt,1,13.9,baix,baix,8.0,100.0,71.4,210.0,8.0,0.0,0.0,0.0,0.098,0.0,0.0,0.0,30.08,28.91,3.0,73.2,0,0,0,0.0,,0,inactiu
23.950000000000003,18/07/2026 06:00,93.25,0.0,0,alt,1,22.5,moderat,baix,8.5,100.0,71.4,210.0,8.0,0.0,0.0,0.0,0.098,0.0,0.0,0.0,30.06,28.93,3.5,85.1,0,0,0,0.0,,0,inactiu
23.65,18/07/2026 06:30,94.45,0.0,0,alt,1,34.0,moderat,baix,9.0,100.0,71.4,210.0,8.0,0.0,0.0,0.0,0.098,0.0,0.0,0.0,30.06,28.95,4.0,0.0,0,0,0,0.0,,0,inactiu
23.1,18/07/2026 07:00,94.65,0.0,0,alt,1,47.3,moderat,baix,9.5,100.0,71.4,210.0,8.0,3.0,0.0,0.0,0.098,0.01,0.0,0.0,30.05,28.96,4.5,0.0,0,0,0,0.0,,0,inactiu
23.9,18/07/2026 07:30,95.15,0.0,0,alt,1,62.0,alt,baix,10.0,100.0,71.4,210.0,8.0,3.0,0.0,0.0,0.098,0.01,0.0,0.0,30.04,28.97,5.0,0.0,0,0,0,0.0,,0,inactiu
26.05,18/07/2026 08:00,92.75,0.0,0,alt,1,76.1,alt,baix,10.5,100.0,71.4,210.0,8.0,71.0,17.0,0.45,0.102,0.05,0.0,0.0,30.03,28.98,5.5,0.0,0,0,0,0.0,,0,inactiu
27.9,18/07/2026 08:30,85.95,0.0,0,alt,1,86.8,alt,moderat,11.0,100.0,71.4,210.0,8.0,71.0,17.0,0.45,0.102,0.05,0.0,0.0,30.03,28.98,6.0,0.0,0,0,0,0.0,,0,inactiu
28.35,18/07/2026 09:00,83.65,0.0,0,alt,0,82.4,alt,baix,11.5,100.0,71.4,210.0,8.0,164.0,32.0,1.6,0.102,0.12,0.0,0.0,30.02,28.98,0.0,0.0,0,0,0,0.0,,0,inactiu
29.700000000000003,18/07/2026 09:30,77.19999999999999,0.0,0,alt,0,78.1,alt,baix,0.0,100.0,71.4,210.0,8.0,164.0,32.0,1.6,0.102,0.12,0.0,0.0,30.0,28.98,0.0,0.0,0,0,0,0.0,,0,inactiu
30.4,18/07/2026 10:00,73.9,0.0,0,alt,0,74.1,alt,baix,0.0,100.0,71.4,210.0,8.0,323.0,86.0,3.15,0.102,0.23,0.0,0.0,30.0,28.97,0.0,0.0,0,0,0,0.0,,0,inactiu
31.85,18/07/2026 10:30,63.25,0.0,0,alt,0,70.3,alt,baix,0.0,100.0,71.4,210.0,8.0,323.0,86.0,3.15,0.102,0.23,0.0,0.0,30.02,28.97,0.0,0.0,0,0,0,0.0,,0,inactiu
31.75,18/07/2026 11:00,64.94999999999999,0.0,0,alt,0,66.7,alt,baix,0.0,100.0,71.4,210.0,8.0,578.0,347.0,4.6,0.102,0.42,0.0,0.0,30.01,28.96,0.0,0.0,0,0,0,0.0,,0,inactiu
31.85,18/07/2026 11:30,63.3,0.0,0,alt,0,63.3,alt,baix,0.0,100.0,71.4,210.0,8.0,578.0,347.0,4.6,0.102,0.42,0.0,0.0,29.97,28.96,0.0,0.0,0,0,0,0.0,,0,inactiu
32.05,18/07/2026 12:00,61.2,0.0,0,alt,0,60.0,alt,baix,0.0,100.0,71.4,210.0,8.0,736.0,499.0,6.25,0.102,0.54,0.0,0.0,29.93,28.96,0.0,0.0,0,0,0,0.0,,0,inactiu
34.1,18/07/2026 12:30,55.25,0.0,0,alt,0,57.0,alt,baix,0.0,100.0,71.4,210.0,8.0,736.0,499.0,6.25,0.102,0.54,0.0,0.0,29.93,28.97,0.0,0.0,0,0,0,0.0,,0,inactiu
34.150000000000006,18/07/2026 13:00,58.1,0.0,0,alt,0,54.0,alt,baix,0.0,100.0,71.4,210.0,8.0,862.0,648.0,7.4,0.102,0.63,0.0,0.0,29.91,28.99,0.0,0.0,0,0,0,0.0,,0,inactiu
33.65,18/07/2026 13:30,59.8,0.0,0,alt,0,51.3,alt,baix,0.0,100.0,71.4,210.0,8.0,862.0,648.0,7.4,0.102,0.63,0.0,0.0,29.86,29.0,0.0,0.0,0,0,0,0.0,,0,inactiu
33.849999999999994,18/07/2026 14:00,58.35,0.0,0,alt,0,48.6,moderat,baix,0.0,100.0,71.4,210.0,8.0,925.0,733.0,8.05,0.106,0.71,0.0,0.0,29.78,29.01,0.0,0.0,0,0,0,0.0,,0,inactiu
33.650000000000006,18/07/2026 14:30,60.35,0.0,0,alt,0,46.1,moderat,baix,0.0,100.0,71.4,210.0,8.0,925.0,733.0,8.05,0.106,0.71,0.0,0.0,29.74,28.99,0.0,0.0,0,0,0,0.0,,0,inactiu
33.8,18/07/2026 15:00,58.85,0.0,0,alt,0,43.8,moderat,baix,0.0,100.0,71.4,210.0,8.0,899.0,700.0,7.95,0.106,0.7,0.0,0.0,29.73,28.98,0.0,0.0,0,0,0,0.0,,0,inactiu
34.3,18/07/2026 15:30,55.65,0.0,0,alt,0,41.5,moderat,baix,0.0,100.0,71.4,210.0,8.0,899.0,700.0,7.95,0.106,0.7,0.0,0.0,29.73,28.97,0.0,0.0,0,0,0,0.0,,0,inactiu
34.900000000000006,18/07/2026 16:00,53.85,0.0,0,alt,0,39.4,moderat,baix,0.0,100.0,71.4,210.0,8.0,853.0,696.0,7.25,0.106,0.68,0.0,0.0,29.73,28.95,0.0,0.0,0,0,0,0.0,,0,inactiu
35.45,18/07/2026 16:30,51.6,0.0,0,alt,0,37.4,moderat,baix,0.0,100.0,71.4,210.0,8.0,853.0,696.0,7.25,0.106,0.68,0.0,0.0,29.74,28.95,0.0,0.0,0,0,0,0.0,,0,inactiu
36.6,18/07/2026 17:00,41.8,0.0,0,alt,0,35.4,moderat,baix,0.0,100.0,71.4,210.0,8.0,746.0,613.0,6.05,0.106,0.58,0.0,0.0,29.76,28.95,0.0,0.0,0,0,0,0.0,,0,inactiu
36.25,18/07/2026 17:30,40.35,0.0,0,alt,0,33.6,moderat,baix,0.0,100.0,71.4,210.0,8.0,746.0,613.0,6.05,0.106,0.58,0.0,0.0,29.76,28.95,0.0,0.0,0,0,0,0.0,,0,inactiu
35.849999999999994,18/07/2026 18:00,41.4,0.0,0,alt,0,31.9,moderat,baix,0.0,100.0,71.4,210.0,8.0,567.0,424.0,4.5,0.106,0.46,0.0,0.0,29.77,28.94,0.0,0.0,0,0,0,0.0,,0,inactiu
36.25,18/07/2026 18:30,36.85,0.0,0,alt,0,30.3,moderat,baix,0.0,100.0,71.4,210.0,8.0,567.0,424.0,4.5,0.106,0.46,0.0,0.0,29.79,28.94,0.0,0.0,0,0,0,0.0,,0,inactiu
36.2,18/07/2026 19:00,36.2,0.0,0,alt,0,28.7,moderat,baix,0.0,100.0,71.4,210.0,8.0,411.0,308.0,2.8,0.106,0.33,0.0,0.0,29.82,28.94,0.0,0.0,0,0,0,0.0,,0,inactiu
35.55,18/07/2026 19:30,38.35,0.0,0,alt,0,27.2,moderat,baix,0.0,100.0,71.4,210.0,8.0,411.0,308.0,2.8,0.106,0.33,0.0,0.0,29.85,28.95,0.0,0.0,0,0,0,0.0,,0,inactiu
32.75,18/07/2026 20:00,62.85,0.0,0,alt,0,25.8,moderat,baix,0.0,100.0,71.4,210.0,8.0,223.0,147.0,1.3,0.114,0.18,0.0,0.0,29.85,28.94,0.0,0.0,0,0,0,0.0,,0,inactiu
30.6,18/07/2026 20:30,72.85,0.0,0,alt,0,24.5,moderat,baix,0.0,100.0,71.4,210.0,8.0,223.0,147.0,1.3,0.114,0.18,0.0,0.0,29.84,28.94,0.0,0.0,0,0,0,0.0,,0,inactiu
29.25,18/07/2026 21:00,79.8,0.0,0,alt,0,23.3,moderat,baix,0.5,100.0,71.4,210.0,8.0,62.0,25.0,0.3,0.114,0.06,0.0,0.0,29.82,28.94,0.0,0.0,0,0,0,0.0,,0,inactiu
28.35,18/07/2026 21:30,83.85,0.0,0,alt,0,22.1,moderat,baix,1.0,100.0,71.4,210.0,8.0,62.0,25.0,0.3,0.114,0.06,0.0,0.0,29.78,28.94,0.0,0.0,0,0,0,0.0,,0,inactiu
27.8,18/07/2026 22:00,86.5,0.0,0,alt,0,20.9,moderat,baix,1.5,100.0,71.4,210.0,8.0,0.0,0.0,0.0,0.113,0.03,0.0,0.0,29.75,28.94,0.0,0.0,0,0,0,0.0,,0,inactiu
27.35,18/07/2026 22:30,88.44999999999999,0.0,0,alt,0,19.9,baix,baix,2.0,100.0,71.4,210.0,8.0,0.0,0.0,0.0,0.113,0.03,0.0,0.0,29.72,28.94,0.0,0.0,0,0,0,0.0,,0,inactiu
26.9,18/07/2026 23:00,90.05,0.0,0,alt,1,0.0,baix,baix,2.5,100.0,71.4,210.0,8.0,0.0,0.0,0.0,0.113,0.0,0.0,0.0,29.7,28.94,0.5,13.4,0,0,0,0.0,,0,inactiu
26.55,18/07/2026 23:30,90.9,0.0,0,alt,1,0.0,baix,baix,3.0,100.0,71.4,210.0,8.0,0.0,0.0,0.0,0.113,0.0,0.0,0.0,29.68,28.95,1.0,26.7,0,0,0,0.0,,0,inactiu
25.700000000000003,19/07/2026 00:00,90.55,0.0,0,alt,1,0.0,baix,baix,3.5,100.0,85.7,240.0,7.8,0.0,0.0,0.0,0.113,0.0,0.0,0.0,29.65,28.95,1.5,39.6,0,0,0,0.0,,0,inactiu
24.5,19/07/2026 00:30,91.1,0.0,0,alt,1,7.8,baix,baix,4.0,100.0,85.7,240.0,7.8,0.0,0.0,0.0,0.113,0.0,0.0,0.0,29.62,28.96,2.0,51.8,0,0,0,0.0,,0,inactiu
23.7,19/07/2026 01:00,91.45,0.0,0,alt,1,11.6,baix,baix,4.5,100.0,85.7,240.0,7.8,0.0,0.0,0.0,0.113,0.0,0.0,0.0,29.58,28.97,2.5,63.7,0,0,0,0.0,,0,inactiu
23.7,19/07/2026 01:30,93.05,0.0,0,alt,1,17.8,baix,baix,5.0,100.0,85.7,240.0,7.8,0.0,0.0,0.0,0.113,0.0,0.0,0.0,29.55,28.97,3.0,75.5,0,0,0,0.0,,0,inactiu
25.35,19/07/2026 02:00,95.05,0.0,0,alt,1,28.7,moderat,baix,5.5,100.0,85.7,240.0,7.8,0.0,0.0,0.0,0.096,0.0,0.0,0.0,29.56,28.99,3.5,88.2,0,0,0,0.0,,0,inactiu
24.950000000000003,19/07/2026 02:30,94.45,0.0,0,alt,1,42.2,moderat,baix,6.0,100.0,85.7,240.0,7.8,0.0,0.0,0.0,0.096,0.0,0.0,0.0,29.56,29.0,4.0,0.0,0,0,0,0.0,,0,inactiu
22.85,19/07/2026 03:00,93.95,0.0,0,alt,1,54.9,alt,baix,6.5,100.0,85.7,240.0,7.8,0.0,0.0,0.0,0.096,0.0,0.0,0.0,29.54,29.01,4.5,11.4,0,0,0,0.0,,0,inactiu
22.35,19/07/2026 03:30,94.8,0.0,0,alt,1,66.9,alt,baix,7.0,100.0,85.7,240.0,7.8,0.0,0.0,0.0,0.096,0.0,0.0,0.0,29.52,29.02,5.0,22.6,0,0,0,0.0,,0,inactiu
21.55,19/07/2026 04:00,95.15,0.0,0,alt,1,76.9,alt,baix,7.5,100.0,85.7,240.0,7.8,0.0,0.0,0.0,0.096,0.0,0.0,0.0,29.36,29.03,5.5,33.4,0,0,0,0.0,,0,inactiu
21.75,19/07/2026 04:30,95.8,0.0,0,alt,1,84.8,alt,moderat,8.0,100.0,85.7,240.0,7.8,0.0,0.0,0.0,0.096,0.0,0.0,0.0,29.28,29.05,6.0,44.2,0,0,0,0.0,,0,inactiu
21.6,19/07/2026 05:00,96.2,0.0,0,alt,1,90.4,alt,moderat,8.5,100.0,85.7,240.0,7.8,0.0,0.0,0.0,0.096,0.0,0.0,0.0,29.2,29.06,6.5,55.0,0,0,0,0.0,,0,inactiu
21.5,19/07/2026 05:30,96.5,0.0,0,alt,1,94.1,alt,moderat,9.0,100.0,85.7,240.0,7.8,0.0,0.0,0.0,0.096,0.0,0.0,0.0,29.13,29.07,7.0,65.8,0,0,0,0.0,,0,inactiu
20.65,19/07/2026 06:00,96.7,0.0,0,alt,1,96.4,alt,moderat,0.0,100.0,85.7,240.0,7.8,0.0,0.0,0.0,0.096,0.0,0.0,0.0,29.06,29.08,7.5,76.1,0,0,0,0.0,,0,inactiu
20.9,19/07/2026 06:30,97.15,0.0,0,alt,1,97.9,alt,moderat,0.0,100.0,85.7,240.0,7.8,0.0,0.0,0.0,0.096,0.0,0.0,0.0,29.0,29.09,8.0,0.0,0,0,0,0.0,,0,inactiu
21.25,19/07/2026 07:00,97.3,0.0,0,alt,1,98.7,alt,moderat,0.5,100.0,85.7,240.0,7.8,4.0,0.0,0.0,0.096,0.0,0.0,0.0,28.96,29.1,8.5,0.0,0,0,0,0.0,,0,inactiu
22.55,19/07/2026 07:30,97.2,0.0,0,alt,1,99.3,alt,alt,1.0,100.0,85.7,240.0,7.8,4.0,0.0,0.0,0.096,0.0,0.0,0.0,28.93,29.11,9.0,0.0,0,0,0,0.0,,0,inactiu
23.65,19/07/2026 08:00,94.9,0.0,0,alt,1,99.6,alt,alt,1.5,100.0,85.7,240.0,7.8,85.0,29.0,0.5,0.114,0.05,0.0,0.0,28.88,29.11,9.5,0.0,0,0,0,0.0,,0,inactiu
25.55,19/07/2026 08:30,90.5,0.0,0,alt,1,99.8,alt,alt,2.0,100.0,85.7,240.0,7.8,85.0,29.0,0.5,0.114,0.05,0.0,0.0,28.84,29.11,10.0,0.0,0,0,0,0.0,,0,inactiu
28.200000000000003,19/07/2026 09:00,82.3,0.0,0,alt,0,94.7,alt,baix,2.5,100.0,85.7,240.0,7.8,230.0,118.0,1.6,0.114,0.16,0.0,0.0,28.83,29.12,0.0,0.0,0,0,0,0.0,,0,inactiu
29.4,19/07/2026 09:30,79.35,0.0,0,alt,0,89.8,alt,baix,3.0,100.0,85.7,240.0,7.8,230.0,118.0,1.6,0.114,0.16,0.0,0.0,28.83,29.11,0.0,0.0,0,0,0,0.0,,0,inactiu
30.950000000000003,19/07/2026 10:00,69.9,0.0,0,alt,0,85.2,alt,baix,0.0,100.0,85.7,240.0,7.8,421.0,265.0,3.0,0.114,0.29,0.0,0.0,28.84,29.11,0.0,0.0,0,0,0,0.0,,0,inactiu
34.7,19/07/2026 13:00,59.1,0.0,0,alt,0,80.8,alt,baix,0.0,100.0,85.7,240.0,7.8,730.0,396.0,7.45,0.112,0.57,0.0,0.0,28.45,29.02,0.0,0.0,0,0,0,0.0,,0,inactiu
34.45,19/07/2026 13:30,59.8,0.0,0,alt,0,76.7,alt,baix,0.0,100.0,85.7,240.0,7.8,730.0,396.0,7.45,0.112,0.57,0.0,0.0,28.46,29.02,0.0,0.0,0,0,0,0.0,,0,inactiu
33.35,19/07/2026 14:00,66.75,0.0,0,alt,0,72.8,alt,baix,0.0,100.0,85.7,240.0,7.8,883.0,691.0,7.85,0.105,0.69,0.0,0.0,28.45,29.01,0.0,0.0,0,0,0,0.0,,0,inactiu
33.5,19/07/2026 14:30,66.7,0.0,0,alt,0,69.0,alt,baix,0.0,100.0,85.7,240.0,7.8,883.0,691.0,7.85,0.105,0.69,0.0,0.0,28.45,29.01,0.0,0.0,0,0,0,0.0,,0,inactiu
36.85,19/07/2026 15:00,32.849999999999994,0.0,0,alt,0,65.5,alt,baix,0.0,100.0,85.7,240.0,7.8,905.0,747.0,7.85,0.105,0.72,0.0,0.0,28.52,29.01,0.0,0.0,0,0,0,0.0,,0,inactiu
37.45,19/07/2026 15:30,34.5,0.0,0,alt,0,62.1,alt,baix,0.0,100.0,85.7,240.0,7.8,905.0,747.0,7.85,0.105,0.72,0.0,0.0,28.59,29.0,0.0,0.0,0,0,0,0.0,,0,inactiu
37.3,19/07/2026 16:00,41.9,0.0,0,alt,0,58.9,alt,baix,0.0,100.0,85.7,240.0,7.8,844.0,694.0,7.25,0.105,0.68,0.0,0.0,28.65,29.0,0.0,0.0,0,0,0,0.0,,0,inactiu
36.8,19/07/2026 16:30,48.05,0.0,0,alt,0,55.9,alt,baix,0.0,100.0,85.7,240.0,7.8,844.0,694.0,7.25,0.105,0.68,0.0,0.0,28.68,28.99,0.0,0.0,0,0,0,0.0,,0,inactiu
36.7,19/07/2026 17:00,49.0,0.0,0,alt,0,53.0,alt,baix,0.0,100.0,85.7,240.0,7.8,688.0,454.0,5.8,0.105,0.56,0.0,0.0,28.68,28.98,0.0,0.0,0,0,0,0.0,,0,inactiu
36.35,19/07/2026 17:30,49.95,0.0,0,alt,0,50.3,alt,baix,0.0,100.0,85.7,240.0,7.8,688.0,454.0,5.8,0.105,0.56,0.0,0.0,28.68,28.98,0.0,0.0,0,0,0,0.0,,0,inactiu
35.75,19/07/2026 18:00,50.7,0.0,0,alt,0,47.7,moderat,baix,0.0,100.0,85.7,240.0,7.8,478.0,232.0,4.35,0.105,0.42,0.0,0.0,28.68,28.97,0.0,0.0,0,0,0,0.0,,0,inactiu
35.2,19/07/2026 18:30,52.3,0.0,0,alt,0,45.3,moderat,baix,0.0,100.0,85.7,240.0,7.8,478.0,232.0,4.35,0.105,0.42,0.0,0.0,28.66,28.97,0.0,0.0,0,0,0,0.0,,0,inactiu
33.25,19/07/2026 19:00,66.15,0.0,0,alt,0,43.0,moderat,baix,0.0,100.0,85.7,240.0,7.8,304.0,96.0,2.55,0.105,0.28,0.0,0.0,28.59,28.96,0.0,0.0,0,0,0,0.0,,0,inactiu
32.05,19/07/2026 19:30,71.35,0.0,0,alt,0,40.8,moderat,baix,0.0,100.0,85.7,240.0,7.8,304.0,96.0,2.55,0.105,0.28,0.0,0.0,28.51,28.96,0.0,0.0,0,0,0,0.0,,0,inactiu
31.75,19/07/2026 20:00,72.25,0.0,0,alt,0,38.7,moderat,baix,0.0,100.0,85.7,240.0,7.8,134.0,19.0,1.3,0.105,0.13,0.0,0.0,28.48,28.96,0.0,0.0,0,0,0,0.0,,0,inactiu
31.1,19/07/2026 20:30,73.75,0.0,0,alt,0,36.7,moderat,baix,0.0,100.0,85.7,240.0,7.8,134.0,19.0,1.3,0.105,0.13,0.0,0.0,28.5,28.96,0.0,0.0,0,0,0,0.0,,0,inactiu
29.75,19/07/2026 21:00,79.4,0.0,0,alt,0,34.8,moderat,baix,0.0,100.0,85.7,240.0,7.8,46.0,7.0,0.3,0.105,0.06,0.0,0.0,28.51,28.96,0.0,0.0,0,0,0,0.0,,0,inactiu
28.9,19/07/2026 21:30,82.4,0.0,0,alt,0,33.0,moderat,baix,0.5,100.0,85.7,240.0,7.8,46.0,7.0,0.3,0.105,0.06,0.0,0.0,28.52,28.96,0.0,0.0,0,0,0,0.0,,0,inactiu
28.35,19/07/2026 22:00,83.5,0.0,0,alt,0,31.3,moderat,baix,1.0,100.0,85.7,240.0,7.8,0.0,0.0,0.0,0.105,0.02,0.0,0.0,28.53,28.96,0.0,0.0,0,0,0,0.0,,0,inactiu
28.200000000000003,19/07/2026 22:30,84.05,0.0,0,alt,0,29.7,moderat,baix,1.5,100.0,85.7,240.0,7.8,0.0,0.0,0.0,0.105,0.02,0.0,0.0,28.55,28.97,0.0,0.0,0,0,0,0.0,,0,inactiu
28.2,19/07/2026 23:00,82.8,0.0,0,alt,0,28.2,moderat,baix,2.0,100.0,85.7,240.0,7.8,0.0,0.0,0.0,0.105,0.0,0.0,0.0,28.58,28.97,0.0,0.0,0,0,0,0.0,,0,inactiu
28.05,19/07/2026 23:30,85.45,0.0,0,alt,0,26.7,moderat,baix,2.5,100.0,85.7,240.0,7.8,0.0,0.0,0.0,0.105,0.0,0.0,0.0,28.62,28.98,0.0,0.0,0,0,0,0.0,,0,inactiu
27.8,20/07/2026 00:00,86.85,0.0,0,alt,0,25.4,moderat,baix,3.0,100.0,91.4,420.0,8.0,0.0,0.0,0.0,0.105,0.0,0.0,0.0,28.67,28.99,0.0,0.0,0,0,0,0.0,,0,inactiu
27.6,20/07/2026 00:30,85.85,0.0,0,alt,0,24.1,moderat,baix,3.5,100.0,91.4,420.0,8.0,0.0,0.0,0.0,0.105,0.0,0.0,0.0,28.74,29.0,0.0,0.0,0,0,0,0.0,,0,inactiu
27.55,20/07/2026 01:00,88.55000000000001,0.0,0,alt,0,22.8,moderat,baix,4.0,100.0,91.4,420.0,8.0,0.0,0.0,0.0,0.105,0.0,0.0,0.0,28.83,29.01,0.0,0.0,0,0,0,0.0,,0,inactiu
27.200000000000003,20/07/2026 01:30,90.65,0.0,0,alt,1,0.0,baix,baix,4.5,100.0,91.4,420.0,8.0,0.0,0.0,0.0,0.105,0.0,0.0,0.0,28.91,29.03,0.5,13.6,0,0,0,0.0,,0,inactiu
27.15,20/07/2026 02:00,90.0,0.0,0,alt,1,0.0,baix,baix,5.0,100.0,91.4,420.0,8.0,0.0,0.0,0.0,0.11,0.0,0.0,0.0,28.95,29.04,1.0,27.2,0,0,0,0.0,,0,inactiu
27.25,20/07/2026 02:30,90.3,0.0,0,alt,1,0.0,baix,baix,5.5,100.0,91.4,420.0,8.0,0.0,0.0,0.0,0.11,0.0,0.0,0.0,29.01,29.06,1.5,40.8,0,0,0,0.0,,0,inactiu
27.1,20/07/2026 03:00,89.3,0.0,0,alt,1,12.2,baix,baix,6.0,100.0,91.4,420.0,8.0,0.0,0.0,0.0,0.11,0.0,0.0,0.0,29.1,29.08,2.0,54.4,0,0,0,0.0,,0,inactiu
26.65,20/07/2026 03:30,90.4,0.0,0,alt,1,19.8,baix,baix,6.5,100.0,91.4,420.0,8.0,0.0,0.0,0.0,0.11,0.0,0.0,0.0,29.2,29.1,2.5,67.7,0,0,0,0.0,,0,inactiu
25.9,20/07/2026 04:00,90.8,0.0,0,alt,1,29.6,moderat,baix,7.0,100.0,91.4,420.0,8.0,0.0,0.0,0.0,0.11,0.0,0.0,0.0,29.31,29.11,3.0,80.6,0,0,0,0.0,,0,inactiu
25.35,20/07/2026 04:30,91.7,0.0,0,alt,1,41.6,moderat,baix,7.5,100.0,91.4,420.0,8.0,0.0,0.0,0.0,0.11,0.0,0.0,0.0,29.39,29.12,3.5,93.3,0,0,0,0.0,,0,inactiu
25.25,20/07/2026 05:00,92.2,0.0,0,alt,1,55.1,alt,baix,8.0,100.0,91.4,420.0,8.0,0.0,0.0,0.0,0.11,0.0,0.0,0.0,29.47,29.14,4.0,0.0,0,0,0,0.0,,0,inactiu
25.15,20/07/2026 05:30,92.3,0.0,0,alt,1,68.1,alt,baix,8.5,100.0,91.4,420.0,8.0,0.0,0.0,0.0,0.11,0.0,0.0,0.0,29.56,29.16,4.5,12.6,0,0,0,0.0,,0,inactiu
25.9,20/07/2026 06:00,92.95,0.0,0,alt,1,79.5,alt,baix,9.0,100.0,91.4,420.0,8.0,0.0,0.0,0.0,0.11,0.0,0.0,0.0,29.68,29.18,5.0,25.5,0,0,0,0.0,,0,inactiu
26.3,20/07/2026 06:30,91.7,0.0,0,alt,1,87.7,alt,baix,9.5,100.0,91.4,420.0,8.0,0.0,0.0,0.0,0.11,0.0,0.0,0.0,29.81,29.2,5.5,38.7,0,0,0,0.0,,0,inactiu
26.0,20/07/2026 07:00,92.25,0.0,0,alt,1,92.9,alt,baix,10.0,100.0,91.4,420.0,8.0,3.0,0.0,0.0,0.11,0.0,0.0,0.0,29.92,29.22,6.0,0.0,0,0,0,0.0,,0,inactiu
26.15,20/07/2026 07:30,91.95,0.0,0,alt,1,96.0,alt,baix,10.5,100.0,91.4,420.0,8.0,3.0,0.0,0.0,0.11,0.0,0.0,0.0,30.0,29.23,6.5,0.0,0,0,0,0.0,,0,inactiu
27.1,20/07/2026 08:00,88.25,0.0,0,alt,1,97.9,alt,baix,11.0,100.0,91.4,420.0,8.0,71.0,14.0,0.45,0.11,0.04,0.0,0.0,30.08,29.25,7.0,0.0,0,0,0,0.0,,0,inactiu
28.65,20/07/2026 08:30,81.8,0.0,0,alt,1,98.9,alt,baix,11.5,100.0,91.4,420.0,8.0,71.0,14.0,0.45,0.11,0.04,0.0,0.0,30.15,29.25,7.5,0.0,0,0,0,0.0,,0,inactiu
30.8,20/07/2026 09:00,70.75,0.0,0,alt,0,93.8,alt,baix,0.0,100.0,91.4,420.0,8.0,217.0,93.0,1.5,0.11,0.16,0.0,0.0,30.21,29.26,0.0,0.0,0,0,0,0.0,,0,inactiu
32.4,20/07/2026 09:30,62.55,0.0,0,alt,0,89.0,alt,baix,0.0,100.0,91.4,420.0,8.0,217.0,93.0,1.5,0.11,0.16,0.0,0.0,30.28,29.26,0.0,0.0,0,0,0,0.0,,0,inactiu
33.95,20/07/2026 10:00,54.65,0.0,0,alt,0,84.4,alt,baix,0.0,100.0,91.4,420.0,8.0,430.0,304.0,3.1,0.11,0.31,0.0,0.0,30.35,29.27,0.0,0.0,0,0,0,0.0,,0,inactiu
34.15,20/07/2026 10:30,57.65,0.0,0,alt,0,80.1,alt,baix,0.0,100.0,91.4,420.0,8.0,430.0,304.0,3.1,0.11,0.31,0.0,0.0,30.44,29.27,0.0,0.0,0,0,0,0.0,,0,inactiu
35.6,20/07/2026 11:00,47.9,0.0,0,alt,0,76.0,alt,baix,0.0,100.0,91.4,420.0,8.0,611.0,470.0,4.35,0.11,0.45,0.0,0.0,30.55,29.28,0.0,0.0,0,0,0,0.0,,0,inactiu
35.2,20/07/2026 11:30,52.4,0.0,0,alt,0,72.1,alt,baix,0.0,100.0,91.4,420.0,8.0,611.0,470.0,4.35,0.11,0.45,0.0,0.0,30.66,29.28,0.0,0.0,0,0,0,0.0,,0,inactiu
36.05,20/07/2026 12:00,50.15,0.0,0,alt,0,68.4,alt,baix,0.0,100.0,91.4,420.0,8.0,749.0,585.0,6.3,0.11,0.58,0.0,0.0,30.77,29.29,0.0,0.0,0,0,0,0.0,,0,inactiu
35.7,20/07/2026 12:30,51.35,0.0,0,alt,0,64.9,alt,baix,0.0,100.0,91.4,420.0,8.0,749.0,585.0,6.3,0.11,0.58,0.0,0.0,30.87,29.29,0.0,0.0,0,0,0,0.0,,0,inactiu
35.400000000000006,20/07/2026 13:00,52.0,0.0,0,alt,0,61.6,alt,baix,0.0,100.0,91.4,420.0,8.0,847.0,661.0,7.45,0.11,0.69,0.0,0.0,30.89,29.29,0.0,0.0,0,0,0,0.0,,0,inactiu
33.8,20/07/2026 13:30,63.6,0.0,0,alt,0,58.4,alt,baix,0.0,100.0,91.4,420.0,8.0,847.0,661.0,7.45,0.11,0.69,0.0,0.0,30.87,29.29,0.0,0.0,0,0,0,0.0,,0,inactiu
33.35,20/07/2026 14:00,66.75,0.0,0,alt,0,55.4,alt,baix,0.0,100.0,91.4,420.0,8.0,888.0,690.0,8.0,0.109,0.71,0.0,0.0,30.87,29.28,0.0,0.0,0,0,0,0.0,,0,inactiu
33.7,20/07/2026 14:30,66.2,0.0,0,alt,0,52.6,alt,baix,0.0,100.0,91.4,420.0,8.0,888.0,690.0,8.0,0.109,0.71,0.0,0.0,30.88,29.28,0.0,0.0,0,0,0,0.0,,0,inactiu
35.3,20/07/2026 15:00,60.5,0.0,0,alt,0,49.9,moderat,baix,0.0,100.0,91.4,420.0,8.0,645.0,286.0,7.65,0.109,0.53,0.0,0.0,30.85,29.28,0.0,0.0,0,0,0,0.0,,0,inactiu
35.25,20/07/2026 15:30,58.25,0.0,0,alt,0,47.3,moderat,baix,0.0,100.0,91.4,420.0,8.0,645.0,286.0,7.65,0.109,0.53,0.0,0.0,30.8,29.28,0.0,0.0,0,0,0,0.0,,0,inactiu
35.0,20/07/2026 16:00,57.8,0.0,0,alt,0,44.9,moderat,baix,0.0,100.0,91.4,420.0,8.0,771.0,492.0,7.25,0.109,0.61,0.0,0.0,30.75,29.28,0.0,0.0,0,0,0,0.0,,0,inactiu
35.15,20/07/2026 16:30,56.25,0.0,0,alt,0,42.6,moderat,baix,0.0,100.0,91.4,420.0,8.0,771.0,492.0,7.25,0.109,0.61,0.0,0.0,30.72,29.27,0.0,0.0,0,0,0,0.0,,0,inactiu
37.1,20/07/2026 17:00,48.45,0.0,0,alt,0,40.4,moderat,baix,0.0,100.0,91.4,420.0,8.0,587.0,281.0,5.7,0.109,0.48,0.0,0.0,30.73,29.28,0.0,0.0,0,0,0,0.0,,0,inactiu
36.75,20/07/2026 17:30,48.55,0.0,0,alt,0,38.3,moderat,baix,0.0,100.0,91.4,420.0,8.0,587.0,281.0,5.7,0.109,0.48,0.0,0.0,30.73,29.28,0.0,0.0,0,0,0,0.0,,0,inactiu
36.85,20/07/2026 18:00,47.45,0.0,0,alt,0,36.4,moderat,baix,0.0,100.0,91.4,420.0,8.0,293.0,34.0,3.7,0.109,0.28,0.0,0.0,30.76,29.28,0.0,0.0,0,0,0,0.0,,0,inactiu
36.65,20/07/2026 18:30,47.1,0.0,0,alt,0,34.5,moderat,baix,0.0,100.0,91.4,420.0,8.0,293.0,34.0,3.7,0.109,0.28,0.0,0.0,30.79,29.29,0.0,0.0,0,0,0,0.0,,0,inactiu
35.7,20/07/2026 19:00,53.45,0.0,0,alt,0,32.7,moderat,baix,0.0,100.0,91.4,420.0,8.0,364.0,218.0,2.55,0.109,0.29,0.0,0.0,30.84,29.3,0.0,0.0,0,0,0,0.0,,0,inactiu
34.65,20/07/2026 19:30,57.1,0.0,0,alt,0,31.0,moderat,baix,0.0,100.0,91.4,420.0,8.0,364.0,218.0,2.55,0.109,0.29,0.0,0.0,30.89,29.3,0.0,0.0,0,0,0,0.0,,0,inactiu
33.25,20/07/2026 20:00,61.4,0.0,0,alt,0,29.4,moderat,baix,0.0,100.0,91.4,420.0,8.0,216.0,135.0,1.05,0.109,0.18,0.0,0.0,30.92,29.31,0.0,0.0,0,0,0,0.0,,0,inactiu
32.3,20/07/2026 20:30,64.1,0.0,0,alt,0,27.9,moderat,baix,0.0,100.0,91.4,420.0,8.0,216.0,135.0,1.05,0.109,0.18,0.0,0.0,30.95,29.31,0.0,0.0,0,0,0,0.0,,0,inactiu
31.3,20/07/2026 21:00,66.35,0.0,0,alt,0,26.5,moderat,baix,0.0,100.0,91.4,420.0,8.0,60.0,24.0,0.3,0.109,0.06,0.0,0.0,30.98,29.32,0.0,0.0,0,0,0,0.0,,0,inactiu
29.6,20/07/2026 21:30,68.15,0.0,0,alt,0,25.1,moderat,baix,0.0,100.0,91.4,420.0,8.0,60.0,24.0,0.3,0.109,0.06,0.0,0.0,31.0,29.33,0.0,0.0,0,0,0,0.0,,0,inactiu
28.4,20/07/2026 22:00,74.15,0.0,0,alt,0,23.8,moderat,baix,0.5,100.0,91.4,420.0,8.0,0.0,0.0,0.0,0.109,0.03,0.0,0.0,31.0,29.33,0.0,0.0,0,0,0,0.0,,0,inactiu
27.35,20/07/2026 22:30,78.19999999999999,0.0,0,alt,0,22.6,moderat,baix,1.0,100.0,91.4,420.0,8.0,0.0,0.0,0.0,0.109,0.03,0.0,0.0,30.98,29.34,0.0,0.0,0,0,0,0.0,,0,inactiu
27.15,20/07/2026 23:00,81.5,0.0,0,alt,0,21.5,moderat,baix,1.5,100.0,91.4,420.0,8.0,0.0,0.0,0.0,0.109,0.0,0.0,0.0,30.96,29.34,0.0,0.0,0,0,0,0.0,,0,inactiu
26.3,20/07/2026 23:30,81.9,0.0,0,alt,0,20.4,moderat,baix,2.0,100.0,91.4,420.0,8.0,0.0,0.0,0.0,0.109,0.0,0.0,0.0,30.92,29.35,0.0,0.0,0,0,0,0.0,,0,inactiu
26.9,21/07/2026 00:00,85.7,0.0,0,alt,1,0.0,baix,baix,2.5,100.0,95.7,390.0,7.6,0.0,0.0,0.0,0.109,0.0,0.0,0.0,30.9,29.35,0.5,13.4,0,0,0,0.0,,0,inactiu
26.65,21/07/2026 00:30,87.75,0.0,0,alt,1,0.0,baix,baix,3.0,100.0,95.7,390.0,7.6,0.0,0.0,0.0,0.109,0.0,0.0,0.0,30.88,29.36,1.0,26.8,0,0,0,0.0,,0,inactiu
26.9,21/07/2026 01:00,90.95,0.0,0,alt,1,0.0,baix,baix,3.5,100.0,95.7,390.0,7.6,0.0,0.0,0.0,0.109,0.0,0.0,0.0,30.87,29.37,1.5,40.2,0,0,0,0.0,,0,inactiu
27.15,21/07/2026 01:30,92.35,0.0,0,alt,1,11.1,baix,baix,4.0,100.0,95.7,390.0,7.6,0.0,0.0,0.0,0.109,0.0,0.0,0.0,30.87,29.38,2.0,53.8,0,0,0,0.0,,0,inactiu
26.9,21/07/2026 02:00,93.3,0.0,0,alt,1,18.7,baix,baix,4.5,100.0,95.7,390.0,7.6,0.0,0.0,0.0,0.109,0.0,0.0,0.0,30.86,29.39,2.5,67.2,0,0,0,0.0,,0,inactiu
25.700000000000003,21/07/2026 02:30,93.6,0.0,0,alt,1,28.2,moderat,baix,5.0,100.0,95.7,390.0,7.6,0.0,0.0,0.0,0.109,0.0,0.0,0.0,30.83,29.4,3.0,80.1,0,0,0,0.0,,0,inactiu
24.7,21/07/2026 03:00,94.45,0.0,0,alt,1,39.3,moderat,baix,5.5,100.0,95.7,390.0,7.6,0.0,0.0,0.0,0.109,0.0,0.0,0.0,30.78,29.4,3.5,92.4,0,0,0,0.0,,0,inactiu
25.05,21/07/2026 03:30,95.7,0.0,0,alt,1,52.7,alt,baix,6.0,100.0,95.7,390.0,7.6,0.0,0.0,0.0,0.109,0.0,0.0,0.0,30.75,29.41,4.0,0.0,0,0,0,0.0,,0,inactiu
23.65,21/07/2026 04:00,95.35,0.0,0,alt,1,64.7,alt,baix,6.5,100.0,95.7,390.0,7.6,0.0,0.0,0.0,0.109,0.0,0.0,0.0,30.7,29.42,4.5,11.8,0,0,0,0.0,,0,inactiu
23.4,21/07/2026 04:30,96.2,0.0,0,alt,1,75.3,alt,baix,7.0,100.0,95.7,390.0,7.6,0.0,0.0,0.0,0.109,0.0,0.0,0.0,30.66,29.43,5.0,23.5,0,0,0,0.0,,0,inactiu
24.4,21/07/2026 05:00,96.55,0.0,0,alt,1,84.3,alt,baix,7.5,100.0,95.7,390.0,7.6,0.0,0.0,0.0,0.109,0.0,0.0,0.0,30.64,29.44,5.5,35.7,0,0,0,0.0,,0,inactiu
23.9,21/07/2026 05:30,95.35,0.0,0,alt,1,90.3,alt,moderat,8.0,100.0,95.7,390.0,7.6,0.0,0.0,0.0,0.109,0.0,0.0,0.0,30.62,29.45,6.0,47.7,0,0,0,0.0,,0,inactiu
22.65,21/07/2026 06:00,95.1,0.0,0,alt,1,94.0,alt,moderat,8.5,100.0,95.7,390.0,7.6,0.0,0.0,0.0,0.109,0.0,0.0,0.0,30.55,29.46,6.5,59.0,0,0,0,0.0,,0,inactiu
22.6,21/07/2026 06:30,95.65,0.0,0,alt,1,96.4,alt,moderat,9.0,100.0,95.7,390.0,7.6,0.0,0.0,0.0,0.109,0.0,0.0,0.0,30.47,29.47,7.0,70.3,0,0,0,0.0,,0,inactiu
22.15,21/07/2026 07:00,95.25,0.0,0,alt,1,97.8,alt,moderat,9.5,100.0,95.7,390.0,7.6,2.0,0.0,0.0,0.109,0.01,0.0,0.0,30.39,29.47,7.5,0.0,0,0,0,0.0,,0,inactiu
22.15,21/07/2026 07:30,95.35,0.0,0,alt,1,98.7,alt,moderat,10.0,100.0,95.7,390.0,7.6,2.0,0.0,0.0,0.109,0.01,0.0,0.0,30.31,29.48,8.0,0.0,0,0,0,0.0,,0,inactiu
23.9,21/07/2026 08:00,94.3,0.0,0,alt,1,99.3,alt,moderat,10.5,100.0,95.7,390.0,7.6,51.0,4.0,0.45,0.109,0.04,0.0,0.0,30.24,29.48,8.5,0.0,0,0,0,0.0,,0,inactiu
25.3,21/07/2026 08:30,91.35,0.0,0,alt,1,99.6,alt,alt,11.0,100.0,95.7,390.0,7.6,51.0,4.0,0.45,0.109,0.04,0.0,0.0,30.17,29.48,9.0,0.0,0,0,0,0.0,,0,inactiu
27.85,21/07/2026 09:00,80.75,0.0,0,alt,0,94.5,alt,baix,11.5,100.0,95.7,390.0,7.6,159.0,58.0,1.4,0.109,0.11,0.0,0.0,30.11,29.48,0.0,0.0,0,0,0,0.0,,0,inactiu
30.05,21/07/2026 09:30,75.0,0.0,0,alt,0,89.7,alt,baix,0.0,100.0,95.7,390.0,7.6,159.0,58.0,1.4,0.109,0.11,0.0,0.0,30.06,29.48,0.0,0.0,0,0,0,0.0,,0,inactiu
31.5,21/07/2026 10:00,68.15,0.0,0,alt,0,85.1,alt,baix,0.0,100.0,95.7,390.0,7.6,403.0,245.0,2.75,0.109,0.28,0.0,0.0,30.01,29.48,0.0,0.0,0,0,0,0.0,,0,inactiu
32.95,21/07/2026 10:30,60.3,0.0,0,alt,0,80.7,alt,baix,0.0,100.0,95.7,390.0,7.6,403.0,245.0,2.75,0.109,0.28,0.0,0.0,29.98,29.49,0.0,0.0,0,0,0,0.0,,0,inactiu
34.1,21/07/2026 11:00,52.2,0.0,0,alt,0,76.5,alt,baix,0.0,100.0,95.7,390.0,7.6,444.0,207.0,4.6,0.109,0.34,0.0,0.0,29.95,29.5,0.0,0.0,0,0,0,0.0,,0,inactiu
33.8,21/07/2026 11:30,36.8,0.0,0,alt,0,72.6,alt,baix,0.0,100.0,95.7,390.0,7.6,444.0,207.0,4.6,0.109,0.34,0.0,0.0,29.92,29.51,0.0,0.0,0,0,0,0.0,,0,inactiu
34.6,21/07/2026 12:00,32.099999999999994,0.0,0,alt,0,68.9,alt,baix,0.0,100.0,95.7,390.0,7.6,694.0,467.0,4.3,0.109,0.54,0.0,0.0,29.89,29.51,0.0,0.0,0,0,0,0.0,,0,inactiu
34.9,21/07/2026 12:30,29.9,0.0,0,alt,0,65.4,alt,baix,0.0,100.0,95.7,390.0,7.6,694.0,467.0,4.3,0.109,0.54,0.0,0.0,29.88,29.52,0.0,0.0,0,0,0,0.0,,0,inactiu
35.2,21/07/2026 13:00,30.950000000000003,0.0,0,alt,0,62.0,alt,baix,0.0,100.0,95.7,390.0,7.6,768.0,504.0,6.9,0.109,0.61,0.0,0.0,29.87,29.52,0.0,0.0,0,0,0,0.0,,0,inactiu
36.35,21/07/2026 13:30,39.2,0.0,0,alt,0,58.8,alt,baix,0.0,100.0,95.7,390.0,7.6,768.0,504.0,6.9,0.109,0.61,0.0,0.0,29.93,29.52,0.0,0.0,0,0,0,0.0,,0,inactiu
38.1,21/07/2026 14:00,43.0,0.0,0,alt,0,55.8,alt,baix,0.0,100.0,95.7,390.0,7.6,713.0,375.0,7.65,0.109,0.58,0.0,0.0,30.02,29.53,0.0,0.0,0,0,0,0.0,,0,inactiu
38.8,21/07/2026 14:30,42.2,0.0,0,alt,0,52.9,alt,baix,0.0,100.0,95.7,390.0,7.6,713.0,375.0,7.65,0.109,0.58,0.0,0.0,30.13,29.53,0.0,0.0,0,0,0,0.0,,0,inactiu
37.0,21/07/2026 15:00,47.5,0.0,0,alt,0,50.2,alt,baix,0.0,100.0,95.7,390.0,7.6,792.0,443.0,7.1,0.109,0.62,0.0,0.0,30.17,29.53,0.0,0.0,0,0,0,0.0,,0,inactiu
37.0,21/07/2026 15:30,48.25,0.0,0,alt,0,47.6,moderat,baix,0.0,100.0,95.7,390.0,7.6,792.0,443.0,7.1,0.109,0.62,0.0,0.0,30.2,29.54,0.0,0.0,0,0,0,0.0,,0,inactiu
35.95,21/07/2026 16:00,54.8,0.0,0,alt,0,45.2,moderat,baix,0.0,100.0,95.7,390.0,7.6,774.0,493.0,7.2,0.109,0.62,0.0,0.0,30.22,29.54,0.0,0.0,0,0,0,0.0,,0,inactiu
36.900000000000006,21/07/2026 16:30,50.4,0.0,0,alt,0,42.9,moderat,baix,0.0,100.0,95.7,390.0,7.6,774.0,493.0,7.2,0.109,0.62,0.0,0.0,30.26,29.54,0.0,0.0,0,0,0,0.0,,0,inactiu
37.05,21/07/2026 17:00,49.7,0.0,0,alt,0,40.7,moderat,baix,0.0,100.0,95.7,390.0,7.6,700.0,498.0,6.0,0.109,0.56,0.0,0.0,30.26,29.55,0.0,0.0,0,0,0,0.0,,0,inactiu
35.349999999999994,21/07/2026 17:30,57.400000000000006,0.0,0,alt,0,38.6,moderat,baix,0.0,100.0,95.7,390.0,7.6,700.0,498.0,6.0,0.109,0.56,0.0,0.0,30.23,29.55,0.0,0.0,0,0,0,0.0,,0,inactiu
35.2,21/07/2026 18:00,59.1,0.0,0,alt,0,36.6,moderat,baix,0.0,100.0,95.7,390.0,7.6,529.0,324.0,4.4,0.109,0.43,0.0,0.0,30.19,29.55,0.0,0.0,0,0,0,0.0,,0,inactiu
35.75,21/07/2026 18:30,57.55,0.0,0,alt,0,34.7,moderat,baix,0.0,100.0,95.7,390.0,7.6,529.0,324.0,4.4,0.109,0.43,0.0,0.0,30.18,29.56,0.0,0.0,0,0,0,0.0,,0,inactiu
35.900000000000006,21/07/2026 19:00,55.1,0.0,0,alt,0,33.0,moderat,baix,0.0,100.0,95.7,390.0,7.6,391.0,268.0,2.75,0.109,0.31,0.0,0.0,30.18,29.57,0.0,0.0,0,0,0,0.0,,0,inactiu
34.400000000000006,21/07/2026 19:30,60.05,0.0,0,alt,0,31.3,moderat,baix,0.0,100.0,95.7,390.0,7.6,391.0,268.0,2.75,0.109,0.31,0.0,0.0,30.18,29.57,0.0,0.0,0,0,0,0.0,,0,inactiu
30.95,21/07/2026 20:00,75.25,0.0,0,alt,0,29.7,moderat,baix,0.0,100.0,95.7,390.0,7.6,204.0,111.0,1.3,0.109,0.16,0.0,0.0,30.13,29.57,0.0,0.0,0,0,0,0.0,,0,inactiu
29.6,21/07/2026 20:30,80.1,0.0,0,alt,0,28.1,moderat,baix,0.0,100.0,95.7,390.0,7.6,204.0,111.0,1.3,0.109,0.16,0.0,0.0,30.07,29.57,0.0,0.0,0,0,0,0.0,,0,inactiu
28.8,21/07/2026 21:00,81.95,0.0,0,alt,0,26.7,moderat,baix,0.5,100.0,95.7,390.0,7.6,55.0,18.0,0.3,0.109,0.05,0.0,0.0,30.02,29.57,0.0,0.0,0,0,0,0.0,,0,inactiu
28.6,21/07/2026 21:30,81.75,0.0,0,alt,0,25.3,moderat,baix,1.0,100.0,95.7,390.0,7.6,55.0,18.0,0.3,0.109,0.05,0.0,0.0,30.0,29.57,0.0,0.0,0,0,0,0.0,,0,inactiu
28.55,21/07/2026 22:00,80.45,0.0,0,alt,0,24.0,moderat,baix,1.5,100.0,95.7,390.0,7.6,0.0,0.0,0.0,0.109,0.03,0.0,0.0,30.0,29.58,0.0,0.0,0,0,0,0.0,,0,inactiu
28.4,21/07/2026 22:30,79.65,0.0,0,alt,0,22.8,moderat,baix,2.0,100.0,95.7,390.0,7.6,0.0,0.0,0.0,0.109,0.03,0.0,0.0,30.02,29.58,0.0,0.0,0,0,0,0.0,,0,inactiu
28.6,21/07/2026 23:00,78.65,0.0,0,alt,0,21.6,moderat,baix,2.5,100.0,95.7,390.0,7.6,0.0,0.0,0.0,0.109,0.0,0.0,0.0,30.05,29.58,0.0,0.0,0,0,0,0.0,,0,inactiu
28.5,21/07/2026 23:30,78.95,0.0,0,alt,0,20.5,moderat,baix,3.0,100.0,95.7,390.0,7.6,0.0,0.0,0.0,0.109,0.0,0.0,0.0,30.1,29.59,0.0,0.0,0,0,0,0.0,,0,inactiu
28.3,22/07/2026 00:00,79.15,0.0,0,alt,1,0.0,baix,baix,3.5,100.0,98.6,360.0,7.8,0.0,0.0,0.0,0.109,0.0,0.0,0.0,30.13,29.59,0.5,14.2,0,0,0,0.0,,0,inactiu
27.8,22/07/2026 00:30,80.0,0.0,0,alt,1,0.0,baix,baix,4.0,100.0,98.6,360.0,7.8,0.0,0.0,0.0,0.109,0.0,0.0,0.0,30.15,29.6,1.0,28.0,0,0,0,0.0,,0,inactiu
27.3,22/07/2026 01:00,82.15,0.0,0,alt,1,0.0,baix,baix,4.5,100.0,98.6,360.0,7.8,0.0,0.0,0.0,0.109,0.0,0.0,0.0,30.16,29.6,1.5,41.7,0,0,0,0.0,,0,inactiu
26.45,22/07/2026 01:30,83.6,0.0,0,alt,1,13.6,baix,baix,5.0,100.0,98.6,360.0,7.8,0.0,0.0,0.0,0.109,0.0,0.0,0.0,30.15,29.61,2.0,54.9,0,0,0,0.0,,0,inactiu
25.85,22/07/2026 02:00,86.35,0.0,0,alt,1,20.3,moderat,baix,5.5,100.0,98.6,360.0,7.8,0.0,0.0,0.0,0.109,0.0,0.0,0.0,30.12,29.61,2.5,67.9,0,0,0,0.0,,0,inactiu
25.2,22/07/2026 02:30,87.3,0.0,0,alt,1,29.2,moderat,baix,6.0,100.0,98.6,360.0,7.8,0.0,0.0,0.0,0.109,0.0,0.0,0.0,30.11,29.61,3.0,80.4,0,0,0,0.0,,0,inactiu
24.65,22/07/2026 03:00,87.6,0.0,0,alt,1,40.2,moderat,baix,6.5,100.0,98.6,360.0,7.8,0.0,0.0,0.0,0.109,0.0,0.0,0.0,30.11,29.61,3.5,92.8,0,0,0,0.0,,0,inactiu
24.2,22/07/2026 03:30,88.15,0.0,0,alt,1,52.5,alt,baix,7.0,100.0,98.6,360.0,7.8,0.0,0.0,0.0,0.109,0.0,0.0,0.0,30.09,29.61,4.0,0.0,0,0,0,0.0,,0,inactiu
23.55,22/07/2026 04:00,88.94999999999999,0.0,0,alt,1,64.4,alt,baix,7.5,100.0,98.6,360.0,7.8,0.0,0.0,0.0,0.109,0.0,0.0,0.0,30.09,29.6,4.5,11.8,0,0,0,0.0,,0,inactiu
23.15,22/07/2026 04:30,90.55,0.0,0,alt,1,74.9,alt,baix,8.0,100.0,98.6,360.0,7.8,0.0,0.0,0.0,0.109,0.0,0.0,0.0,30.09,29.6,5.0,23.4,0,0,0,0.0,,0,inactiu
23.05,22/07/2026 05:00,91.8,0.0,0,alt,1,83.3,alt,baix,8.5,100.0,98.6,360.0,7.8,0.0,0.0,0.0,0.109,0.0,0.0,0.0,30.06,29.6,5.5,34.9,0,0,0,0.0,,0,inactiu
23.15,22/07/2026 05:30,92.0,0.0,0,alt,1,89.5,alt,moderat,9.0,100.0,98.6,360.0,7.8,0.0,0.0,0.0,0.109,0.0,0.0,0.0,30.04,29.59,6.0,46.4,0,0,0,0.0,,0,inactiu
23.05,22/07/2026 06:00,92.15,0.0,0,alt,1,93.6,alt,moderat,9.5,100.0,98.6,360.0,7.8,0.0,0.0,0.0,0.109,0.0,0.0,0.0,30.05,29.59,6.5,58.0,0,0,0,0.0,,0,inactiu
22.75,22/07/2026 06:30,92.55,0.0,0,alt,1,96.2,alt,moderat,10.0,100.0,98.6,360.0,7.8,0.0,0.0,0.0,0.109,0.0,0.0,0.0,30.06,29.58,7.0,69.4,0,0,0,0.0,,0,inactiu
22.95,22/07/2026 07:00,92.85,0.0,0,alt,1,97.8,alt,moderat,10.5,100.0,98.6,360.0,7.8,3.0,0.0,0.0,0.109,0.0,0.0,0.0,30.07,29.58,7.5,0.0,0,0,0,0.0,,0,inactiu
23.75,22/07/2026 07:30,92.75,0.0,0,alt,1,98.7,alt,moderat,11.0,100.0,98.6,360.0,7.8,3.0,0.0,0.0,0.109,0.0,0.0,0.0,30.11,29.58,8.0,0.0,0,0,0,0.0,,0,inactiu
25.1,22/07/2026 08:00,90.55,0.0,0,alt,1,99.3,alt,moderat,11.5,100.0,98.6,360.0,7.8,79.0,26.0,0.45,0.109,0.04,0.0,0.0,30.13,29.58,8.5,0.0,0,0,0,0.0,,0,inactiu
27.3,22/07/2026 08:30,81.55,0.0,0,alt,1,99.6,alt,alt,12.0,100.0,98.6,360.0,7.8,79.0,26.0,0.45,0.109,0.04,0.0,0.0,30.17,29.58,9.0,0.0,0,0,0,0.0,,0,inactiu
29.5,22/07/2026 09:00,65.15,0.0,0,alt,0,94.5,alt,baix,0.0,100.0,98.6,360.0,7.8,217.0,110.0,1.55,0.109,0.15,0.0,0.0,30.21,29.59,0.0,0.0,0,0,0,0.0,,0,inactiu
30.75,22/07/2026 09:30,59.15,0.0,0,alt,0,89.7,alt,baix,0.0,100.0,98.6,360.0,7.8,217.0,110.0,1.55,0.109,0.15,0.0,0.0,30.22,29.59,0.0,0.0,0,0,0,0.0,,0,inactiu
31.95,22/07/2026 10:00,46.7,0.0,0,alt,0,85.1,alt,baix,0.0,100.0,98.6,360.0,7.8,425.0,299.0,3.05,0.109,0.33,0.0,0.0,30.23,29.6,0.0,0.0,0,0,0,0.0,,0,inactiu
33.05,22/07/2026 10:30,40.85,0.0,0,alt,0,80.7,alt,baix,0.0,100.0,98.6,360.0,7.8,425.0,299.0,3.05,0.109,0.33,0.0,0.0,30.23,29.61,0.0,0.0,0,0,0,0.0,,0,inactiu
33.150000000000006,22/07/2026 11:00,42.05,0.0,0,alt,0,76.6,alt,baix,0.0,100.0,98.6,360.0,7.8,605.0,468.0,4.75,0.109,0.49,0.0,0.0,30.21,29.61,0.0,0.0,0,0,0,0.0,,0,inactiu
33.5,22/07/2026 11:30,38.4,0.0,0,alt,0,72.6,alt,baix,0.0,100.0,98.6,360.0,7.8,605.0,468.0,4.75,0.109,0.49,0.0,0.0,30.21,29.62,0.0,0.0,0,0,0,0.0,,0,inactiu
35.2,22/07/2026 12:00,49.0,0.0,0,alt,0,68.9,alt,baix,0.0,100.0,98.6,360.0,7.8,741.0,573.0,6.25,0.109,0.61,0.0,0.0,30.22,29.63,0.0,0.0,0,0,0,0.0,,0,inactiu
35.75,22/07/2026 12:30,49.0,0.0,0,alt,0,65.4,alt,baix,0.0,100.0,98.6,360.0,7.8,741.0,573.0,6.25,0.109,0.61,0.0,0.0,30.24,29.65,0.0,0.0,0,0,0,0.0,,0,inactiu
36.05,22/07/2026 13:00,47.8,0.0,0,alt,0,62.0,alt,baix,0.0,100.0,98.6,360.0,7.8,866.0,711.0,7.35,0.109,0.7,0.0,0.0,30.25,29.66,0.0,0.0,0,0,0,0.0,,0,inactiu
36.6,22/07/2026 13:30,46.75,0.0,0,alt,0,58.8,alt,baix,0.0,100.0,98.6,360.0,7.8,866.0,711.0,7.35,0.109,0.7,0.0,0.0,30.26,29.66,0.0,0.0,0,0,0,0.0,,0,inactiu
36.25,22/07/2026 14:00,38.55,0.0,0,alt,0,55.8,alt,baix,0.0,100.0,98.6,360.0,7.8,922.0,773.0,7.65,0.108,0.74,0.0,0.0,30.22,29.66,0.0,0.0,0,0,0,0.0,,0,inactiu
35.5,22/07/2026 14:30,29.3,0.0,0,alt,0,53.0,alt,baix,0.0,100.0,98.6,360.0,7.8,922.0,773.0,7.65,0.108,0.74,0.0,0.0,30.15,29.66,0.0,0.0,0,0,0,0.0,,0,inactiu
36.05,22/07/2026 15:00,28.0,0.0,0,alt,0,50.2,alt,baix,0.0,100.0,98.6,360.0,7.8,924.0,782.0,7.8,0.108,0.74,0.0,0.0,30.13,29.67,0.0,0.0,0,0,0,0.0,,0,inactiu
36.0,22/07/2026 15:30,29.5,0.0,0,alt,0,47.7,moderat,baix,0.0,100.0,98.6,360.0,7.8,924.0,782.0,7.8,0.108,0.74,0.0,0.0,30.11,29.67,0.0,0.0,0,0,0,0.0,,0,inactiu
36.05,22/07/2026 16:00,30.200000000000003,0.0,0,alt,0,45.2,moderat,baix,0.0,100.0,98.6,360.0,7.8,864.0,726.0,7.2,0.108,0.69,0.0,0.0,30.11,29.68,0.0,0.0,0,0,0,0.0,,0,inactiu
35.9,22/07/2026 16:30,30.8,0.0,0,alt,0,42.9,moderat,baix,0.0,100.0,98.6,360.0,7.8,864.0,726.0,7.2,0.108,0.69,0.0,0.0,30.09,29.68,0.0,0.0,0,0,0,0.0,,0,inactiu
35.849999999999994,22/07/2026 17:00,30.5,0.0,0,alt,0,40.7,moderat,baix,0.0,100.0,98.6,360.0,7.8,730.0,577.0,5.85,0.108,0.59,0.0,0.0,30.07,29.69,0.0,0.0,0,0,0,0.0,,0,inactiu
35.3,22/07/2026 17:30,31.450000000000003,0.0,0,alt,0,38.6,moderat,baix,0.0,100.0,98.6,360.0,7.8,730.0,577.0,5.85,0.108,0.59,0.0,0.0,30.07,29.7,0.0,0.0,0,0,0,0.0,,0,inactiu
34.35,22/07/2026 18:00,32.599999999999994,0.0,0,alt,0,36.6,moderat,baix,0.0,100.0,98.6,360.0,7.8,527.0,298.0,3.8,0.108,0.46,0.0,0.0,30.05,29.7,0.0,0.0,0,0,0,0.0,,0,inactiu
33.35,22/07/2026 18:30,38.35,0.0,0,alt,0,34.7,moderat,baix,0.0,100.0,98.6,360.0,7.8,527.0,298.0,3.8,0.108,0.46,0.0,0.0,30.0,29.7,0.0,0.0,0,0,0,0.0,,0,inactiu
32.900000000000006,22/07/2026 19:00,44.75,0.0,0,alt,0,33.0,moderat,baix,0.0,100.0,98.6,360.0,7.8,314.0,122.0,2.55,0.108,0.33,0.0,0.0,29.94,29.71,0.0,0.0,0,0,0,0.0,,0,inactiu
32.25,22/07/2026 19:30,47.95,0.0,0,alt,0,31.3,moderat,baix,0.0,100.0,98.6,360.0,7.8,314.0,122.0,2.55,0.108,0.33,0.0,0.0,29.89,29.71,0.0,0.0,0,0,0,0.0,,0,inactiu
31.05,22/07/2026 20:00,52.95,0.0,0,alt,0,29.7,moderat,baix,0.0,100.0,98.6,360.0,7.8,141.0,23.0,1.05,0.108,0.17,0.0,0.0,29.89,29.72,0.0,0.0,0,0,0,0.0,,0,inactiu
29.95,22/07/2026 20:30,60.0,0.0,0,alt,0,28.1,moderat,baix,0.0,100.0,98.6,360.0,7.8,141.0,23.0,1.05,0.108,0.17,0.0,0.0,29.9,29.72,0.0,0.0,0,0,0,0.0,,0,inactiu
29.1,22/07/2026 21:00,66.55,0.0,0,alt,0,26.7,moderat,baix,0.5,100.0,98.6,360.0,7.8,39.0,4.0,0.2,0.108,0.07,0.0,0.0,29.91,29.72,0.0,0.0,0,0,0,0.0,,0,inactiu
28.4,22/07/2026 21:30,69.55000000000001,0.0,0,alt,0,25.3,moderat,baix,1.0,100.0,98.6,360.0,7.8,39.0,4.0,0.2,0.108,0.07,0.0,0.0,29.9,29.73,0.0,0.0,0,0,0,0.0,,0,inactiu
28.0,22/07/2026 22:00,71.8,0.0,0,alt,0,24.0,moderat,baix,1.5,100.0,98.6,360.0,7.8,0.0,0.0,0.0,0.108,0.02,0.0,0.0,29.89,29.73,0.0,0.0,0,0,0,0.0,,0,inactiu
27.75,22/07/2026 22:30,73.45,0.0,0,alt,0,22.8,moderat,baix,2.0,100.0,98.6,360.0,7.8,0.0,0.0,0.0,0.108,0.02,0.0,0.0,29.88,29.73,0.0,0.0,0,0,0,0.0,,0,inactiu
26.75,22/07/2026 23:00,75.30000000000001,0.0,0,alt,0,21.6,moderat,baix,2.5,100.0,98.6,360.0,7.8,0.0,0.0,0.0,0.108,0.0,0.0,0.0,29.84,29.73,0.0,0.0,0,0,0,0.0,,0,inactiu
25.75,22/07/2026 23:30,77.75,0.0,0,alt,0,20.5,moderat,baix,3.0,100.0,98.6,360.0,7.8,0.0,0.0,0.0,0.108,0.0,0.0,0.0,29.78,29.73,0.0,0.0,0,0,0,0.0,,0,inactiu
24.8,23/07/2026 00:00,79.15,0.0,0,alt,0,19.5,baix,baix,3.5,100.0,100.0,360.0,8.0,0.0,0.0,0.0,0.108,0.0,0.0,0.0,29.71,29.73,0.0,0.0,0,0,0,0.0,,0,inactiu
24.0,23/07/2026 00:30,79.44999999999999,0.0,0,alt,0,18.5,baix,baix,4.0,100.0,100.0,360.0,8.0,0.0,0.0,0.0,0.108,0.0,0.0,0.0,29.63,29.73,0.0,0.0,0,0,0,0.0,,0,inactiu
23.6,23/07/2026 01:00,81.19999999999999,0.0,0,alt,0,17.5,baix,baix,4.5,100.0,100.0,360.0,8.0,0.0,0.0,0.0,0.108,0.0,0.0,0.0,29.55,29.73,0.0,0.0,0,0,0,0.0,,0,inactiu
23.15,23/07/2026 01:30,82.55000000000001,0.0,0,alt,0,16.6,baix,baix,5.0,100.0,100.0,360.0,8.0,0.0,0.0,0.0,0.108,0.0,0.0,0.0,29.48,29.73,0.0,0.0,0,0,0,0.0,,0,inactiu
23.05,23/07/2026 02:00,83.6,0.0,0,alt,0,15.8,baix,baix,5.5,100.0,100.0,360.0,8.0,0.0,0.0,0.0,0.108,0.0,0.0,0.0,29.43,29.72,0.0,0.0,0,0,0,0.0,,0,inactiu
23.4,23/07/2026 02:30,84.55,0.0,0,alt,0,15.0,baix,baix,6.0,100.0,100.0,360.0,8.0,0.0,0.0,0.0,0.108,0.0,0.0,0.0,29.39,29.72,0.0,0.0,0,0,0,0.0,,0,inactiu
22.9,23/07/2026 03:00,85.30000000000001,0.0,0,alt,0,14.2,baix,baix,6.5,100.0,100.0,360.0,8.0,0.0,0.0,0.0,0.108,0.0,0.0,0.0,29.35,29.72,0.0,0.0,0,0,0,0.0,,0,inactiu
22.15,23/07/2026 03:30,85.45,0.0,0,alt,0,13.5,baix,baix,7.0,100.0,100.0,360.0,8.0,0.0,0.0,0.0,0.108,0.0,0.0,0.0,29.31,29.72,0.0,0.0,0,0,0,0.0,,0,inactiu
21.35,23/07/2026 04:00,84.6,0.0,0,alt,0,12.8,baix,baix,7.5,100.0,100.0,360.0,8.0,0.0,0.0,0.0,0.108,0.0,0.0,0.0,29.26,29.72,0.0,0.0,0,0,0,0.0,,0,inactiu
21.15,23/07/2026 04:30,86.35,0.0,0,alt,0,12.1,baix,baix,8.0,100.0,100.0,360.0,8.0,0.0,0.0,0.0,0.108,0.0,0.0,0.0,29.22,29.71,0.0,0.0,0,0,0,0.0,,0,inactiu
20.6,23/07/2026 05:00,86.19999999999999,0.0,0,alt,0,11.5,baix,baix,0.0,100.0,100.0,360.0,8.0,0.0,0.0,0.0,0.108,0.0,0.0,0.0,29.17,29.71,0.0,0.0,0,0,0,0.0,,0,inactiu
20.25,23/07/2026 05:30,86.3,0.0,0,alt,0,10.9,baix,baix,0.0,100.0,100.0,360.0,8.0,0.0,0.0,0.0,0.108,0.0,0.0,0.0,29.11,29.7,0.0,0.0,0,0,0,0.0,,0,inactiu
20.4,23/07/2026 06:00,88.05000000000001,0.0,0,alt,0,10.3,baix,baix,0.0,100.0,100.0,360.0,8.0,0.0,0.0,0.0,0.108,0.0,0.0,0.0,29.06,29.69,0.0,0.0,0,0,0,0.0,,0,inactiu
20.55,23/07/2026 06:30,89.25,0.0,0,alt,0,9.8,baix,baix,0.0,100.0,100.0,360.0,8.0,0.0,0.0,0.0,0.108,0.0,0.0,0.0,29.01,29.69,0.0,0.0,0,0,0,0.0,,0,inactiu
20.200000000000003,23/07/2026 07:00,88.15,0.0,0,alt,0,9.3,baix,baix,0.0,100.0,100.0,360.0,8.0,3.0,0.0,0.0,0.108,0.0,0.0,0.0,28.95,29.69,0.0,0.0,0,0,0,0.0,,0,inactiu
25.1,23/07/2026 07:30,90.4,0.0,0,alt,1,0.0,baix,baix,0.5,100.0,100.0,360.0,8.0,3.0,0.0,0.0,0.108,0.0,0.0,0.0,28.98,29.69,0.5,0.0,0,0,0,0.0,,0,inactiu
26.5,23/07/2026 08:00,88.9,0.0,0,alt,1,0.0,baix,baix,1.0,100.0,100.0,360.0,8.0,77.0,23.0,0.45,0.108,0.04,0.0,0.0,29.01,29.7,1.0,0.0,0,0,0,0.0,,0,inactiu
27.35,23/07/2026 08:30,86.85,0.0,0,alt,1,0.0,baix,baix,1.5,100.0,100.0,360.0,8.0,77.0,23.0,0.45,0.108,0.04,0.0,0.0,29.01,29.7,1.5,0.0,0,0,0,0.0,,0,inactiu
29.1,23/07/2026 09:00,82.05,0.0,0,alt,0,0.0,baix,baix,2.0,100.0,100.0,360.0,8.0,227.0,115.0,1.55,0.108,0.15,0.0,0.0,29.0,29.7,0.0,0.0,0,0,0,0.0,,0,inactiu
30.2,23/07/2026 09:30,67.4,0.0,0,alt,0,0.0,baix,baix,0.0,100.0,100.0,360.0,8.0,227.0,115.0,1.55,0.108,0.15,0.0,0.0,28.99,29.71,0.0,0.0,0,0,0,0.0,,0,inactiu
31.05,23/07/2026 10:00,63.85,0.0,0,alt,0,0.0,baix,baix,0.0,100.0,100.0,360.0,8.0,421.0,289.0,3.05,0.108,0.29,0.0,0.0,28.97,29.71,0.0,0.0,0,0,0,0.0,,0,inactiu
31.950000000000003,23/07/2026 10:30,61.3,0.0,0,alt,0,0.0,baix,baix,0.0,100.0,100.0,360.0,8.0,421.0,289.0,3.05,0.108,0.29,0.0,0.0,28.95,29.71,0.0,0.0,0,0,0,0.0,,0,inactiu
33.05,23/07/2026 11:00,57.0,0.0,0,alt,0,0.0,baix,baix,0.0,100.0,100.0,360.0,8.0,620.0,490.0,4.75,0.108,0.45,0.0,0.0,28.95,29.71,0.0,0.0,0,0,0,0.0,,0,inactiu
34.099999999999994,23/07/2026 11:30,52.05,0.0,0,alt,0,0.0,baix,baix,0.0,100.0,100.0,360.0,8.0,620.0,490.0,4.75,0.108,0.45,0.0,0.0,28.96,29.72,0.0,0.0,0,0,0,0.0,,0,inactiu
35.0,23/07/2026 12:00,49.1,0.0,0,alt,0,0.0,baix,baix,0.0,100.0,100.0,360.0,8.0,761.0,606.0,6.25,0.108,0.57,0.0,0.0,28.96,29.72,0.0,0.0,0,0,0,0.0,,0,inactiu
35.75,23/07/2026 12:30,49.0,0.0,0,alt,0,0.0,baix,baix,0.0,100.0,100.0,360.0,8.0,761.0,606.0,6.25,0.108,0.57,0.0,0.0,28.96,29.73,0.0,0.0,0,0,0,0.0,,0,inactiu
36.05,23/07/2026 13:00,47.8,0.0,0,alt,0,0.0,baix,baix,0.0,100.0,100.0,360.0,8.0,850.0,653.0,7.4,0.108,0.65,0.0,0.0,28.96,29.73,0.0,0.0,0,0,0,0.0,,0,inactiu
36.6,23/07/2026 13:30,46.75,0.0,0,alt,0,0.0,baix,baix,0.0,100.0,100.0,360.0,8.0,850.0,653.0,7.4,0.108,0.65,0.0,0.0,28.96,29.73,0.0,0.0,0,0,0,0.0,,0,inactiu
37.05,23/07/2026 14:00,46.9,0.0,0,alt,0,0.0,baix,baix,0.0,100.0,100.0,360.0,8.0,887.0,660.0,7.95,0.108,0.68,0.0,0.0,28.97,29.73,0.0,0.0,0,0,0,0.0,,0,inactiu
37.25,23/07/2026 14:30,47.45,0.0,0,alt,0,0.0,baix,baix,0.0,100.0,100.0,360.0,8.0,887.0,660.0,7.95,0.108,0.68,0.0,0.0,29.01,29.74,0.0,0.0,0,0,0,0.0,,0,inactiu
37.45,23/07/2026 15:00,47.6,0.0,0,alt,0,0.0,baix,baix,0.0,100.0,100.0,360.0,8.0,885.0,650.0,7.9,0.108,0.69,0.0,0.0,29.04,29.74,0.0,0.0,0,0,0,0.0,,0,inactiu
37.7,23/07/2026 15:30,47.3,0.0,0,alt,0,0.0,baix,baix,0.0,100.0,100.0,360.0,8.0,885.0,650.0,7.9,0.108,0.69,0.0,0.0,29.07,29.74,0.0,0.0,0,0,0,0.0,,0,inactiu
37.8,23/07/2026 16:00,47.0,0.0,0,alt,0,0.0,baix,baix,0.0,100.0,100.0,360.0,8.0,829.0,629.0,7.2,0.108,0.66,0.0,0.0,29.11,29.75,0.0,0.0,0,0,0,0.0,,0,inactiu
37.150000000000006,23/07/2026 16:30,47.65,0.0,0,alt,0,0.0,baix,baix,0.0,100.0,100.0,360.0,8.0,829.0,629.0,7.2,0.108,0.66,0.0,0.0,29.14,29.75,0.0,0.0,0,0,0,0.0,,0,inactiu
36.25,23/07/2026 17:00,49.2,0.0,0,alt,0,0.0,baix,baix,0.0,100.0,100.0,360.0,8.0,707.0,511.0,6.0,0.108,0.57,0.0,0.0,29.14,29.75,0.0,0.0,0,0,0,0.0,,0,inactiu
35.3,23/07/2026 17:30,53.25,0.0,0,alt,0,0.0,baix,baix,0.0,100.0,100.0,360.0,8.0,707.0,511.0,6.0,0.108,0.57,0.0,0.0,29.14,29.75,0.0,0.0,0,0,0,0.0,,0,inactiu
34.7,23/07/2026 18:00,57.75,0.0,0,alt,0,0.0,baix,baix,0.0,100.0,100.0,360.0,8.0,567.0,418.0,4.4,0.108,0.45,0.0,0.0,29.15,29.75,0.0,0.0,0,0,0,0.0,,0,inactiu
34.0,23/07/2026 18:30,59.150000000000006,0.0,0,alt,0,0.0,baix,baix,0.0,100.0,100.0,360.0,8.0,567.0,418.0,4.4,0.108,0.45,0.0,0.0,29.16,29.75,0.0,0.0,0,0,0,0.0,,0,inactiu
33.15,23/07/2026 19:00,62.45,0.0,0,alt,0,0.0,baix,baix,0.0,100.0,100.0,360.0,8.0,393.0,278.0,2.75,0.108,0.32,0.0,0.0,29.17,29.74,0.0,0.0,0,0,0,0.0,,0,inactiu
32.400000000000006,23/07/2026 19:30,64.4,0.0,0,alt,0,0.0,baix,baix,0.0,100.0,100.0,360.0,8.0,393.0,278.0,2.75,0.108,0.32,0.0,0.0,29.17,29.74,0.0,0.0,0,0,0,0.0,,0,inactiu
31.5,23/07/2026 20:00,67.05,0.0,0,alt,0,0.0,baix,baix,0.0,100.0,100.0,360.0,8.0,204.0,116.0,1.25,0.108,0.16,0.0,0.0,29.18,29.74,0.0,0.0,0,0,0,0.0,,0,inactiu
30.8,23/07/2026 20:30,71.80000000000001,0.0,0,alt,0,0.0,baix,baix,0.0,100.0,100.0,360.0,8.0,204.0,116.0,1.25,0.108,0.16,0.0,0.0,29.2,29.73,0.0,0.0,0,0,0,0.0,,0,inactiu
30.1,23/07/2026 21:00,74.9,0.0,0,alt,0,0.0,baix,baix,0.0,100.0,100.0,360.0,8.0,50.0,10.0,0.3,0.108,0.05,0.0,0.0,29.22,29.73,0.0,0.0,0,0,0,0.0,,0,inactiu
29.35,23/07/2026 21:30,79.4,0.0,0,alt,0,0.0,baix,baix,0.5,100.0,100.0,360.0,8.0,50.0,10.0,0.3,0.108,0.05,0.0,0.0,29.24,29.74,0.0,0.0,0,0,0,0.0,,0,inactiu
29.0,23/07/2026 22:00,80.15,0.0,0,alt,0,0.0,baix,baix,1.0,100.0,100.0,360.0,8.0,0.0,0.0,0.0,0.108,0.03,0.0,0.0,29.26,29.74,0.0,0.0,0,0,0,0.0,,0,inactiu
28.9,23/07/2026 22:30,80.75,0.0,0,alt,0,0.0,baix,baix,1.5,100.0,100.0,360.0,8.0,0.0,0.0,0.0,0.108,0.03,0.0,0.0,29.29,29.74,0.0,0.0,0,0,0,0.0,,0,inactiu
28.8,23/07/2026 23:00,82.15,0.0,0,alt,0,0.0,baix,baix,2.0,100.0,100.0,360.0,8.0,0.0,0.0,0.0,0.108,0.01,0.0,0.0,29.33,29.74,0.0,0.0,0,0,0,0.0,,0,inactiu
28.75,23/07/2026 23:30,82.75,0.0,0,alt,0,0.0,baix,baix,2.5,100.0,100.0,360.0,8.0,0.0,0.0,0.0,0.108,0.01,0.0,0.0,29.39,29.75,0.0,0.0,0,0,0,0.0,,0,inactiu
28.1,24/07/2026 00:00,83.75,0.0,0,alt,1,0.0,baix,baix,3.0,100.0,100.0,0.0,8.0,0.0,0.0,0.0,0.108,0.0,0.0,0.0,29.46,29.75,0.5,14.0,0,0,0,0.0,,0,inactiu
27.5,24/07/2026 00:30,85.35,0.0,0,alt,1,0.0,baix,baix,3.5,100.0,100.0,0.0,8.0,0.0,0.0,0.0,0.108,0.0,0.0,0.0,29.53,29.75,1.0,27.8,0,0,0,0.0,,0,inactiu
27.35,24/07/2026 01:00,86.1,0.0,0,alt,1,0.0,baix,baix,4.0,100.0,100.0,0.0,8.0,0.0,0.0,0.0,0.108,0.0,0.0,0.0,29.61,29.75,1.5,41.5,0,0,0,0.0,,0,inactiu
26.8,24/07/2026 01:30,86.9,0.0,0,alt,1,13.4,baix,baix,4.5,100.0,100.0,0.0,8.0,0.0,0.0,0.0,0.108,0.0,0.0,0.0,29.69,29.75,2.0,54.9,0,0,0,0.0,,0,inactiu
26.35,24/07/2026 02:00,87.85,0.0,0,alt,1,20.8,moderat,baix,5.0,100.0,100.0,0.0,8.0,0.0,0.0,0.0,0.108,0.0,0.0,0.0,29.76,29.76,2.5,68.0,0,0,0,0.0,,0,inactiu
26.450000000000003,24/07/2026 02:30,88.35,0.0,0,alt,1,31.5,moderat,baix,5.5,100.0,100.0,0.0,8.0,0.0,0.0,0.0,0.108,0.0,0.0,0.0,29.82,29.76,3.0,81.3,0,0,0,0.0,,0,inactiu
26.35,24/07/2026 03:00,88.25,0.0,0,alt,1,44.9,moderat,baix,6.0,100.0,100.0,0.0,8.0,0.0,0.0,0.0,0.108,0.0,0.0,0.0,29.89,29.76,3.5,94.4,0,0,0,0.0,,0,inactiu
26.3,24/07/2026 03:30,88.55,0.0,0,alt,1,59.3,alt,baix,6.5,100.0,100.0,0.0,8.0,0.0,0.0,0.0,0.108,0.0,0.0,0.0,29.98,29.77,4.0,0.0,0,0,0,0.0,,0,inactiu
26.65,24/07/2026 04:00,87.69999999999999,0.0,0,alt,1,72.7,alt,baix,7.0,100.0,100.0,0.0,8.0,0.0,0.0,0.0,0.108,0.0,0.0,0.0,30.09,29.78,4.5,13.3,0,0,0,0.0,,0,inactiu
26.5,24/07/2026 04:30,86.95,0.0,0,alt,1,82.9,alt,baix,7.5,100.0,100.0,0.0,8.0,0.0,0.0,0.0,0.108,0.0,0.0,0.0,30.2,29.78,5.0,26.6,0,0,0,0.0,,0,inactiu
25.450000000000003,24/07/2026 05:00,88.25,0.0,0,alt,1,89.5,alt,baix,8.0,100.0,100.0,0.0,8.0,0.0,0.0,0.0,0.108,0.0,0.0,0.0,30.3,29.79,5.5,39.3,0,0,0,0.0,,0,inactiu
25.0,24/07/2026 05:30,89.65,0.0,0,alt,1,93.7,alt,baix,8.5,100.0,100.0,0.0,8.0,0.0,0.0,0.0,0.108,0.0,0.0,0.0,30.4,29.8,6.0,51.8,0,0,0,0.0,,0,inactiu
24.85,24/07/2026 06:00,90.3,0.0,0,alt,1,96.3,alt,baix,9.0,100.0,100.0,0.0,8.0,0.0,0.0,0.0,0.108,0.0,0.0,0.0,30.49,29.8,6.5,64.2,0,0,0,0.0,,0,inactiu
24.25,24/07/2026 06:30,90.9,0.0,0,alt,1,97.8,alt,baix,9.5,100.0,100.0,0.0,8.0,0.0,0.0,0.0,0.108,0.0,0.0,0.0,30.57,29.81,7.0,76.4,0,0,0,0.0,,0,inactiu
23.95,24/07/2026 07:00,91.15,0.0,0,alt,1,98.7,alt,baix,10.0,100.0,100.0,0.0,8.0,3.0,0.0,0.0,0.108,0.0,0.0,0.0,30.65,29.8,7.5,0.0,0,0,0,0.0,,0,inactiu
26.95,24/07/2026 07:30,88.9,0.0,0,alt,1,99.3,alt,baix,10.5,100.0,100.0,0.0,8.0,3.0,0.0,0.0,0.108,0.0,0.0,0.0,30.69,29.81,8.0,0.0,0,0,0,0.0,,0,inactiu
27.55,24/07/2026 08:00,88.0,0.0,0,alt,1,99.6,alt,baix,11.0,100.0,100.0,0.0,8.0,82.0,30.0,0.45,0.108,0.04,0.0,0.0,30.71,29.82,8.5,0.0,0,0,0,0.0,,0,inactiu
28.65,24/07/2026 08:30,86.0,0.0,0,alt,1,99.8,alt,moderat,11.5,100.0,100.0,0.0,8.0,82.0,30.0,0.45,0.108,0.04,0.0,0.0,30.73,29.82,9.0,0.0,0,0,0,0.0,,0,inactiu
29.7,24/07/2026 09:00,83.6,0.0,0,alt,0,94.7,alt,baix,0.0,100.0,100.0,0.0,8.0,237.0,132.0,1.5,0.108,0.16,0.0,0.0,30.75,29.82,0.0,0.0,0,0,0,0.0,,0,inactiu
30.6,24/07/2026 09:30,76.35,0.0,0,alt,0,89.8,alt,baix,0.0,100.0,100.0,0.0,8.0,237.0,132.0,1.5,0.108,0.16,0.0,0.0,30.76,29.82,0.0,0.0,0,0,0,0.0,,0,inactiu
31.25,24/07/2026 10:00,72.2,0.0,0,alt,0,85.2,alt,baix,0.0,100.0,100.0,0.0,8.0,378.0,207.0,3.05,0.108,0.27,0.0,0.0,30.76,29.83,0.0,0.0,0,0,0,0.0,,0,inactiu
31.95,24/07/2026 10:30,70.2,0.0,0,alt,0,80.9,alt,baix,0.0,100.0,100.0,0.0,8.0,378.0,207.0,3.05,0.108,0.27,0.0,0.0,30.76,29.83,0.0,0.0,0,0,0,0.0,,0,inactiu
32.5,24/07/2026 11:00,68.0,0.0,0,alt,0,76.7,alt,baix,0.0,100.0,100.0,0.0,8.0,541.0,320.0,4.75,0.108,0.4,0.0,0.0,30.75,29.83,0.0,0.0,0,0,0,0.0,,0,inactiu
33.150000000000006,24/07/2026 11:30,66.55000000000001,0.0,0,alt,0,72.8,alt,baix,0.0,100.0,100.0,0.0,8.0,541.0,320.0,4.75,0.108,0.4,0.0,0.0,30.73,29.82,0.0,0.0,0,0,0,0.0,,0,inactiu
33.599999999999994,24/07/2026 12:00,65.2,0.0,0,alt,0,69.0,alt,baix,0.0,100.0,100.0,0.0,8.0,652.0,382.0,6.25,0.108,0.49,0.0,0.0,30.7,29.81,0.0,0.0,0,0,0,0.0,,0,inactiu
34.0,24/07/2026 12:30,63.55,0.0,0,alt,0,65.5,alt,baix,0.0,100.0,100.0,0.0,8.0,652.0,382.0,6.25,0.108,0.49,0.0,0.0,30.66,29.8,0.0,0.0,0,0,0,0.0,,0,inactiu
34.4,24/07/2026 13:00,62.3,0.0,0,alt,0,62.1,alt,baix,0.0,100.0,100.0,0.0,8.0,702.0,389.0,7.35,0.108,0.53,0.0,0.0,30.63,29.8,0.0,0.0,0,0,0,0.0,,0,inactiu
34.0,24/07/2026 13:30,63.35,0.0,0,alt,0,58.9,alt,baix,0.0,100.0,100.0,0.0,8.0,702.0,389.0,7.35,0.108,0.53,0.0,0.0,30.57,29.79,0.0,0.0,0,0,0,0.0,,0,inactiu
34.3,24/07/2026 14:00,62.25,0.0,0,alt,0,55.9,alt,baix,0.0,100.0,100.0,0.0,8.0,752.0,400.0,7.95,0.108,0.58,0.0,0.0,30.52,29.79,0.0,0.0,0,0,0,0.0,,0,inactiu
34.0,24/07/2026 14:30,63.25,0.0,0,alt,0,53.0,alt,baix,0.0,100.0,100.0,0.0,8.0,752.0,400.0,7.95,0.108,0.58,0.0,0.0,30.45,29.78,0.0,0.0,0,0,0,0.0,,0,inactiu
33.95,24/07/2026 15:00,62.6,0.0,0,alt,0,50.3,alt,baix,0.0,100.0,100.0,0.0,8.0,781.0,440.0,7.8,0.108,0.59,0.0,0.0,30.38,29.78,0.0,0.0,0,0,0,0.0,,0,inactiu
33.95,24/07/2026 15:30,62.6,0.0,0,alt,0,47.7,moderat,baix,0.0,100.0,100.0,0.0,8.0,781.0,440.0,7.8,0.108,0.59,0.0,0.0,30.3,29.78,0.0,0.0,0,0,0,0.0,,0,inactiu
33.849999999999994,24/07/2026 16:00,62.6,0.0,0,alt,0,45.3,moderat,baix,0.0,100.0,100.0,0.0,8.0,747.0,432.0,7.15,0.108,0.57,0.0,0.0,30.22,29.77,0.0,0.0,0,0,0,0.0,,0,inactiu
34.25,24/07/2026 16:30,61.25,0.0,0,alt,0,43.0,moderat,baix,0.0,100.0,100.0,0.0,8.0,747.0,432.0,7.15,0.108,0.57,0.0,0.0,30.16,29.77,0.0,0.0,0,0,0,0.0,,0,inactiu
33.55,24/07/2026 17:00,63.8,0.0,0,alt,0,40.8,moderat,baix,0.0,100.0,100.0,0.0,8.0,576.0,304.0,5.95,0.108,0.44,0.0,0.0,30.1,29.77,0.0,0.0,0,0,0,0.0,,0,inactiu
33.25,24/07/2026 17:30,64.9,0.0,0,alt,0,38.7,moderat,baix,0.0,100.0,100.0,0.0,8.0,576.0,304.0,5.95,0.108,0.44,0.0,0.0,30.06,29.77,0.0,0.0,0,0,0,0.0,,0,inactiu
32.7,24/07/2026 18:00,66.45,0.0,0,alt,0,36.7,moderat,baix,0.0,100.0,100.0,0.0,8.0,502.0,279.0,4.35,0.108,0.39,0.0,0.0,30.01,29.77,0.0,0.0,0,0,0,0.0,,0,inactiu
32.55,24/07/2026 18:30,66.94999999999999,0.0,0,alt,0,34.8,moderat,baix,0.0,100.0,100.0,0.0,8.0,502.0,279.0,4.35,0.108,0.39,0.0,0.0,29.98,29.76,0.0,0.0,0,0,0,0.0,,0,inactiu
32.05,24/07/2026 19:00,68.05,0.0,0,alt,0,33.0,moderat,baix,0.0,100.0,100.0,0.0,8.0,342.0,173.0,2.7,0.108,0.27,0.0,0.0,29.96,29.76,0.0,0.0,0,0,0,0.0,,0,inactiu
31.15,24/07/2026 19:30,72.3,0.0,0,alt,0,31.3,moderat,baix,0.0,100.0,100.0,0.0,8.0,342.0,173.0,2.7,0.108,0.27,0.0,0.0,29.94,29.76,0.0,0.0,0,0,0,0.0,,0,inactiu
30.6,24/07/2026 20:00,73.6,0.0,0,alt,0,29.7,moderat,baix,0.0,100.0,100.0,0.0,8.0,178.0,74.0,1.25,0.108,0.16,0.0,0.0,29.92,29.76,0.0,0.0,0,0,0,0.0,,0,inactiu
29.950000000000003,24/07/2026 20:30,75.95,0.0,0,alt,0,28.2,moderat,baix,0.0,100.0,100.0,0.0,8.0,178.0,74.0,1.25,0.108,0.16,0.0,0.0,29.9,29.75,0.0,0.0,0,0,0,0.0,,0,inactiu
29.700000000000003,24/07/2026 21:00,76.19999999999999,0.0,0,alt,0,26.7,moderat,baix,0.0,100.0,100.0,0.0,8.0,47.0,10.0,0.3,0.108,0.06,0.0,0.0,29.89,29.75,0.0,0.0,0,0,0,0.0,,0,inactiu
29.65,24/07/2026 21:30,77.35,0.0,0,alt,0,25.4,moderat,baix,0.0,100.0,100.0,0.0,8.0,47.0,10.0,0.3,0.108,0.06,0.0,0.0,29.9,29.75,0.0,0.0,0,0,0,0.0,,0,inactiu
29.450000000000003,24/07/2026 22:00,77.65,0.0,0,alt,0,24.1,moderat,baix,0.0,100.0,100.0,0.0,8.0,0.0,0.0,0.0,0.108,0.03,0.0,0.0,29.91,29.76,0.0,0.0,0,0,0,0.0,,0,inactiu
28.9,24/07/2026 22:30,80.19999999999999,0.0,0,alt,0,22.8,moderat,baix,0.5,100.0,100.0,0.0,8.0,0.0,0.0,0.0,0.108,0.03,0.0,0.0,29.91,29.76,0.0,0.0,0,0,0,0.0,,0,inactiu
28.5,24/07/2026 23:00,82.4,0.0,0,alt,0,21.7,moderat,baix,1.0,100.0,100.0,0.0,8.0,0.0,0.0,0.0,0.108,0.0,0.0,0.0,29.9,29.76,0.0,0.0,0,0,0,0.0,,0,inactiu
28.15,24/07/2026 23:30,83.95,0.0,0,alt,0,20.6,moderat,baix,1.5,100.0,100.0,0.0,8.0,0.0,0.0,0.0,0.108,0.0,0.0,0.0,29.89,29.77,0.0,0.0,0,0,0,0.0,,0,inactiu
27.95,25/07/2026 00:00,85.05000000000001,0.0,0,alt,1,0.0,baix,baix,2.0,100.0,100.0,330.0,7.0,0.0,0.0,0.0,0.108,0.0,0.0,0.0,29.88,29.77,0.5,14.0,0,0,0,0.0,,0,inactiu
27.55,25/07/2026 00:30,86.9,0.0,0,alt,1,0.0,baix,baix,2.5,100.0,100.0,330.0,7.0,0.0,0.0,0.0,0.108,0.0,0.0,0.0,29.89,29.78,1.0,27.8,0,0,0,0.0,,0,inactiu
27.1,25/07/2026 01:00,88.0,0.0,0,alt,1,0.0,baix,baix,3.0,100.0,100.0,330.0,7.0,0.0,0.0,0.0,0.108,0.0,0.0,0.0,29.88,29.78,1.5,41.3,0,0,0,0.0,,0,inactiu
26.1,25/07/2026 01:30,88.05000000000001,0.0,0,alt,1,12.2,baix,baix,3.5,100.0,100.0,330.0,7.0,0.0,0.0,0.0,0.108,0.0,0.0,0.0,29.87,29.79,2.0,54.4,0,0,0,0.0,,0,inactiu
25.200000000000003,25/07/2026 02:00,88.3,0.0,0,alt,1,18.0,baix,baix,4.0,100.0,100.0,330.0,7.0,0.0,0.0,0.0,0.108,0.0,0.0,0.0,29.84,29.79,2.5,66.9,0,0,0,0.0,,0,inactiu
24.9,25/07/2026 02:30,88.1,0.0,0,alt,1,26.3,moderat,baix,4.5,100.0,100.0,330.0,7.0,0.0,0.0,0.0,0.108,0.0,0.0,0.0,29.81,29.79,3.0,79.4,0,0,0,0.0,,0,inactiu
25.2,25/07/2026 03:00,87.95,0.0,0,alt,1,38.0,moderat,baix,5.0,100.0,100.0,330.0,7.0,0.0,0.0,0.0,0.108,0.0,0.0,0.0,29.79,29.79,3.5,92.0,0,0,0,0.0,,0,inactiu
25.55,25/07/2026 03:30,88.95,0.0,0,alt,1,52.2,alt,baix,5.5,100.0,100.0,330.0,7.0,0.0,0.0,0.0,0.108,0.0,0.0,0.0,29.77,29.79,4.0,0.0,0,0,0,0.0,,0,inactiu
25.55,25/07/2026 04:00,89.4,0.0,0,alt,1,66.2,alt,baix,6.0,100.0,100.0,330.0,7.0,0.0,0.0,0.0,0.108,0.0,0.0,0.0,29.75,29.79,4.5,12.8,0,0,0,0.0,,0,inactiu
25.3,25/07/2026 04:30,88.3,0.0,0,alt,1,77.8,alt,baix,6.5,100.0,100.0,330.0,7.0,0.0,0.0,0.0,0.108,0.0,0.0,0.0,29.72,29.79,5.0,25.4,0,0,0,0.0,,0,inactiu
25.4,25/07/2026 05:00,88.5,0.0,0,alt,1,86.3,alt,baix,7.0,100.0,100.0,330.0,7.0,0.0,0.0,0.0,0.108,0.0,0.0,0.0,29.72,29.8,5.5,38.1,0,0,0,0.0,,0,inactiu
25.9,25/07/2026 05:30,89.9,0.0,0,alt,1,92.1,alt,moderat,7.5,100.0,100.0,330.0,7.0,0.0,0.0,0.0,0.108,0.0,0.0,0.0,29.74,29.8,6.0,51.1,0,0,0,0.0,,0,inactiu
26.15,25/07/2026 06:00,88.95,0.0,0,alt,1,95.6,alt,moderat,8.0,100.0,100.0,330.0,7.0,0.0,0.0,0.0,0.108,0.0,0.0,0.0,29.77,29.81,6.5,64.2,0,0,0,0.0,,0,inactiu
26.75,25/07/2026 06:30,90.35,0.0,0,alt,1,97.6,alt,baix,8.5,100.0,100.0,330.0,7.0,0.0,0.0,0.0,0.108,0.0,0.0,0.0,29.82,29.82,7.0,77.5,0,0,0,0.0,,0,inactiu
27.25,25/07/2026 07:00,90.25,0.0,0,alt,1,98.7,alt,baix,9.0,100.0,100.0,330.0,7.0,1.0,0.0,0.0,0.108,0.01,0.0,0.0,29.89,29.84,7.5,91.2,0,0,0,0.0,,0,inactiu
25.3,25/07/2026 07:30,74.3,0.0,0,alt,1,99.3,alt,baix,9.5,100.0,100.0,330.0,7.0,1.0,0.0,0.0,0.108,0.01,0.0,0.0,29.85,29.84,8.0,0.0,0,0,0,0.0,,0,inactiu
26.0,25/07/2026 08:00,71.05,0.0,0,alt,1,99.6,alt,baix,10.0,100.0,100.0,330.0,7.0,40.0,0.0,0.35,0.108,0.03,0.0,0.0,29.82,29.84,8.5,0.0,0,0,0,0.0,,0,inactiu
26.75,25/07/2026 08:30,66.7,0.0,0,alt,0,94.5,alt,baix,10.5,100.0,100.0,330.0,7.0,40.0,0.0,0.35,0.108,0.03,0.0,0.0,29.78,29.84,0.0,0.0,0,0,0,0.0,,0,inactiu
27.450000000000003,25/07/2026 09:00,63.65,0.0,0,alt,0,89.7,alt,baix,11.0,100.0,100.0,330.0,7.0,128.0,18.0,1.35,0.108,0.09,0.0,0.0,29.73,29.83,0.0,0.0,0,0,0,0.0,,0,inactiu
29.1,25/07/2026 09:30,70.75,0.0,0,alt,0,85.1,alt,baix,11.5,100.0,100.0,330.0,7.0,128.0,18.0,1.35,0.108,0.09,0.0,0.0,29.7,29.82,0.0,0.0,0,0,0,0.0,,0,inactiu
31.2,25/07/2026 10:00,75.6,0.0,0,alt,0,80.7,alt,baix,0.0,100.0,100.0,330.0,7.0,240.0,45.0,2.9,0.108,0.18,0.0,0.0,29.7,29.82,0.0,0.0,0,0,0,0.0,,0,inactiu
32.05,25/07/2026 10:30,70.4,0.0,0,alt,0,76.5,alt,baix,0.0,100.0,100.0,330.0,7.0,240.0,45.0,2.9,0.108,0.18,0.0,0.0,29.7,29.81,0.0,0.0,0,0,0,0.0,,0,inactiu
32.25,25/07/2026 11:00,66.80000000000001,0.0,0,alt,0,72.6,alt,baix,0.0,100.0,100.0,330.0,7.0,411.0,133.0,4.5,0.108,0.31,0.0,0.0,29.7,29.8,0.0,0.0,0,0,0,0.0,,0,inactiu
33.15,25/07/2026 11:30,63.35,0.0,0,alt,0,68.9,alt,baix,0.0,100.0,100.0,330.0,7.0,411.0,133.0,4.5,0.108,0.31,0.0,0.0,29.7,29.81,0.0,0.0,0,0,0,0.0,,0,inactiu
34.35,25/07/2026 12:00,57.2,0.0,0,alt,0,65.4,alt,baix,0.0,100.0,100.0,330.0,7.0,577.0,228.0,5.8,0.108,0.44,0.0,0.0,29.71,29.81,0.0,0.0,0,0,0,0.0,,0,inactiu
35.3,25/07/2026 12:30,54.5,0.0,0,alt,0,62.0,alt,baix,0.0,100.0,100.0,330.0,7.0,577.0,228.0,5.8,0.108,0.44,0.0,0.0,29.74,29.81,0.0,0.0,0,0,0,0.0,,0,inactiu
35.9,25/07/2026 13:00,51.6,0.0,0,alt,0,58.8,alt,baix,0.0,100.0,100.0,330.0,7.0,630.0,271.0,6.95,0.108,0.49,0.0,0.0,29.77,29.81,0.0,0.0,0,0,0,0.0,,0,inactiu
36.2,25/07/2026 13:30,51.6,0.0,0,alt,0,55.8,alt,baix,0.0,100.0,100.0,330.0,7.0,630.0,271.0,6.95,0.108,0.49,0.0,0.0,29.82,29.81,0.0,0.0,0,0,0,0.0,,0,inactiu
36.75,25/07/2026 14:00,49.55,0.0,0,alt,0,52.9,alt,baix,0.0,100.0,100.0,330.0,7.0,532.0,100.0,5.75,0.108,0.45,0.0,0.0,29.87,29.81,0.0,0.0,0,0,0,0.0,,0,inactiu
37.75,25/07/2026 14:30,40.7,0.0,0,alt,0,50.2,alt,baix,0.0,100.0,100.0,330.0,7.0,532.0,100.0,5.75,0.108,0.45,0.0,0.0,29.95,29.82,0.0,0.0,0,0,0,0.0,,0,inactiu
37.55,25/07/2026 15:00,40.65,0.0,0,alt,0,47.6,moderat,baix,0.0,100.0,100.0,330.0,7.0,616.0,215.0,5.1,0.108,0.51,0.0,0.0,30.02,29.82,0.0,0.0,0,0,0,0.0,,0,inactiu
37.85,25/07/2026 15:30,35.650000000000006,0.0,0,alt,0,45.2,moderat,baix,0.0,100.0,100.0,330.0,7.0,616.0,215.0,5.1,0.108,0.51,0.0,0.0,30.1,29.83,0.0,0.0,0,0,0,0.0,,0,inactiu
37.95,25/07/2026 16:00,30.3,0.0,0,alt,0,42.9,moderat,baix,0.0,100.0,100.0,330.0,7.0,649.0,304.0,5.5,0.108,0.55,0.0,0.0,30.19,29.83,0.0,0.0,0,0,0,0.0,,0,inactiu
37.7,25/07/2026 16:30,30.75,0.0,0,alt,0,40.7,moderat,baix,0.0,100.0,100.0,330.0,7.0,649.0,304.0,5.5,0.108,0.55,0.0,0.0,30.26,29.84,0.0,0.0,0,0,0,0.0,,0,inactiu
36.6,25/07/2026 17:00,39.1,0.0,0,alt,0,38.6,moderat,baix,0.0,100.0,100.0,330.0,7.0,395.0,92.0,3.2,0.108,0.4,0.0,0.0,30.32,29.84,0.0,0.0,0,0,0,0.0,,0,inactiu
35.3,25/07/2026 17:30,44.55,0.0,0,alt,0,36.6,moderat,baix,0.0,100.0,100.0,330.0,7.0,395.0,92.0,3.2,0.108,0.4,0.0,0.0,30.37,29.84,0.0,0.0,0,0,0,0.0,,0,inactiu
34.150000000000006,25/07/2026 18:00,48.3,0.0,0,alt,0,34.7,moderat,baix,0.0,100.0,100.0,330.0,7.0,329.0,81.0,2.75,0.108,0.37,0.0,0.0,30.4,29.84,0.0,0.0,0,0,0,0.0,,0,inactiu
33.55,25/07/2026 18:30,49.15,0.0,0,alt,0,33.0,moderat,baix,0.0,100.0,100.0,330.0,7.0,329.0,81.0,2.75,0.108,0.37,0.0,0.0,30.42,29.84,0.0,0.0,0,0,0,0.0,,0,inactiu
33.45,25/07/2026 19:00,41.15,0.0,0,alt,0,31.3,moderat,baix,0.0,100.0,100.0,330.0,7.0,261.0,68.0,1.45,0.108,0.31,0.0,0.0,30.45,29.84,0.0,0.0,0,0,0,0.0,,0,inactiu
33.95,25/07/2026 19:30,27.450000000000003,0.0,0,alt,0,29.7,moderat,baix,0.0,100.0,100.0,330.0,7.0,261.0,68.0,1.45,0.108,0.31,0.0,0.0,30.51,29.84,0.0,0.0,0,0,0,0.0,,0,inactiu
33.5,25/07/2026 20:00,25.700000000000003,0.0,0,alt,0,28.1,moderat,baix,0.0,100.0,100.0,330.0,7.0,130.0,22.0,0.75,0.108,0.21,0.0,0.0,30.57,29.85,0.0,0.0,0,0,0,0.0,,0,inactiu
32.55,25/07/2026 20:30,27.35,0.0,0,alt,0,26.7,moderat,baix,0.0,100.0,100.0,330.0,7.0,130.0,22.0,0.75,0.108,0.21,0.0,0.0,30.62,29.85,0.0,0.0,0,0,0,0.0,,0,inactiu
31.55,25/07/2026 21:00,28.55,0.0,0,alt,0,25.3,moderat,baix,0.0,100.0,100.0,330.0,7.0,37.0,7.0,0.15,0.108,0.1,0.0,0.0,30.66,29.86,0.0,0.0,0,0,0,0.0,,0,inactiu
30.05,25/07/2026 21:30,29.2,0.0,0,alt,0,24.0,moderat,baix,0.0,100.0,100.0,330.0,7.0,37.0,7.0,0.15,0.108,0.1,0.0,0.0,30.67,29.86,0.0,0.0,0,0,0,0.0,,0,inactiu
29.35,25/07/2026 22:00,29.1,0.0,0,alt,0,22.8,moderat,baix,0.5,100.0,100.0,330.0,7.0,0.0,0.0,0.0,0.108,0.06,0.0,0.0,30.67,29.86,0.0,0.0,0,0,0,0.0,,0,inactiu
27.700000000000003,25/07/2026 22:30,32.05,0.0,0,alt,0,21.6,moderat,baix,1.0,100.0,100.0,330.0,7.0,0.0,0.0,0.0,0.108,0.06,0.0,0.0,30.64,29.87,0.0,0.0,0,0,0,0.0,,0,inactiu
26.7,25/07/2026 23:00,34.4,0.0,0,alt,0,20.5,moderat,baix,1.5,100.0,100.0,330.0,7.0,0.0,0.0,0.0,0.108,0.03,0.0,0.0,30.6,29.87,0.0,0.0,0,0,0,0.0,,0,inactiu
26.450000000000003,25/07/2026 23:30,35.15,0.0,0,alt,0,19.5,baix,baix,2.0,100.0,100.0,330.0,7.0,0.0,0.0,0.0,0.108,0.03,0.0,0.0,30.57,29.88,0.0,0.0,0,0,0,0.0,,0,inactiu
26.4,26/07/2026 00:00,36.7,0.0,0,alt,0,18.5,baix,baix,2.5,100.0,100.0,0.0,7.6,0.0,0.0,0.0,0.108,0.0,0.0,0.0,30.54,29.88,0.0,0.0,0,0,0,0.0,,0,inactiu
25.45,26/07/2026 00:30,38.75,0.0,0,alt,0,17.5,baix,baix,3.0,100.0,100.0,0.0,7.6,0.0,0.0,0.0,0.108,0.0,0.0,0.0,30.49,29.89,0.0,0.0,0,0,0,0.0,,0,inactiu
24.75,26/07/2026 01:00,39.55,0.0,0,alt,0,16.6,baix,baix,3.5,100.0,100.0,0.0,7.6,0.0,0.0,0.0,0.108,0.03,0.0,0.0,30.44,29.9,0.0,0.0,0,0,0,0.0,,0,inactiu
22.95,26/07/2026 01:30,43.45,0.0,0,alt,0,15.8,baix,baix,4.0,100.0,100.0,0.0,7.6,0.0,0.0,0.0,0.108,0.03,0.0,0.0,30.38,29.9,0.0,0.0,0,0,0,0.0,,0,inactiu
22.25,26/07/2026 02:00,46.05,0.0,0,alt,0,15.0,baix,baix,4.5,100.0,100.0,0.0,7.6,0.0,0.0,0.0,0.108,0.02,0.0,0.0,30.32,29.9,0.0,0.0,0,0,0,0.0,,0,inactiu
21.450000000000003,26/07/2026 02:30,48.6,0.0,0,alt,0,14.2,baix,baix,5.0,100.0,100.0,0.0,7.6,0.0,0.0,0.0,0.108,0.02,0.0,0.0,30.24,29.9,0.0,0.0,0,0,0,0.0,,0,inactiu
21.95,26/07/2026 03:00,49.8,0.0,0,alt,0,13.5,baix,baix,5.5,100.0,100.0,0.0,7.6,0.0,0.0,0.0,0.108,0.0,0.0,0.0,30.18,29.89,0.0,0.0,0,0,0,0.0,,0,inactiu
22.6,26/07/2026 03:30,62.45,0.0,0,alt,0,12.8,baix,baix,6.0,100.0,100.0,0.0,7.6,0.0,0.0,0.0,0.108,0.0,0.0,0.0,30.11,29.89,0.0,0.0,0,0,0,0.0,,0,inactiu
24.7,26/07/2026 04:00,77.9,0.0,0,alt,0,12.1,baix,baix,6.5,100.0,100.0,0.0,7.6,0.0,0.0,0.0,0.108,0.0,0.0,0.0,30.1,29.9,0.0,0.0,0,0,0,0.0,,0,inactiu
25.95,26/07/2026 04:30,78.05000000000001,0.0,0,alt,0,11.5,baix,baix,7.0,100.0,100.0,0.0,7.6,0.0,0.0,0.0,0.108,0.0,0.0,0.0,30.11,29.91,0.0,0.0,0,0,0,0.0,,0,inactiu
25.55,26/07/2026 05:00,78.55,0.0,0,alt,0,10.9,baix,baix,7.5,100.0,100.0,0.0,7.6,0.0,0.0,0.0,0.108,0.0,0.0,0.0,30.11,29.92,0.0,0.0,0,0,0,0.0,,0,inactiu
25.4,26/07/2026 05:30,77.85,0.0,0,alt,0,10.3,baix,baix,8.0,100.0,100.0,0.0,7.6,0.0,0.0,0.0,0.108,0.0,0.0,0.0,30.1,29.94,0.0,0.0,0,0,0,0.0,,0,inactiu
24.950000000000003,26/07/2026 06:00,77.0,0.0,0,alt,0,9.8,baix,baix,8.5,100.0,100.0,0.0,7.6,0.0,0.0,0.0,0.108,0.0,0.0,0.0,30.08,29.95,0.0,0.0,0,0,0,0.0,,0,inactiu
24.5,26/07/2026 06:30,77.75,0.0,0,alt,0,9.3,baix,baix,9.0,100.0,100.0,0.0,7.6,0.0,0.0,0.0,0.108,0.0,0.0,0.0,30.03,29.95,0.0,0.0,0,0,0,0.0,,0,inactiu
24.9,26/07/2026 07:00,76.0,0.0,0,alt,0,8.8,baix,baix,9.5,100.0,100.0,0.0,7.6,2.0,0.0,0.0,0.108,0.02,0.0,0.0,29.98,29.97,0.0,0.0,0,0,0,0.0,,0,inactiu
25.0,26/07/2026 07:30,75.5,0.0,0,alt,0,7.9,baix,baix,10.5,100.0,100.0,0.0,7.6,2.0,0.0,0.0,0.108,0.02,0.0,0.0,29.98,29.97,0.0,0.0,0,0,0,0.0,,0,inactiu
24.5,26/07/2026 08:30,71.6,0.0,0,alt,0,7.5,baix,baix,11.0,100.0,100.0,0.0,7.6,82.0,36.0,0.4,0.108,0.08,0.0,0.0,30.01,29.97,0.0,0.0,0,0,0,0.0,,0,inactiu
26.65,26/07/2026 09:00,65.8,0.0,0,alt,0,7.2,baix,baix,11.5,100.0,100.0,0.0,7.6,238.0,141.0,1.45,0.108,0.19,0.0,0.0,30.0,29.96,0.0,0.0,0,0,0,0.0,,0,inactiu
27.8,26/07/2026 09:30,60.35,0.0,0,alt,0,6.8,baix,baix,12.0,100.0,100.0,0.0,7.6,238.0,141.0,1.45,0.108,0.19,0.0,0.0,29.97,29.96,0.0,0.0,0,0,0,0.0,,0,inactiu
28.85,26/07/2026 10:00,57.900000000000006,0.0,0,alt,0,6.4,baix,baix,12.5,100.0,100.0,0.0,7.6,379.0,234.0,2.95,0.108,0.31,0.0,0.0,29.92,29.95,0.0,0.0,0,0,0,0.0,,0,inactiu
26.2,26/07/2026 10:30,68.1,0.0,0,alt,0,6.1,baix,baix,13.0,100.0,100.0,0.0,7.6,379.0,234.0,2.95,0.108,0.31,0.0,0.0,29.79,29.94,0.0,0.0,0,0,0,0.0,,0,inactiu
26.05,26/07/2026 11:00,70.35,0.0,0,alt,0,5.8,baix,baix,13.5,100.0,100.0,0.0,7.6,454.0,232.0,4.6,0.129,0.37,0.0,0.0,29.66,29.93,0.0,0.0,0,0,0,0.0,,0,inactiu
26.35,26/07/2026 11:30,69.85,0.0,0,alt,0,5.5,baix,baix,14.0,100.0,100.0,0.0,7.6,454.0,232.0,4.6,0.129,0.37,0.0,0.0,29.52,29.91,0.0,0.0,0,0,0,0.0,,0,inactiu
26.450000000000003,26/07/2026 12:00,67.6,0.0,0,alt,0,5.2,baix,baix,14.5,100.0,100.0,0.0,7.6,594.0,348.0,6.05,0.137,0.45,0.0,0.0,29.35,29.89,0.0,0.0,0,0,0,0.0,,0,inactiu
27.3,26/07/2026 12:30,64.30000000000001,0.0,0,alt,0,4.9,baix,baix,15.0,100.0,100.0,0.0,7.6,594.0,348.0,6.05,0.137,0.45,0.0,0.0,29.18,29.88,0.0,0.0,0,0,0,0.0,,0,inactiu
28.55,26/07/2026 13:00,60.65,0.0,0,alt,0,4.7,baix,baix,15.5,100.0,100.0,0.0,7.6,623.0,344.0,6.15,0.139,0.49,0.0,0.0,29.02,29.87,0.0,0.0,0,0,0,0.0,,0,inactiu
29.25,26/07/2026 13:30,57.75,0.0,0,alt,0,4.5,baix,baix,16.0,100.0,100.0,0.0,7.6,623.0,344.0,6.15,0.139,0.49,0.0,0.0,28.87,29.85,0.0,0.0,0,0,0,0.0,,0,inactiu
30.1,26/07/2026 14:00,53.3,0.0,0,alt,0,4.2,baix,baix,0.0,100.0,100.0,0.0,7.6,590.0,300.0,6.6,0.117,0.53,0.0,0.0,28.73,29.84,0.0,0.0,0,0,0,0.0,,0,inactiu
29.95,26/07/2026 14:30,52.3,0.0,0,alt,0,4.0,baix,baix,0.0,100.0,100.0,0.0,7.6,590.0,300.0,6.6,0.117,0.53,0.0,0.0,28.57,29.83,0.0,0.0,0,0,0,0.0,,0,inactiu
30.05,26/07/2026 15:00,51.45,0.0,0,alt,0,3.8,baix,baix,0.0,100.0,100.0,0.0,7.6,695.0,429.0,7.55,0.117,0.58,0.0,0.0,28.41,29.81,0.0,0.0,0,0,0,0.0,,0,inactiu
29.55,26/07/2026 15:30,53.5,0.0,0,alt,0,3.6,baix,baix,0.0,100.0,100.0,0.0,7.6,695.0,429.0,7.55,0.117,0.58,0.0,0.0,28.23,29.79,0.0,0.0,0,0,0,0.0,,0,inactiu
29.5,26/07/2026 16:00,53.9,0.0,0,alt,0,3.4,baix,baix,0.0,100.0,100.0,0.0,7.6,648.0,383.0,6.75,0.117,0.55,0.0,0.0,28.05,29.78,0.0,0.0,0,0,0,0.0,,0,inactiu
29.85,26/07/2026 16:30,52.45,0.0,0,alt,0,3.2,baix,baix,0.0,100.0,100.0,0.0,7.6,648.0,383.0,6.75,0.117,0.55,0.0,0.0,27.88,29.76,0.0,0.0,0,0,0,0.0,,0,inactiu
29.1,26/07/2026 17:00,54.6,0.0,0,alt,0,3.1,baix,baix,0.5,100.0,100.0,0.0,7.6,576.0,337.0,5.45,0.137,0.48,0.0,0.0,27.72,29.75,0.0,0.0,0,0,0,0.0,,0,inactiu
28.450000000000003,26/07/2026 17:30,55.8,0.0,0,alt,0,2.9,baix,baix,1.0,100.0,100.0,0.0,7.6,576.0,337.0,5.45,0.137,0.48,0.0,0.0,27.58,29.73,0.0,0.0,0,0,0,0.0,,0,inactiu
28.4,26/07/2026 18:00,56.0,0.0,0,alt,0,2.8,baix,baix,1.5,100.0,100.0,0.0,7.6,447.0,280.0,4.15,0.147,0.39,0.0,0.0,27.46,29.71,0.0,0.0,0,0,0,0.0,,0,inactiu
27.75,26/07/2026 18:30,57.15,0.0,0,alt,0,2.6,baix,baix,2.0,100.0,100.0,0.0,7.6,447.0,280.0,4.15,0.147,0.39,0.0,0.0,27.33,29.69,0.0,0.0,0,0,0,0.0,,0,inactiu
27.85,26/07/2026 19:00,56.05,0.0,0,alt,0,2.5,baix,baix,2.5,100.0,100.0,0.0,7.6,364.0,227.0,2.55,0.148,0.31,0.0,0.0,27.21,29.67,0.0,0.0,0,0,0,0.0,,0,inactiu
27.55,26/07/2026 19:30,57.2,0.0,0,alt,0,2.4,baix,baix,3.0,100.0,100.0,0.0,7.6,364.0,227.0,2.55,0.148,0.31,0.0,0.0,27.08,29.65,0.0,0.0,0,0,0,0.0,,0,inactiu
27.0,26/07/2026 20:00,58.8,0.0,0,alt,0,2.2,baix,baix,3.5,100.0,100.0,0.0,7.6,203.0,120.0,1.15,0.148,0.2,0.0,0.0,26.94,29.64,0.0,0.0,0,0,0,0.0,,0,inactiu
26.450000000000003,26/07/2026 20:30,60.9,0.0,0,alt,0,2.1,baix,baix,4.0,100.0,100.0,0.0,7.6,203.0,120.0,1.15,0.148,0.2,0.0,0.0,26.81,29.63,0.0,0.0,0,0,0,0.0,,0,inactiu
25.7,26/07/2026 21:00,63.35,0.0,0,alt,0,2.0,baix,baix,4.5,100.0,100.0,0.0,7.6,53.0,21.0,0.25,0.148,0.09,0.0,0.0,26.69,29.63,0.0,0.0,0,0,0,0.0,,0,inactiu
24.7,26/07/2026 21:30,67.15,0.0,0,alt,0,1.9,baix,baix,5.0,100.0,100.0,0.0,7.6,53.0,21.0,0.25,0.148,0.09,0.0,0.0,26.57,29.62,0.0,0.0,0,0,0,0.0,,0,inactiu
23.55,26/07/2026 22:00,69.4,0.0,0,alt,0,1.8,baix,baix,5.5,100.0,100.0,0.0,7.6,0.0,0.0,0.0,0.147,0.05,0.0,0.0,26.45,29.61,0.0,0.0,0,0,0,0.0,,0,inactiu
22.6,26/07/2026 22:30,71.6,0.0,0,alt,0,1.7,baix,baix,6.0,100.0,100.0,0.0,7.6,0.0,0.0,0.0,0.147,0.05,0.0,0.0,26.34,29.6,0.0,0.0,0,0,0,0.0,,0,inactiu
21.950000000000003,26/07/2026 23:00,73.3,0.0,0,alt,0,1.6,baix,baix,6.5,100.0,100.0,0.0,7.6,0.0,0.0,0.0,0.147,0.0,0.0,0.0,26.24,29.59,0.0,0.0,0,0,0,0.0,,0,inactiu
21.35,26/07/2026 23:30,74.35,0.0,0,alt,0,1.6,baix,baix,7.0,100.0,100.0,0.0,7.6,0.0,0.0,0.0,0.147,0.0,0.0,0.0,26.13,29.57,0.0,0.0,0,0,0,0.0,,0,inactiu
21.1,27/07/2026 00:00,75.7,0.0,0,alt,0,1.5,baix,baix,7.5,100.0,100.0,0.0,7.2,0.0,0.0,0.0,0.147,0.0,0.0,0.0,26.02,29.56,0.0,0.0,0,0,0,0.0,,0,inactiu
20.45,27/07/2026 00:30,76.65,0.0,0,alt,0,1.4,baix,baix,0.0,100.0,100.0,0.0,7.2,0.0,0.0,0.0,0.147,0.0,0.0,0.0,25.91,29.54,0.0,0.0,0,0,0,0.0,,0,inactiu
20.0,27/07/2026 01:00,78.3,0.0,0,alt,0,1.3,baix,baix,0.0,100.0,100.0,0.0,7.2,0.0,0.0,0.0,0.147,0.0,0.0,0.0,25.81,29.53,0.0,0.0,0,0,0,0.0,,0,inactiu
19.15,27/07/2026 01:30,78.2,0.0,0,alt,0,1.3,baix,baix,0.0,100.0,100.0,0.0,7.2,0.0,0.0,0.0,0.147,0.0,0.0,0.0,25.73,29.51,0.0,0.0,0,0,0,0.0,,0,inactiu
18.55,27/07/2026 02:00,78.25,0.0,0,alt,0,1.2,baix,baix,0.0,100.0,100.0,0.0,7.2,0.0,0.0,0.0,0.121,0.0,0.0,0.0,25.65,29.49,0.0,0.0,0,0,0,0.0,,0,inactiu
18.15,27/07/2026 02:30,79.25,0.0,0,alt,0,1.1,baix,baix,0.0,100.0,100.0,0.0,7.2,0.0,0.0,0.0,0.121,0.0,0.0,0.0,25.58,29.47,0.0,0.0,0,0,0,0.0,,0,inactiu
17.95,27/07/2026 03:00,80.30000000000001,0.0,0,alt,0,1.1,baix,baix,0.0,100.0,100.0,0.0,7.2,0.0,0.0,0.0,0.121,0.0,0.0,0.0,25.49,29.45,0.0,0.0,0,0,0,0.0,,0,inactiu
17.65,27/07/2026 03:30,80.1,0.0,0,alt,0,1.0,baix,baix,0.0,100.0,100.0,0.0,7.2,0.0,0.0,0.0,0.121,0.0,0.0,0.0,25.39,29.43,0.0,0.0,0,0,0,0.0,,0,inactiu
17.15,27/07/2026 04:00,81.44999999999999,0.0,0,alt,0,1.0,baix,baix,0.0,100.0,100.0,0.0,7.2,0.0,0.0,0.0,0.121,0.0,0.0,0.0,25.23,29.41,0.0,0.0,0,0,0,0.0,,0,inactiu
17.4,27/07/2026 04:30,84.15,0.0,0,alt,0,0.9,baix,baix,0.0,100.0,100.0,0.0,7.2,0.0,0.0,0.0,0.121,0.0,0.0,0.0,25.05,29.39,0.0,0.0,0,0,0,0.0,,0,inactiu
16.85,27/07/2026 05:00,83.19999999999999,0.0,0,alt,0,0.9,baix,baix,0.0,100.0,100.0,0.0,7.2,0.0,0.0,0.0,0.121,0.0,0.0,0.0,24.86,29.37,0.0,0.0,0,0,0,0.0,,0,inactiu
16.6,27/07/2026 05:30,84.35,0.0,0,alt,0,0.8,baix,baix,0.0,100.0,100.0,0.0,7.2,0.0,0.0,0.0,0.121,0.0,0.0,0.0,24.67,29.35,0.0,0.0,0,0,0,0.0,,0,inactiu
16.45,27/07/2026 06:00,84.05,0.0,0,alt,0,0.8,baix,baix,0.0,100.0,100.0,0.0,7.2,0.0,0.0,0.0,0.121,0.0,0.0,0.0,24.49,29.33,0.0,0.0,0,0,0,0.0,,0,inactiu
16.4,27/07/2026 06:30,84.65,0.0,0,alt,0,0.7,baix,baix,0.0,100.0,100.0,0.0,7.2,0.0,0.0,0.0,0.121,0.0,0.0,0.0,24.32,29.32,0.0,0.0,0,0,0,0.0,,0,inactiu
16.799999999999997,27/07/2026 07:00,86.5,0.0,0,alt,0,0.7,baix,baix,0.0,100.0,100.0,0.0,7.2,2.0,0.0,0.0,0.121,0.0,0.0,0.0,24.15,29.3,0.0,0.0,0,0,0,0.0,,0,inactiu
18.05,27/07/2026 07:30,83.85,0.0,0,alt,0,0.7,baix,baix,0.0,100.0,100.0,0.0,7.2,2.0,0.0,0.0,0.121,0.0,0.0,0.0,24.0,29.29,0.0,0.0,0,0,0,0.0,,0,inactiu
22.6,27/07/2026 08:00,76.25,0.0,0,alt,0,0.6,baix,baix,0.5,100.0,100.0,0.0,7.2,84.0,41.0,0.4,0.132,0.04,0.0,0.0,23.97,29.28,0.0,0.0,0,0,0,0.0,,0,inactiu
25.6,27/07/2026 08:30,70.9,0.0,0,alt,0,0.6,baix,baix,1.0,100.0,100.0,0.0,7.2,84.0,41.0,0.4,0.132,0.04,0.0,0.0,23.99,29.28,0.0,0.0,0,0,0,0.0,,0,inactiu
27.75,27/07/2026 09:00,65.65,0.0,0,alt,0,0.6,baix,baix,1.5,100.0,100.0,0.0,7.2,257.0,183.0,1.45,0.131,0.15,0.0,0.0,24.02,29.27,0.0,0.0,0,0,0,0.0,,0,inactiu
28.4,27/07/2026 09:30,64.4,0.0,0,alt,0,0.5,baix,baix,2.0,100.0,100.0,0.0,7.2,257.0,183.0,1.45,0.131,0.15,0.0,0.0,24.03,29.27,0.0,0.0,0,0,0,0.0,,0,inactiu
28.85,27/07/2026 10:00,57.900000000000006,0.0,0,alt,0,0.5,baix,baix,2.5,100.0,100.0,0.0,7.2,449.0,355.0,2.95,0.13,0.31,0.0,0.0,24.03,29.27,0.0,0.0,0,0,0,0.0,,0,inactiu
29.5,27/07/2026 10:30,55.400000000000006,0.0,0,alt,0,0.5,baix,baix,0.0,100.0,100.0,0.0,7.2,449.0,355.0,2.95,0.13,0.31,0.0,0.0,24.1,29.26,0.0,0.0,0,0,0,0.0,,0,inactiu
30.3,27/07/2026 11:00,51.650000000000006,0.0,0,alt,0,0.5,baix,baix,0.0,100.0,100.0,0.0,7.2,626.0,521.0,4.6,0.129,0.45,0.0,0.0,24.19,29.26,0.0,0.0,0,0,0,0.0,,0,inactiu
30.8,27/07/2026 11:30,48.6,0.0,0,alt,0,0.4,baix,baix,0.0,100.0,100.0,0.0,7.2,626.0,521.0,4.6,0.129,0.45,0.0,0.0,24.28,29.25,0.0,0.0,0,0,0,0.0,,0,inactiu
31.15,27/07/2026 12:00,47.45,0.0,0,alt,0,0.4,baix,baix,0.0,100.0,100.0,0.0,7.2,763.0,638.0,6.1,0.128,0.56,0.0,0.0,24.38,29.25,0.0,0.0,0,0,0,0.0,,0,inactiu
31.700000000000003,27/07/2026 12:30,46.5,0.0,0,alt,0,0.4,baix,baix,0.0,100.0,100.0,0.0,7.2,763.0,638.0,6.1,0.128,0.56,0.0,0.0,24.47,29.24,0.0,0.0,0,0,0,0.0,,0,inactiu
31.4,27/07/2026 13:00,48.55,0.0,0,alt,0,0.4,baix,baix,0.0,100.0,100.0,0.0,7.2,734.0,494.0,7.15,0.128,0.56,0.0,0.0,24.53,29.23,0.0,0.0,0,0,0,0.0,,0,inactiu
30.0,27/07/2026 13:30,54.85,0.0,0,alt,0,0.4,baix,baix,0.0,100.0,100.0,0.0,7.2,734.0,494.0,7.15,0.128,0.56,0.0,0.0,24.54,29.22,0.0,0.0,0,0,0,0.0,,0,inactiu
29.6,27/07/2026 14:00,56.7,0.0,0,alt,0,0.3,baix,baix,0.0,100.0,100.0,0.0,7.2,627.0,393.0,6.9,0.144,0.5,0.0,0.0,24.53,29.21,0.0,0.0,0,0,0,0.0,,0,inactiu
29.9,27/07/2026 14:30,57.25,0.0,0,alt,0,0.3,baix,baix,0.0,100.0,100.0,0.0,7.2,627.0,393.0,6.9,0.144,0.5,0.0,0.0,24.53,29.19,0.0,0.0,0,0,0,0.0,,0,inactiu
29.8,27/07/2026 15:00,59.25,0.0,0,alt,0,0.3,baix,baix,0.0,100.0,100.0,0.0,7.2,526.0,246.0,1.75,0.142,0.46,0.0,0.0,24.53,29.18,0.0,0.0,0,0,0,0.0,,0,inactiu
29.5,27/07/2026 15:30,58.7,0.0,0,alt,0,0.3,baix,baix,0.0,100.0,100.0,0.0,7.2,526.0,246.0,1.75,0.142,0.46,0.0,0.0,24.53,29.17,0.0,0.0,0,0,0,0.0,,0,inactiu
29.4,27/07/2026 16:00,58.55,0.0,0,alt,0,0.3,baix,baix,0.5,100.0,100.0,0.0,7.2,441.0,201.0,1.1,0.141,0.4,0.0,0.0,24.52,29.16,0.0,0.0,0,0,0,0.0,,0,inactiu
28.65,27/07/2026 16:30,61.85,0.0,0,alt,0,0.3,baix,baix,1.0,100.0,100.0,0.0,7.2,441.0,201.0,1.1,0.141,0.4,0.0,0.0,24.5,29.15,0.0,0.0,0,0,0,0.0,,0,inactiu
29.5,27/07/2026 17:00,58.3,0.0,0,alt,0,0.2,baix,baix,0.0,100.0,100.0,0.0,7.2,378.0,197.0,1.35,0.146,0.37,0.0,0.0,24.51,29.14,0.0,0.0,0,0,0,0.0,,0,inactiu
29.95,27/07/2026 17:30,55.9,0.0,0,alt,0,0.2,baix,baix,0.0,100.0,100.0,0.0,7.2,378.0,197.0,1.35,0.146,0.37,0.0,0.0,24.54,29.12,0.0,0.0,0,0,0,0.0,,0,inactiu
29.8,27/07/2026 18:00,57.150000000000006,0.0,0,alt,0,0.2,baix,baix,0.0,100.0,100.0,0.0,7.2,320.0,150.0,2.4,0.149,0.32,0.0,0.0,24.57,29.11,0.0,0.0,0,0,0,0.0,,0,inactiu
29.35,27/07/2026 18:30,58.75,0.0,0,alt,0,0.2,baix,baix,0.5,100.0,100.0,0.0,7.2,320.0,150.0,2.4,0.149,0.32,0.0,0.0,24.6,29.1,0.0,0.0,0,0,0,0.0,,0,inactiu
29.85,27/07/2026 19:00,56.45,0.0,0,alt,0,0.2,baix,baix,0.0,100.0,100.0,0.0,7.2,237.0,130.0,2.2,0.148,0.26,0.0,0.0,24.64,29.09,0.0,0.0,0,0,0,0.0,,0,inactiu
29.6,27/07/2026 19:30,56.900000000000006,0.0,0,alt,0,0.2,baix,baix,0.0,100.0,100.0,0.0,7.2,237.0,130.0,2.2,0.148,0.26,0.0,0.0,24.69,29.08,0.0,0.0,0,0,0,0.0,,0,inactiu
28.85,27/07/2026 20:00,59.3,0.0,0,alt,0,0.2,baix,baix,0.5,100.0,100.0,0.0,7.2,167.0,81.0,1.1,0.151,0.2,0.0,0.0,24.72,29.07,0.0,0.0,0,0,0,0.0,,0,inactiu
27.950000000000003,27/07/2026 20:30,62.45,0.0,0,alt,0,0.2,baix,baix,1.0,100.0,100.0,0.0,7.2,167.0,81.0,1.1,0.151,0.2,0.0,0.0,24.76,29.06,0.0,0.0,0,0,0,0.0,,0,inactiu
27.15,27/07/2026 21:00,64.85,0.0,0,alt,0,0.2,baix,baix,1.5,100.0,100.0,0.0,7.2,44.0,12.0,0.25,0.15,0.08,0.0,0.0,24.79,29.06,0.0,0.0,0,0,0,0.0,,0,inactiu
26.450000000000003,27/07/2026 21:30,67.6,0.0,0,alt,0,0.2,baix,baix,2.0,100.0,100.0,0.0,7.2,44.0,12.0,0.25,0.15,0.08,0.0,0.0,24.82,29.05,0.0,0.0,0,0,0,0.0,,0,inactiu
25.85,27/07/2026 22:00,69.9,0.0,0,alt,0,0.1,baix,baix,2.5,100.0,100.0,0.0,7.2,0.0,0.0,0.0,0.15,0.04,0.0,0.0,24.87,29.04,0.0,0.0,0,0,0,0.0,,0,inactiu
25.05,27/07/2026 22:30,72.15,0.0,0,alt,0,0.1,baix,baix,3.0,100.0,100.0,0.0,7.2,0.0,0.0,0.0,0.15,0.04,0.0,0.0,24.92,29.03,0.0,0.0,0,0,0,0.0,,0,inactiu
24.4,27/07/2026 23:00,73.30000000000001,0.0,0,alt,0,0.1,baix,baix,3.5,100.0,100.0,0.0,7.2,0.0,0.0,0.0,0.15,0.0,0.0,0.0,24.97,29.03,0.0,0.0,0,0,0,0.0,,0,inactiu
24.0,27/07/2026 23:30,73.85,0.0,0,alt,0,0.1,baix,baix,4.0,100.0,100.0,0.0,7.2,0.0,0.0,0.0,0.15,0.0,0.0,0.0,25.03,29.02,0.0,0.0,0,0,0,0.0,,0,inactiu
23.75,28/07/2026 00:00,73.6,0.0,0,alt,0,0.1,baix,baix,4.5,90.0,98.6,0.0,7.8,0.0,0.0,0.0,0.15,0.0,0.0,0.0,25.08,29.01,0.0,0.0,0,0,0,0.0,,0,inactiu
22.0,28/07/2026 00:30,75.85,0.0,0,alt,0,0.1,baix,baix,5.0,90.0,98.6,0.0,7.8,0.0,0.0,0.0,0.15,0.0,0.0,0.0,25.12,29.0,0.0,0.0,0,0,0,0.0,,0,inactiu
20.9,28/07/2026 01:00,77.55,0.0,0,alt,0,0.1,baix,baix,0.0,90.0,98.6,0.0,7.8,0.0,0.0,0.0,0.149,0.0,0.0,0.0,25.13,28.99,0.0,0.0,0,0,0,0.0,,0,inactiu
20.25,28/07/2026 01:30,78.95,0.0,0,alt,0,0.1,baix,baix,0.0,90.0,98.6,0.0,7.8,0.0,0.0,0.0,0.149,0.0,0.0,0.0,25.16,28.98,0.0,0.0,0,0,0,0.0,,0,inactiu
19.7,28/07/2026 02:00,78.85,0.0,0,alt,0,0.1,baix,baix,0.0,90.0,98.6,0.0,7.8,0.0,0.0,0.0,0.153,0.0,0.0,0.0,25.18,28.97,0.0,0.0,0,0,0,0.0,,0,inactiu
19.6,28/07/2026 02:30,81.75,0.0,0,alt,0,0.1,baix,baix,0.0,90.0,98.6,0.0,7.8,0.0,0.0,0.0,0.153,0.0,0.0,0.0,25.21,28.96,0.0,0.0,0,0,0,0.0,,0,inactiu
19.4,28/07/2026 03:00,83.0,0.0,0,alt,0,0.1,baix,baix,0.0,90.0,98.6,0.0,7.8,0.0,0.0,0.0,0.153,0.0,0.0,0.0,25.24,28.95,0.0,0.0,0,0,0,0.0,,0,inactiu
18.8,28/07/2026 03:30,83.0,0.0,0,alt,0,0.1,baix,baix,0.0,90.0,98.6,0.0,7.8,0.0,0.0,0.0,0.153,0.0,0.0,0.0,25.27,28.94,0.0,0.0,0,0,0,0.0,,0,inactiu
18.3,28/07/2026 04:00,82.6,0.0,0,alt,0,0.1,baix,baix,0.0,90.0,98.6,0.0,7.8,0.0,0.0,0.0,0.153,0.0,0.0,0.0,25.29,28.92,0.0,0.0,0,0,0,0.0,,0,inactiu
18.0,28/07/2026 04:30,83.35,0.0,0,alt,0,0.1,baix,baix,0.0,90.0,98.6,0.0,7.8,0.0,0.0,0.0,0.153,0.0,0.0,0.0,25.3,28.9,0.0,0.0,0,0,0,0.0,,0,inactiu
17.95,28/07/2026 05:00,84.65,0.0,0,alt,0,0.1,baix,baix,0.0,90.0,98.6,0.0,7.8,0.0,0.0,0.0,0.153,0.0,0.0,0.0,25.33,28.89,0.0,0.0,0,0,0,0.0,,0,inactiu
17.55,28/07/2026 05:30,84.5,0.0,0,alt,0,0.1,baix,baix,0.0,90.0,98.6,0.0,7.8,0.0,0.0,0.0,0.153,0.0,0.0,0.0,25.34,28.87,0.0,0.0,0,0,0,0.0,,0,inactiu
17.65,28/07/2026 06:00,86.05000000000001,0.0,0,alt,0,0.1,baix,baix,0.0,90.0,98.6,0.0,7.8,0.0,0.0,0.0,0.153,0.0,0.0,0.0,25.37,28.86,0.0,0.0,0,0,0,0.0,,0,inactiu
17.35,28/07/2026 06:30,85.8,0.0,0,alt,0,0.1,baix,baix,0.0,90.0,98.6,0.0,7.8,0.0,0.0,0.0,0.153,0.0,0.0,0.0,25.39,28.85,0.0,0.0,0,0,0,0.0,,0,inactiu
17.25,28/07/2026 07:00,85.2,0.0,0,alt,0,0.1,baix,baix,0.0,90.0,98.6,0.0,7.8,2.0,0.0,0.0,0.153,0.0,0.0,0.0,25.4,28.83,0.0,0.0,0,0,0,0.0,,0,inactiu
19.4,28/07/2026 07:30,81.85,0.0,0,alt,0,0.1,baix,baix,0.0,90.0,98.6,0.0,7.8,2.0,0.0,0.0,0.153,0.0,0.0,0.0,25.43,28.82,0.0,0.0,0,0,0,0.0,,0,inactiu
22.25,28/07/2026 08:00,81.55,0.0,0,alt,0,0.1,baix,baix,0.5,90.0,98.6,0.0,7.8,80.0,36.0,0.4,0.155,0.04,0.0,0.0,25.42,28.82,0.0,0.0,0,0,0,0.0,,0,inactiu
25.15,28/07/2026 08:30,76.45,0.0,0,alt,0,0.0,baix,baix,1.0,90.0,98.6,0.0,7.8,80.0,36.0,0.4,0.155,0.04,0.0,0.0,25.41,28.81,0.0,0.0,0,0,0,0.0,,0,inactiu
26.950000000000003,28/07/2026 09:00,72.94999999999999,0.0,0,alt,0,0.0,baix,baix,1.5,90.0,98.6,0.0,7.8,253.0,177.0,1.45,0.154,0.16,0.0,0.0,25.39,28.81,0.0,0.0,0,0,0,0.0,,0,inactiu
28.5,28/07/2026 09:30,69.6,0.0,0,alt,0,0.0,baix,baix,2.0,90.0,98.6,0.0,7.8,253.0,177.0,1.45,0.154,0.16,0.0,0.0,25.4,28.81,0.0,0.0,0,0,0,0.0,,0,inactiu
29.3,28/07/2026 10:00,60.05,0.0,0,alt,0,0.0,baix,baix,2.5,90.0,98.6,0.0,7.8,445.0,350.0,2.95,0.153,0.3,0.0,0.0,25.41,28.8,0.0,0.0,0,0,0,0.0,,0,inactiu
30.1,28/07/2026 10:30,56.3,0.0,0,alt,0,0.0,baix,baix,0.0,90.0,98.6,0.0,7.8,445.0,350.0,2.95,0.153,0.3,0.0,0.0,25.42,28.8,0.0,0.0,0,0,0,0.0,,0,inactiu
31.0,28/07/2026 11:00,53.45,0.0,0,alt,0,0.0,baix,baix,0.0,90.0,98.6,0.0,7.8,622.0,504.0,4.6,0.152,0.44,0.0,0.0,25.43,28.8,0.0,0.0,0,0,0,0.0,,0,inactiu
31.85,28/07/2026 11:30,50.45,0.0,0,alt,0,0.0,baix,baix,0.0,90.0,98.6,0.0,7.8,622.0,504.0,4.6,0.152,0.44,0.0,0.0,25.45,28.8,0.0,0.0,0,0,0,0.0,,0,inactiu
31.4,28/07/2026 12:00,52.15,0.0,0,alt,0,0.0,baix,baix,0.0,90.0,98.6,0.0,7.8,750.0,559.0,6.1,0.15,0.55,0.0,0.0,25.46,28.8,0.0,0.0,0,0,0,0.0,,0,inactiu
31.9,28/07/2026 12:30,52.45,0.0,0,alt,0,0.0,baix,baix,0.0,90.0,98.6,0.0,7.8,750.0,559.0,6.1,0.15,0.55,0.0,0.0,25.46,28.79,0.0,0.0,0,0,0,0.0,,0,inactiu
31.8,28/07/2026 13:00,53.7,0.0,0,alt,0,0.0,baix,baix,0.0,90.0,98.6,0.0,7.8,837.0,624.0,7.25,0.147,0.64,0.0,0.0,25.47,28.79,0.0,0.0,0,0,0,0.0,,0,inactiu
30.9,28/07/2026 13:30,56.05,0.0,0,alt,0,0.0,baix,baix,0.0,90.0,98.6,0.0,7.8,837.0,624.0,7.25,0.147,0.64,0.0,0.0,25.49,28.78,0.0,0.0,0,0,0,0.0,,0,inactiu
31.7,28/07/2026 14:00,54.75,0.0,0,alt,0,0.0,baix,baix,0.0,90.0,98.6,0.0,7.8,846.0,588.0,7.8,0.146,0.65,0.0,0.0,25.53,28.78,0.0,0.0,0,0,0,0.0,,0,inactiu
32.65,28/07/2026 14:30,51.650000000000006,0.0,0,alt,0,0.0,baix,baix,0.0,90.0,98.6,0.0,7.8,846.0,588.0,7.8,0.146,0.65,0.0,0.0,25.59,28.77,0.0,0.0,0,0,0,0.0,,0,inactiu
32.150000000000006,28/07/2026 15:00,53.25,0.0,0,alt,0,0.0,baix,baix,0.0,90.0,98.6,0.0,7.8,844.0,580.0,7.75,0.144,0.66,0.0,0.0,25.64,28.77,0.0,0.0,0,0,0,0.0,,0,inactiu
33.0,28/07/2026 15:30,50.65,0.0,0,alt,0,0.0,baix,baix,0.0,90.0,98.6,0.0,7.8,844.0,580.0,7.75,0.144,0.66,0.0,0.0,25.71,28.77,0.0,0.0,0,0,0,0.0,,0,inactiu
33.25,28/07/2026 16:00,50.5,0.0,0,alt,0,0.0,baix,baix,0.0,90.0,98.6,0.0,7.8,772.0,531.0,7.05,0.142,0.61,0.0,0.0,25.79,28.76,0.0,0.0,0,0,0,0.0,,0,inactiu
32.95,28/07/2026 16:30,51.95,0.0,0,alt,0,0.0,baix,baix,0.0,90.0,98.6,0.0,7.8,772.0,531.0,7.05,0.142,0.61,0.0,0.0,25.88,28.76,0.0,0.0,0,0,0,0.0,,0,inactiu
32.3,28/07/2026 17:00,54.2,0.0,0,alt,0,0.0,baix,baix,0.0,90.0,98.6,0.0,7.8,700.0,485.0,5.85,0.14,0.55,0.0,0.0,25.94,28.75,0.0,0.0,0,0,0,0.0,,0,inactiu
32.0,28/07/2026 17:30,54.900000000000006,0.0,0,alt,0,0.0,baix,baix,0.0,90.0,98.6,0.0,7.8,700.0,485.0,5.85,0.14,0.55,0.0,0.0,25.98,28.74,0.0,0.0,0,0,0,0.0,,0,inactiu
31.6,28/07/2026 18:00,55.95,0.0,0,alt,0,0.0,baix,baix,0.0,90.0,98.6,0.0,7.8,554.0,371.0,4.25,0.138,0.44,0.0,0.0,26.02,28.73,0.0,0.0,0,0,0,0.0,,0,inactiu
31.4,28/07/2026 18:30,56.0,0.0,0,alt,0,0.0,baix,baix,0.0,90.0,98.6,0.0,7.8,554.0,371.0,4.25,0.138,0.44,0.0,0.0,26.06,28.72,0.0,0.0,0,0,0,0.0,,0,inactiu
31.35,28/07/2026 19:00,55.6,0.0,0,alt,0,0.0,baix,baix,0.0,90.0,98.6,0.0,7.8,383.0,258.0,2.6,0.137,0.32,0.0,0.0,26.1,28.71,0.0,0.0,0,0,0,0.0,,0,inactiu
30.8,28/07/2026 19:30,54.65,0.0,0,alt,0,0.0,baix,baix,0.0,90.0,98.6,0.0,7.8,383.0,258.0,2.6,0.137,0.32,0.0,0.0,26.12,28.7,0.0,0.0,0,0,0,0.0,,0,inactiu
30.35,28/07/2026 20:00,55.0,0.0,0,alt,0,0.0,baix,baix,0.0,90.0,98.6,0.0,7.8,211.0,138.0,1.15,0.135,0.19,0.0,0.0,26.15,28.7,0.0,0.0,0,0,0,0.0,,0,inactiu
29.65,28/07/2026 20:30,57.25,0.0,0,alt,0,0.0,baix,baix,0.0,90.0,98.6,0.0,7.8,211.0,138.0,1.15,0.135,0.19,0.0,0.0,26.19,28.7,0.0,0.0,0,0,0,0.0,,0,inactiu
28.3,28/07/2026 21:00,62.45,0.0,0,alt,0,0.0,baix,baix,0.5,90.0,98.6,0.0,7.8,51.0,21.0,0.25,0.134,0.06,0.0,0.0,26.21,28.69,0.0,0.0,0,0,0,0.0,,0,inactiu
27.25,28/07/2026 21:30,66.55000000000001,0.0,0,alt,0,0.0,baix,baix,1.0,90.0,98.6,0.0,7.8,51.0,21.0,0.25,0.134,0.06,0.0,0.0,26.23,28.69,0.0,0.0,0,0,0,0.0,,0,inactiu
26.35,28/07/2026 22:00,69.44999999999999,0.0,0,alt,0,0.0,baix,baix,1.5,90.0,98.6,0.0,7.8,0.0,0.0,0.0,0.134,0.0,0.0,0.0,26.24,28.69,0.0,0.0,0,0,0,0.0,,0,inactiu
25.65,28/07/2026 22:30,71.8,0.0,0,alt,0,0.0,baix,baix,2.0,90.0,98.6,0.0,7.8,0.0,0.0,0.0,0.134,0.0,0.0,0.0,26.25,28.68,0.0,0.0,0,0,0,0.0,,0,inactiu
24.25,28/07/2026 23:00,73.95,0.0,0,alt,0,0.0,baix,baix,2.5,90.0,98.6,0.0,7.8,0.0,0.0,0.0,0.134,0.0,0.0,0.0,26.25,28.68,0.0,0.0,0,0,0,0.0,,0,inactiu
22.65,28/07/2026 23:30,73.4,0.0,0,alt,0,0.0,baix,baix,3.0,90.0,98.6,0.0,7.8,0.0,0.0,0.0,0.134,0.0,0.0,0.0,26.22,28.67,0.0,0.0,0,0,0,0.0,,0,inactiu
21.700000000000003,29/07/2026 00:00,75.45,0.0,0,alt,0,0.0,baix,baix,3.5,80.0,95.7,0.0,7.8,0.0,0.0,0.0,0.134,0.0,0.0,0.0,26.18,28.66,0.0,0.0,0,0,0,0.0,,0,inactiu
21.2,29/07/2026 00:30,75.35,0.0,0,alt,0,0.0,baix,baix,4.0,80.0,95.7,0.0,7.8,0.0,0.0,0.0,0.134,0.0,0.0,0.0,26.16,28.65,0.0,0.0,0,0,0,0.0,,0,inactiu
20.55,29/07/2026 01:00,75.95,0.0,0,alt,0,0.0,baix,baix,0.0,80.0,95.7,0.0,7.8,0.0,0.0,0.0,0.134,0.0,0.0,0.0,26.15,28.65,0.0,0.0,0,0,0,0.0,,0,inactiu
20.25,29/07/2026 01:30,77.1,0.0,0,alt,0,0.0,baix,baix,0.0,80.0,95.7,0.0,7.8,0.0,0.0,0.0,0.134,0.0,0.0,0.0,26.15,28.64,0.0,0.0,0,0,0,0.0,,0,inactiu
20.25,29/07/2026 02:00,81.15,0.0,0,alt,0,0.0,baix,baix,0.0,80.0,95.7,0.0,7.8,0.0,0.0,0.0,0.138,0.0,0.0,0.0,26.16,28.63,0.0,0.0,0,0,0,0.0,,0,inactiu
19.6,29/07/2026 02:30,81.2,0.0,0,alt,0,0.0,baix,baix,0.0,80.0,95.7,0.0,7.8,0.0,0.0,0.0,0.138,0.0,0.0,0.0,26.16,28.62,0.0,0.0,0,0,0,0.0,,0,inactiu
19.4,29/07/2026 03:00,81.7,0.0,0,alt,0,0.0,baix,baix,0.0,80.0,95.7,0.0,7.8,0.0,0.0,0.0,0.138,0.0,0.0,0.0,26.16,28.61,0.0,0.0,0,0,0,0.0,,0,inactiu
19.3,29/07/2026 03:30,83.9,0.0,0,alt,0,0.0,baix,baix,0.0,80.0,95.7,0.0,7.8,0.0,0.0,0.0,0.138,0.0,0.0,0.0,26.17,28.61,0.0,0.0,0,0,0,0.0,,0,inactiu
19.15,29/07/2026 04:00,84.8,0.0,0,alt,0,0.0,baix,baix,0.0,80.0,95.7,0.0,7.8,0.0,0.0,0.0,0.138,0.0,0.0,0.0,26.19,28.6,0.0,0.0,0,0,0,0.0,,0,inactiu
18.45,29/07/2026 04:30,84.4,0.0,0,alt,0,0.0,baix,baix,0.0,80.0,95.7,0.0,7.8,0.0,0.0,0.0,0.138,0.0,0.0,0.0,26.2,28.59,0.0,0.0,0,0,0,0.0,,0,inactiu
18.25,29/07/2026 05:00,85.35,0.0,0,alt,0,0.0,baix,baix,0.0,80.0,95.7,0.0,7.8,0.0,0.0,0.0,0.138,0.0,0.0,0.0,26.21,28.59,0.0,0.0,0,0,0,0.0,,0,inactiu
17.95,29/07/2026 05:30,85.6,0.0,0,alt,0,0.0,baix,baix,0.0,80.0,95.7,0.0,7.8,0.0,0.0,0.0,0.138,0.0,0.0,0.0,26.22,28.58,0.0,0.0,0,0,0,0.0,,0,inactiu
17.65,29/07/2026 06:00,86.85,0.0,0,alt,0,0.0,baix,baix,0.0,80.0,95.7,0.0,7.8,0.0,0.0,0.0,0.138,0.0,0.0,0.0,26.22,28.57,0.0,0.0,0,0,0,0.0,,0,inactiu
17.75,29/07/2026 06:30,88.05,0.0,0,alt,0,0.0,baix,baix,0.0,80.0,95.7,0.0,7.8,0.0,0.0,0.0,0.138,0.0,0.0,0.0,26.22,28.57,0.0,0.0,0,0,0,0.0,,0,inactiu
17.45,29/07/2026 07:00,87.65,0.0,0,alt,0,0.0,baix,baix,0.0,80.0,95.7,0.0,7.8,2.0,0.0,0.0,0.138,0.0,0.0,0.0,26.23,28.56,0.0,0.0,0,0,0,0.0,,0,inactiu
19.5,29/07/2026 07:30,84.6,0.0,0,alt,0,0.0,baix,baix,0.0,80.0,95.7,0.0,7.8,2.0,0.0,0.0,0.138,0.0,0.0,0.0,26.23,28.55,0.0,0.0,0,0,0,0.0,,0,inactiu
22.0,29/07/2026 08:00,82.9,0.0,0,alt,0,0.0,baix,baix,0.5,80.0,95.7,0.0,7.8,78.0,32.0,0.4,0.137,0.04,0.0,0.0,26.23,28.55,0.0,0.0,0,0,0,0.0,,0,inactiu
24.700000000000003,29/07/2026 08:30,75.25,0.0,0,alt,0,0.0,baix,baix,1.0,80.0,95.7,0.0,7.8,78.0,32.0,0.4,0.137,0.04,0.0,0.0,26.22,28.55,0.0,0.0,0,0,0,0.0,,0,inactiu
26.65,29/07/2026 09:00,73.6,0.0,0,alt,0,0.0,baix,baix,1.5,80.0,95.7,0.0,7.8,251.0,171.0,1.45,0.137,0.15,0.0,0.0,26.21,28.54,0.0,0.0,0,0,0,0.0,,0,inactiu
28.950000000000003,29/07/2026 09:30,69.35,0.0,0,alt,0,0.0,baix,baix,2.0,80.0,95.7,0.0,7.8,251.0,171.0,1.45,0.137,0.15,0.0,0.0,26.22,28.54,0.0,0.0,0,0,0,0.0,,0,inactiu
29.8,29/07/2026 10:00,65.5,0.0,0,alt,0,0.0,baix,baix,0.0,80.0,95.7,0.0,7.8,443.0,344.0,2.95,0.136,0.3,0.0,0.0,26.23,28.54,0.0,0.0,0,0,0,0.0,,0,inactiu
30.8,29/07/2026 10:30,61.45,0.0,0,alt,0,0.0,baix,baix,0.0,80.0,95.7,0.0,7.8,443.0,344.0,2.95,0.136,0.3,0.0,0.0,26.24,28.54,0.0,0.0,0,0,0,0.0,,0,inactiu
31.65,29/07/2026 11:00,59.6,0.0,0,alt,0,0.0,baix,baix,0.0,80.0,95.7,0.0,7.8,625.0,512.0,4.6,0.135,0.45,0.0,0.0,26.26,28.55,0.0,0.0,0,0,0,0.0,,0,inactiu
31.85,29/07/2026 11:30,57.05,0.0,0,alt,0,0.0,baix,baix,0.0,80.0,95.7,0.0,7.8,625.0,512.0,4.6,0.135,0.45,0.0,0.0,26.26,28.56,0.0,0.0,0,0,0,0.0,,0,inactiu
32.3,29/07/2026 12:00,53.2,0.0,0,alt,0,0.0,baix,baix,0.0,80.0,95.7,0.0,7.8,772.0,640.0,6.15,0.134,0.57,0.0,0.0,26.28,28.57,0.0,0.0,0,0,0,0.0,,0,inactiu
32.599999999999994,29/07/2026 12:30,50.5,0.0,0,alt,0,0.0,baix,baix,0.0,80.0,95.7,0.0,7.8,772.0,640.0,6.15,0.134,0.57,0.0,0.0,26.29,28.57,0.0,0.0,0,0,0,0.0,,0,inactiu
32.95,29/07/2026 13:00,50.3,0.0,0,alt,0,0.0,baix,baix,0.0,80.0,95.7,0.0,7.8,867.0,716.0,7.3,0.132,0.65,0.0,0.0,26.32,28.57,0.0,0.0,0,0,0,0.0,,0,inactiu
33.1,29/07/2026 13:30,50.0,0.0,0,alt,0,0.0,baix,baix,0.0,80.0,95.7,0.0,7.8,867.0,716.0,7.3,0.132,0.65,0.0,0.0,26.36,28.57,0.0,0.0,0,0,0,0.0,,0,inactiu
33.35,29/07/2026 14:00,47.1,0.0,0,alt,0,0.0,baix,baix,0.0,80.0,95.7,0.0,7.8,912.0,738.0,7.85,0.134,0.68,0.0,0.0,26.4,28.57,0.0,0.0,0,0,0,0.0,,0,inactiu
33.65,29/07/2026 14:30,44.45,0.0,0,alt,0,0.0,baix,baix,0.0,80.0,95.7,0.0,7.8,912.0,738.0,7.85,0.134,0.68,0.0,0.0,26.42,28.57,0.0,0.0,0,0,0,0.0,,0,inactiu
33.8,29/07/2026 15:00,42.85,0.0,0,alt,0,0.0,baix,baix,0.0,80.0,95.7,0.0,7.8,895.0,702.0,7.8,0.132,0.68,0.0,0.0,26.45,28.56,0.0,0.0,0,0,0,0.0,,0,inactiu
33.8,29/07/2026 15:30,40.900000000000006,0.0,0,alt,0,0.0,baix,baix,0.0,80.0,95.7,0.0,7.8,895.0,702.0,7.8,0.132,0.68,0.0,0.0,26.47,28.55,0.0,0.0,0,0,0,0.0,,0,inactiu
33.6,29/07/2026 16:00,41.45,0.0,0,alt,0,0.0,baix,baix,0.0,80.0,95.7,0.0,7.8,836.0,654.0,7.1,0.13,0.64,0.0,0.0,26.48,28.55,0.0,0.0,0,0,0,0.0,,0,inactiu
33.7,29/07/2026 16:30,41.85,0.0,0,alt,0,0.0,baix,baix,0.0,80.0,95.7,0.0,7.8,836.0,654.0,7.1,0.13,0.64,0.0,0.0,26.49,28.54,0.0,0.0,0,0,0,0.0,,0,inactiu
33.45,29/07/2026 17:00,41.35,0.0,0,alt,0,0.0,baix,baix,0.0,80.0,95.7,0.0,7.8,727.0,570.0,5.85,0.128,0.57,0.0,0.0,26.51,28.53,0.0,0.0,0,0,0,0.0,,0,inactiu
33.25,29/07/2026 17:30,42.5,0.0,0,alt,0,0.0,baix,baix,0.0,80.0,95.7,0.0,7.8,727.0,570.0,5.85,0.128,0.57,0.0,0.0,26.54,28.53,0.0,0.0,0,0,0,0.0,,0,inactiu
32.6,29/07/2026 18:00,44.4,0.0,0,alt,0,0.0,baix,baix,0.0,80.0,95.7,0.0,7.8,575.0,444.0,4.3,0.127,0.47,0.0,0.0,26.56,28.52,0.0,0.0,0,0,0,0.0,,0,inactiu
31.9,29/07/2026 18:30,49.4,0.0,0,alt,0,0.0,baix,baix,0.0,80.0,95.7,0.0,7.8,575.0,444.0,4.3,0.127,0.47,0.0,0.0,26.57,28.51,0.0,0.0,0,0,0,0.0,,0,inactiu
31.45,29/07/2026 19:00,51.9,0.0,0,alt,0,0.0,baix,baix,0.0,80.0,95.7,0.0,7.8,394.0,290.0,2.6,0.126,0.33,0.0,0.0,26.57,28.51,0.0,0.0,0,0,0,0.0,,0,inactiu
30.7,29/07/2026 19:30,53.25,0.0,0,alt,0,0.0,baix,baix,0.0,80.0,95.7,0.0,7.8,394.0,290.0,2.6,0.126,0.33,0.0,0.0,26.57,28.51,0.0,0.0,0,0,0,0.0,,0,inactiu
29.75,29/07/2026 20:00,55.55,0.0,0,alt,0,0.0,baix,baix,0.0,80.0,95.7,0.0,7.8,207.0,132.0,1.15,0.126,0.2,0.0,0.0,26.56,28.5,0.0,0.0,0,0,0,0.0,,0,inactiu
28.9,29/07/2026 20:30,58.55,0.0,0,alt,0,0.0,baix,baix,0.5,80.0,95.7,0.0,7.8,207.0,132.0,1.15,0.126,0.2,0.0,0.0,26.54,28.5,0.0,0.0,0,0,0,0.0,,0,inactiu
27.9,29/07/2026 21:00,62.3,0.0,0,alt,0,0.0,baix,baix,1.0,80.0,95.7,0.0,7.8,49.0,19.0,0.25,0.125,0.06,0.0,0.0,26.54,28.49,0.0,0.0,0,0,0,0.0,,0,inactiu
26.950000000000003,29/07/2026 21:30,67.65,0.0,0,alt,0,0.0,baix,baix,1.5,80.0,95.7,0.0,7.8,49.0,19.0,0.25,0.125,0.06,0.0,0.0,26.53,28.49,0.0,0.0,0,0,0,0.0,,0,inactiu
25.75,29/07/2026 22:00,69.15,0.0,0,alt,0,0.0,baix,baix,2.0,80.0,95.7,0.0,7.8,0.0,0.0,0.0,0.125,0.01,0.0,0.0,26.52,28.48,0.0,0.0,0,0,0,0.0,,0,inactiu
24.9,29/07/2026 22:30,72.75,0.0,0,alt,0,0.0,baix,baix,2.5,80.0,95.7,0.0,7.8,0.0,0.0,0.0,0.125,0.01,0.0,0.0,26.5,28.48,0.0,0.0,0,0,0,0.0,,0,inactiu
24.0,29/07/2026 23:00,74.05000000000001,0.0,0,alt,0,0.0,baix,baix,3.0,80.0,95.7,0.0,7.8,0.0,0.0,0.0,0.125,0.0,0.0,0.0,26.5,28.47,0.0,0.0,0,0,0,0.0,,0,inactiu
23.15,29/07/2026 23:30,76.15,0.0,0,alt,0,0.0,baix,baix,3.5,80.0,95.7,0.0,7.8,0.0,0.0,0.0,0.125,0.0,0.0,0.0,26.51,28.46,0.0,0.0,0,0,0,0.0,,0,inactiu
22.1,30/07/2026 00:00,76.95,0.0,0,alt,0,0.0,baix,baix,4.0,70.0,91.4,0.0,7.8,0.0,0.0,0.0,0.125,0.0,0.0,0.0,26.51,28.45,0.0,0.0,0,0,0,0.0,,0,inactiu
21.25,30/07/2026 00:30,76.19999999999999,0.0,0,alt,0,0.0,baix,baix,4.5,70.0,91.4,0.0,7.8,0.0,0.0,0.0,0.125,0.0,0.0,0.0,26.52,28.43,0.0,0.0,0,0,0,0.0,,0,inactiu
20.7,30/07/2026 01:00,78.80000000000001,0.0,0,alt,0,0.0,baix,baix,0.0,70.0,91.4,0.0,7.8,0.0,0.0,0.0,0.125,0.0,0.0,0.0,26.52,28.42,0.0,0.0,0,0,0,0.0,,0,inactiu
20.0,30/07/2026 01:30,77.85,0.0,0,alt,0,0.0,baix,baix,0.0,70.0,91.4,0.0,7.8,0.0,0.0,0.0,0.125,0.0,0.0,0.0,26.51,28.4,0.0,0.0,0,0,0,0.0,,0,inactiu
19.55,30/07/2026 02:00,79.5,0.0,0,alt,0,0.0,baix,baix,0.0,70.0,91.4,0.0,7.8,0.0,0.0,0.0,0.128,0.0,0.0,0.0,26.5,28.39,0.0,0.0,0,0,0,0.0,,0,inactiu
19.200000000000003,30/07/2026 02:30,79.3,0.0,0,alt,0,0.0,baix,baix,0.0,70.0,91.4,0.0,7.8,0.0,0.0,0.0,0.128,0.0,0.0,0.0,26.49,28.37,0.0,0.0,0,0,0,0.0,,0,inactiu
19.1,30/07/2026 03:00,83.30000000000001,0.0,0,alt,0,0.0,baix,baix,0.0,70.0,91.4,0.0,7.8,0.0,0.0,0.0,0.128,0.0,0.0,0.0,26.48,28.35,0.0,0.0,0,0,0,0.0,,0,inactiu
18.75,30/07/2026 03:30,84.4,0.0,0,alt,0,0.0,baix,baix,0.0,70.0,91.4,0.0,7.8,0.0,0.0,0.0,0.128,0.0,0.0,0.0,26.47,28.34,0.0,0.0,0,0,0,0.0,,0,inactiu
18.4,30/07/2026 04:00,85.55000000000001,0.0,0,alt,0,0.0,baix,baix,0.0,70.0,91.4,0.0,7.8,0.0,0.0,0.0,0.128,0.0,0.0,0.0,26.46,28.32,0.0,0.0,0,0,0,0.0,,0,inactiu
18.2,30/07/2026 04:30,86.55,0.0,0,alt,0,0.0,baix,baix,0.0,70.0,91.4,0.0,7.8,0.0,0.0,0.0,0.128,0.0,0.0,0.0,26.45,28.31,0.0,0.0,0,0,0,0.0,,0,inactiu
17.85,30/07/2026 05:00,86.4,0.0,0,alt,0,0.0,baix,baix,0.0,70.0,91.4,0.0,7.8,0.0,0.0,0.0,0.128,0.0,0.0,0.0,26.44,28.29,0.0,0.0,0,0,0,0.0,,0,inactiu
17.299999999999997,30/07/2026 05:30,85.85,0.0,0,alt,0,0.0,baix,baix,0.0,70.0,91.4,0.0,7.8,0.0,0.0,0.0,0.128,0.0,0.0,0.0,26.43,28.28,0.0,0.0,0,0,0,0.0,,0,inactiu
17.3,30/07/2026 06:00,87.55000000000001,0.0,0,alt,0,0.0,baix,baix,0.0,70.0,91.4,0.0,7.8,0.0,0.0,0.0,0.128,0.0,0.0,0.0,26.42,28.26,0.0,0.0,0,0,0,0.0,,0,inactiu
16.700000000000003,30/07/2026 06:30,86.6,0.0,0,alt,0,0.0,baix,baix,0.0,70.0,91.4,0.0,7.8,0.0,0.0,0.0,0.128,0.0,0.0,0.0,26.4,28.24,0.0,0.0,0,0,0,0.0,,0,inactiu
16.799999999999997,30/07/2026 07:00,86.6,0.0,0,alt,0,0.0,baix,baix,0.0,70.0,91.4,0.0,7.8,1.0,0.0,0.0,0.128,0.0,0.0,0.0,26.39,28.22,0.0,0.0,0,0,0,0.0,,0,inactiu
17.8,30/07/2026 07:30,86.3,0.0,0,alt,0,0.0,baix,baix,0.0,70.0,91.4,0.0,7.8,1.0,0.0,0.0,0.128,0.0,0.0,0.0,26.35,28.2,0.0,0.0,0,0,0,0.0,,0,inactiu
20.0,30/07/2026 08:00,96.0,0.0,0,alt,1,0.0,baix,baix,0.0,70.0,91.4,0.0,7.8,74.0,24.0,0.35,0.127,0.03,0.0,0.0,26.31,28.19,0.5,0.0,0,0,0,0.0,,0,inactiu
22.4,30/07/2026 08:30,94.15,0.0,0,alt,1,0.0,baix,baix,0.5,70.0,91.4,0.0,7.8,74.0,24.0,0.35,0.127,0.03,0.0,0.0,26.26,28.17,1.0,0.0,0,0,0,0.0,,0,inactiu
26.25,30/07/2026 09:00,83.4,0.0,0,alt,0,0.0,baix,baix,1.0,70.0,91.4,0.0,7.8,244.0,143.0,1.45,0.127,0.15,0.0,0.0,26.25,28.16,0.0,0.0,0,0,0,0.0,,0,inactiu
28.7,30/07/2026 09:30,75.25,0.0,0,alt,0,0.0,baix,baix,1.5,70.0,91.4,0.0,7.8,244.0,143.0,1.45,0.127,0.15,0.0,0.0,26.25,28.16,0.0,0.0,0,0,0,0.0,,0,inactiu
30.05,30/07/2026 10:00,64.65,0.0,0,alt,0,0.0,baix,baix,0.0,70.0,91.4,0.0,7.8,440.0,334.0,2.95,0.127,0.29,0.0,0.0,26.25,28.15,0.0,0.0,0,0,0,0.0,,0,inactiu
30.85,30/07/2026 10:30,58.15,0.0,0,alt,0,0.0,baix,baix,0.0,70.0,91.4,0.0,7.8,440.0,334.0,2.95,0.127,0.29,0.0,0.0,26.26,28.14,0.0,0.0,0,0,0,0.0,,0,inactiu
31.6,30/07/2026 11:00,51.45,0.0,0,alt,0,0.0,baix,baix,0.0,70.0,91.4,0.0,7.8,620.0,492.0,4.6,0.126,0.44,0.0,0.0,26.25,28.13,0.0,0.0,0,0,0,0.0,,0,inactiu
32.45,30/07/2026 11:30,48.0,0.0,0,alt,0,0.0,baix,baix,0.0,70.0,91.4,0.0,7.8,620.0,492.0,4.6,0.126,0.44,0.0,0.0,26.27,28.13,0.0,0.0,0,0,0,0.0,,0,inactiu
32.55,30/07/2026 12:00,50.55,0.0,0,alt,0,0.0,baix,baix,0.0,70.0,91.4,0.0,7.8,772.0,636.0,6.15,0.124,0.57,0.0,0.0,26.27,28.12,0.0,0.0,0,0,0,0.0,,0,inactiu
32.9,30/07/2026 12:30,48.9,0.0,0,alt,0,0.0,baix,baix,0.0,70.0,91.4,0.0,7.8,772.0,636.0,6.15,0.124,0.57,0.0,0.0,26.28,28.11,0.0,0.0,0,0,0,0.0,,0,inactiu
33.6,30/07/2026 13:00,43.3,0.0,0,alt,0,0.0,baix,baix,0.0,70.0,91.4,0.0,7.8,878.0,743.0,7.25,0.123,0.67,0.0,0.0,26.29,28.11,0.0,0.0,0,0,0,0.0,,0,inactiu
34.05,30/07/2026 13:30,42.35,0.0,0,alt,0,0.0,baix,baix,0.0,70.0,91.4,0.0,7.8,878.0,743.0,7.25,0.123,0.67,0.0,0.0,26.31,28.11,0.0,0.0,0,0,0,0.0,,0,inactiu
34.2,30/07/2026 14:00,41.900000000000006,0.0,0,alt,0,0.0,baix,baix,0.0,70.0,91.4,0.0,7.8,929.0,796.0,7.85,0.132,0.71,0.0,0.0,26.33,28.11,0.0,0.0,0,0,0,0.0,,0,inactiu
34.2,30/07/2026 14:30,43.1,0.0,0,alt,0,0.0,baix,baix,0.0,70.0,91.4,0.0,7.8,929.0,796.0,7.85,0.132,0.71,0.0,0.0,26.34,28.11,0.0,0.0,0,0,0,0.0,,0,inactiu
34.4,30/07/2026 15:00,43.6,0.0,0,alt,0,0.0,baix,baix,0.0,70.0,91.4,0.0,7.8,922.0,790.0,7.75,0.13,0.71,0.0,0.0,26.35,28.11,0.0,0.0,0,0,0,0.0,,0,inactiu
34.1,30/07/2026 15:30,45.45,0.0,0,alt,0,0.0,baix,baix,0.0,70.0,91.4,0.0,7.8,922.0,790.0,7.75,0.13,0.71,0.0,0.0,26.36,28.11,0.0,0.0,0,0,0,0.0,,0,inactiu
34.349999999999994,30/07/2026 16:00,45.1,0.0,0,alt,0,0.0,baix,baix,0.0,70.0,91.4,0.0,7.8,859.0,729.0,7.05,0.128,0.67,0.0,0.0,26.38,28.11,0.0,0.0,0,0,0,0.0,,0,inactiu
34.2,30/07/2026 16:30,44.2,0.0,0,alt,0,0.0,baix,baix,0.0,70.0,91.4,0.0,7.8,859.0,729.0,7.05,0.128,0.67,0.0,0.0,26.39,28.11,0.0,0.0,0,0,0,0.0,,0,inactiu
33.95,30/07/2026 17:00,45.75,0.0,0,alt,0,0.0,baix,baix,0.0,70.0,91.4,0.0,7.8,744.0,624.0,5.85,0.127,0.58,0.0,0.0,26.4,28.1,0.0,0.0,0,0,0,0.0,,0,inactiu
34.15,30/07/2026 17:30,43.95,0.0,0,alt,0,0.0,baix,baix,0.0,70.0,91.4,0.0,7.8,744.0,624.0,5.85,0.127,0.58,0.0,0.0,26.41,28.09,0.0,0.0,0,0,0,0.0,,0,inactiu
34.45,30/07/2026 18:00,40.05,0.0,0,alt,0,0.0,baix,baix,0.0,70.0,91.4,0.0,7.8,587.0,478.0,4.25,0.126,0.46,0.0,0.0,26.45,28.09,0.0,0.0,0,0,0,0.0,,0,inactiu
33.95,30/07/2026 18:30,40.15,0.0,0,alt,0,0.0,baix,baix,0.0,70.0,91.4,0.0,7.8,587.0,478.0,4.25,0.126,0.46,0.0,0.0,26.5,28.08,0.0,0.0,0,0,0,0.0,,0,inactiu
33.3,30/07/2026 19:00,44.3,0.0,0,alt,0,0.0,baix,baix,0.0,70.0,91.4,0.0,7.8,403.0,308.0,2.6,0.125,0.33,0.0,0.0,26.53,28.08,0.0,0.0,0,0,0,0.0,,0,inactiu
32.45,30/07/2026 19:30,47.7,0.0,0,alt,0,0.0,baix,baix,0.0,70.0,91.4,0.0,7.8,403.0,308.0,2.6,0.125,0.33,0.0,0.0,26.57,28.07,0.0,0.0,0,0,0,0.0,,0,inactiu
31.4,30/07/2026 20:00,52.400000000000006,0.0,0,alt,0,0.0,baix,baix,0.0,70.0,91.4,0.0,7.8,208.0,135.0,1.15,0.122,0.18,0.0,0.0,26.61,28.07,0.0,0.0,0,0,0,0.0,,0,inactiu
30.05,30/07/2026 20:30,59.25,0.0,0,alt,0,0.0,baix,baix,0.0,70.0,91.4,0.0,7.8,208.0,135.0,1.15,0.122,0.18,0.0,0.0,26.63,28.06,0.0,0.0,0,0,0,0.0,,0,inactiu
28.6,30/07/2026 21:00,66.1,0.0,0,alt,0,0.0,baix,baix,0.5,70.0,91.4,0.0,7.8,48.0,19.0,0.25,0.122,0.05,0.0,0.0,26.64,28.06,0.0,0.0,0,0,0,0.0,,0,inactiu
27.45,30/07/2026 21:30,71.9,0.0,0,alt,0,0.0,baix,baix,1.0,70.0,91.4,0.0,7.8,48.0,19.0,0.25,0.122,0.05,0.0,0.0,26.65,28.05,0.0,0.0,0,0,0,0.0,,0,inactiu
26.450000000000003,30/07/2026 22:00,77.5,0.0,0,alt,0,0.0,baix,baix,1.5,70.0,91.4,0.0,7.8,0.0,0.0,0.0,0.122,0.0,0.0,0.0,26.67,28.05,0.0,0.0,0,0,0,0.0,,0,inactiu
25.35,30/07/2026 22:30,79.75,0.0,0,alt,0,0.0,baix,baix,2.0,70.0,91.4,0.0,7.8,0.0,0.0,0.0,0.122,0.0,0.0,0.0,26.68,28.05,0.0,0.0,0,0,0,0.0,,0,inactiu
23.9,30/07/2026 23:00,80.5,0.0,0,alt,0,0.0,baix,baix,2.5,70.0,91.4,0.0,7.8,0.0,0.0,0.0,0.122,0.0,0.0,0.0,26.68,28.04,0.0,0.0,0,0,0,0.0,,0,inactiu
23.450000000000003,30/07/2026 23:30,85.1,0.0,0,alt,0,0.0,baix,baix,3.0,70.0,91.4,0.0,7.8,0.0,0.0,0.0,0.122,0.0,0.0,0.0,26.68,28.03,0.0,0.0,0,0,0,0.0,,0,inactiu
22.15,31/07/2026 00:00,82.35,0.0,0,moderat,0,0.0,baix,baix,3.5,50.0,84.3,270.0,7.8,0.0,0.0,0.0,0.122,0.0,0.0,0.0,26.68,28.02,0.0,0.0,0,0,0,0.0,,0,inactiu
21.45,31/07/2026 00:30,83.94999999999999,0.0,0,moderat,0,0.0,baix,baix,4.0,50.0,84.3,270.0,7.8,0.0,0.0,0.0,0.122,0.0,0.0,0.0,26.69,28.01,0.0,0.0,0,0,0,0.0,,0,inactiu
20.950000000000003,31/07/2026 01:00,85.4,0.0,0,moderat,0,0.0,baix,baix,0.0,50.0,84.3,270.0,7.8,0.0,0.0,0.0,0.122,0.0,0.0,0.0,26.69,28.0,0.0,0.0,0,0,0,0.0,,0,inactiu
20.15,31/07/2026 01:30,83.45,0.0,0,moderat,0,0.0,baix,baix,0.0,50.0,84.3,270.0,7.8,0.0,0.0,0.0,0.122,0.0,0.0,0.0,26.7,27.99,0.0,0.0,0,0,0,0.0,,0,inactiu
19.65,31/07/2026 02:00,83.9,0.0,0,moderat,0,0.0,baix,baix,0.0,50.0,84.3,270.0,7.8,0.0,0.0,0.0,0.123,0.0,0.0,0.0,26.7,27.97,0.0,0.0,0,0,0,0.0,,0,inactiu
19.75,31/07/2026 02:30,86.6,0.0,0,moderat,0,0.0,baix,baix,0.0,50.0,84.3,270.0,7.8,0.0,0.0,0.0,0.123,0.0,0.0,0.0,26.71,27.96,0.0,0.0,0,0,0,0.0,,0,inactiu
19.450000000000003,31/07/2026 03:00,87.7,0.0,0,moderat,0,0.0,baix,baix,0.0,50.0,84.3,270.0,7.8,0.0,0.0,0.0,0.123,0.0,0.0,0.0,26.72,27.95,0.0,0.0,0,0,0,0.0,,0,inactiu
19.0,31/07/2026 03:30,86.75,0.0,0,moderat,0,0.0,baix,baix,0.0,50.0,84.3,270.0,7.8,0.0,0.0,0.0,0.123,0.0,0.0,0.0,26.72,27.93,0.0,0.0,0,0,0,0.0,,0,inactiu
18.55,31/07/2026 04:00,87.3,0.0,0,moderat,0,0.0,baix,baix,0.0,50.0,84.3,270.0,7.8,0.0,0.0,0.0,0.123,0.0,0.0,0.0,26.72,27.92,0.0,0.0,0,0,0,0.0,,0,inactiu
19.25,31/07/2026 04:30,89.94999999999999,0.0,0,moderat,0,0.0,baix,baix,0.0,50.0,84.3,270.0,7.8,0.0,0.0,0.0,0.123,0.0,0.0,0.0,26.75,27.92,0.0,0.0,0,0,0,0.0,,0,inactiu
18.4,31/07/2026 05:00,89.9,0.0,0,moderat,0,0.0,baix,baix,0.0,50.0,84.3,270.0,7.8,0.0,0.0,0.0,0.123,0.0,0.0,0.0,26.76,27.9,0.0,0.0,0,0,0,0.0,,0,inactiu
18.4,31/07/2026 05:30,91.25,0.0,0,moderat,1,0.0,baix,baix,0.0,50.0,84.3,270.0,7.8,0.0,0.0,0.0,0.123,0.0,0.0,0.0,26.78,27.89,0.5,9.2,0,0,0,0.0,,0,inactiu
18.55,31/07/2026 06:00,92.15,0.0,0,moderat,1,0.0,baix,baix,0.0,50.0,84.3,270.0,7.8,0.0,0.0,0.0,0.123,0.0,0.0,0.0,26.81,27.88,1.0,18.5,0,0,0,0.0,,0,inactiu
18.2,31/07/2026 06:30,93.7,0.0,0,moderat,1,0.0,baix,baix,0.0,50.0,84.3,270.0,7.8,0.0,0.0,0.0,0.123,0.0,0.0,0.0,26.84,27.87,1.5,27.6,0,0,0,0.0,,0,inactiu
17.9,31/07/2026 07:00,94.1,0.0,0,moderat,1,0.9,baix,baix,0.0,50.0,84.3,270.0,7.8,1.0,0.0,0.0,0.123,0.0,0.0,0.0,26.86,27.86,2.0,36.5,0,0,0,0.0,,0,inactiu
21.0,31/07/2026 07:30,89.2,0.0,0,moderat,1,1.7,baix,baix,0.0,50.0,84.3,270.0,7.8,1.0,0.0,0.0,0.123,0.0,0.0,0.0,26.93,27.86,2.5,47.0,0,0,0,0.0,,0,inactiu
23.5,31/07/2026 08:00,85.75,0.0,0,moderat,1,3.6,baix,baix,0.5,50.0,84.3,270.0,7.8,53.0,7.0,0.35,0.12,0.03,0.0,0.0,27.0,27.86,3.0,0.0,0,0,0,0.0,,0,inactiu
26.5,31/07/2026 08:30,80.3,0.0,0,moderat,1,7.8,baix,baix,1.0,50.0,84.3,270.0,7.8,53.0,7.0,0.35,0.12,0.03,0.0,0.0,27.09,27.86,3.5,0.0,0,0,0,0.0,,0,inactiu
28.2,31/07/2026 09:00,78.44999999999999,0.0,0,moderat,0,7.4,baix,baix,1.5,50.0,84.3,270.0,7.8,188.0,65.0,1.4,0.12,0.11,0.0,0.0,27.13,27.86,0.0,0.0,0,0,0,0.0,,0,inactiu
29.0,31/07/2026 09:30,73.5,0.0,0,moderat,0,7.1,baix,baix,2.0,50.0,84.3,270.0,7.8,188.0,65.0,1.4,0.12,0.11,0.0,0.0,27.13,27.86,0.0,0.0,0,0,0,0.0,,0,inactiu
29.65,31/07/2026 10:00,69.69999999999999,0.0,0,moderat,0,6.7,baix,baix,0.0,50.0,84.3,270.0,7.8,403.0,234.0,2.95,0.12,0.27,0.0,0.0,27.12,27.86,0.0,0.0,0,0,0,0.0,,0,inactiu
30.35,31/07/2026 10:30,64.4,0.0,0,moderat,0,6.4,baix,baix,0.0,50.0,84.3,270.0,7.8,403.0,234.0,2.95,0.12,0.27,0.0,0.0,27.11,27.85,0.0,0.0,0,0,0,0.0,,0,inactiu
30.950000000000003,31/07/2026 11:00,61.3,0.0,0,moderat,0,6.0,baix,baix,0.0,50.0,84.3,270.0,7.8,594.0,398.0,4.6,0.119,0.42,0.0,0.0,27.1,27.85,0.0,0.0,0,0,0,0.0,,0,inactiu
31.9,31/07/2026 11:30,56.2,0.0,0,moderat,0,5.7,baix,baix,0.0,50.0,84.3,270.0,7.8,594.0,398.0,4.6,0.119,0.42,0.0,0.0,27.09,27.84,0.0,0.0,0,0,0,0.0,,0,inactiu
32.95,31/07/2026 12:00,49.65,0.0,0,moderat,0,5.4,baix,baix,0.0,50.0,84.3,270.0,7.8,759.0,584.0,6.15,0.118,0.57,0.0,0.0,27.1,27.84,0.0,0.0,0,0,0,0.0,,0,inactiu
34.0,31/07/2026 12:30,43.5,0.0,0,moderat,0,5.1,baix,baix,0.0,50.0,84.3,270.0,7.8,759.0,584.0,6.15,0.118,0.57,0.0,0.0,27.12,27.84,0.0,0.0,0,0,0,0.0,,0,inactiu
35.1,31/07/2026 13:00,37.35,0.0,0,moderat,0,4.9,baix,baix,0.0,50.0,84.3,270.0,7.8,873.0,737.0,7.25,0.117,0.67,0.0,0.0,27.15,27.84,0.0,0.0,0,0,0,0.0,,0,inactiu
35.8,31/07/2026 13:30,36.2,0.0,0,moderat,0,4.6,baix,baix,0.0,50.0,84.3,270.0,7.8,873.0,737.0,7.25,0.117,0.67,0.0,0.0,27.19,27.84,0.0,0.0,0,0,0,0.0,,0,inactiu
36.150000000000006,31/07/2026 14:00,34.85,0.0,0,moderat,0,4.4,baix,baix,0.0,50.0,84.3,270.0,7.8,925.0,796.0,7.85,0.134,0.71,0.0,0.0,27.23,27.83,0.0,0.0,0,0,0,0.0,,0,inactiu
36.0,31/07/2026 14:30,32.45,0.0,0,moderat,0,4.2,baix,baix,0.0,50.0,84.3,270.0,7.8,925.0,796.0,7.85,0.134,0.71,0.0,0.0,27.27,27.83,0.0,0.0,0,0,0,0.0,,0,inactiu
35.900000000000006,31/07/2026 15:00,35.7,0.0,0,moderat,0,4.0,baix,baix,0.0,50.0,84.3,270.0,7.8,917.0,773.0,7.75,0.131,0.72,0.0,0.0,27.3,27.82,0.0,0.0,0,0,0,0.0,,0,inactiu
35.95,31/07/2026 15:30,37.35,0.0,0,moderat,0,3.8,baix,baix,0.0,50.0,84.3,270.0,7.8,917.0,773.0,7.75,0.131,0.72,0.0,0.0,27.34,27.82,0.0,0.0,0,0,0,0.0,,0,inactiu
35.95,31/07/2026 16:00,39.45,0.0,0,moderat,0,3.6,baix,baix,0.0,50.0,84.3,270.0,7.8,853.0,722.0,7.05,0.129,0.67,0.0,0.0,27.37,27.82,0.0,0.0,0,0,0,0.0,,0,inactiu
35.8,31/07/2026 16:30,38.7,0.0,0,moderat,0,3.4,baix,baix,0.0,50.0,84.3,270.0,7.8,853.0,722.0,7.05,0.129,0.67,0.0,0.0,27.4,27.82,0.0,0.0,0,0,0,0.0,,0,inactiu
35.8,31/07/2026 17:00,38.35,0.0,0,moderat,0,3.2,baix,baix,0.0,50.0,84.3,270.0,7.8,739.0,619.0,5.85,0.128,0.59,0.0,0.0,27.44,27.82,0.0,0.0,0,0,0,0.0,,0,inactiu
34.95,31/07/2026 17:30,43.400000000000006,0.0,0,moderat,0,3.0,baix,baix,0.0,50.0,84.3,270.0,7.8,739.0,619.0,5.85,0.128,0.59,0.0,0.0,27.46,27.82,0.0,0.0,0,0,0,0.0,,0,inactiu
33.85,31/07/2026 18:00,46.35,0.0,0,moderat,0,2.9,baix,baix,0.0,50.0,84.3,270.0,7.8,583.0,477.0,4.25,0.126,0.47,0.0,0.0,27.45,27.81,0.0,0.0,0,0,0,0.0,,0,inactiu
33.099999999999994,31/07/2026 18:30,48.9,0.0,0,moderat,0,2.7,baix,baix,0.0,50.0,84.3,270.0,7.8,583.0,477.0,4.25,0.126,0.47,0.0,0.0,27.43,27.81,0.0,0.0,0,0,0,0.0,,0,inactiu
32.45,31/07/2026 19:00,53.05,0.0,0,moderat,0,2.6,baix,baix,0.0,50.0,84.3,270.0,7.8,397.0,301.0,2.6,0.125,0.33,0.0,0.0,27.41,27.8,0.0,0.0,0,0,0,0.0,,0,inactiu
31.6,31/07/2026 19:30,57.6,0.0,0,moderat,0,2.5,baix,baix,0.0,50.0,84.3,270.0,7.8,397.0,301.0,2.6,0.125,0.33,0.0,0.0,27.39,27.79,0.0,0.0,0,0,0,0.0,,0,inactiu
30.65,31/07/2026 20:00,61.45,0.0,0,moderat,0,2.3,baix,baix,0.0,50.0,84.3,270.0,7.8,204.0,135.0,1.15,0.129,0.18,0.0,0.0,27.38,27.79,0.0,0.0,0,0,0,0.0,,0,inactiu
29.450000000000003,31/07/2026 20:30,67.65,0.0,0,moderat,0,2.2,baix,baix,0.0,50.0,84.3,270.0,7.8,204.0,135.0,1.15,0.129,0.18,0.0,0.0,27.36,27.79,0.0,0.0,0,0,0,0.0,,0,inactiu
28.25,31/07/2026 21:00,72.8,0.0,0,moderat,0,2.1,baix,baix,0.5,50.0,84.3,270.0,7.8,46.0,18.0,0.2,0.128,0.05,0.0,0.0,27.36,27.79,0.0,0.0,0,0,0,0.0,,0,inactiu
27.450000000000003,31/07/2026 21:30,77.2,0.0,0,moderat,0,2.0,baix,baix,1.0,50.0,84.3,270.0,7.8,46.0,18.0,0.2,0.128,0.05,0.0,0.0,27.36,27.79,0.0,0.0,0,0,0,0.0,,0,inactiu
27.0,31/07/2026 22:00,80.0,0.0,0,moderat,0,1.9,baix,baix,1.5,50.0,84.3,270.0,7.8,0.0,0.0,0.0,0.128,0.0,0.0,0.0,27.37,27.79,0.0,0.0,0,0,0,0.0,,0,inactiu
26.85,31/07/2026 22:30,81.35,0.0,0,moderat,0,1.8,baix,baix,2.0,50.0,84.3,270.0,7.8,0.0,0.0,0.0,0.128,0.0,0.0,0.0,27.4,27.78,0.0,0.0,0,0,0,0.0,,0,inactiu
26.35,31/07/2026 23:00,83.19999999999999,0.0,0,moderat,0,1.7,baix,baix,2.5,50.0,84.3,270.0,7.8,0.0,0.0,0.0,0.128,0.0,0.0,0.0,27.45,27.78,0.0,0.0,0,0,0,0.0,,0,inactiu
25.55,31/07/2026 23:30,84.25,0.0,0,moderat,0,1.6,baix,baix,3.0,50.0,84.3,270.0,7.8,0.0,0.0,0.0,0.128,0.0,0.0,0.0,27.49,27.77,0.0,0.0,0,0,0,0.0,,0,inactiu
24.35,01/08/2026 00:00,84.80000000000001,0.0,0,moderat,0,1.5,baix,baix,3.5,60.0,78.6,210.0,7.8,0.0,0.0,0.0,0.128,0.0,0.0,0.0,27.54,27.76,0.0,0.0,0,0,0,0.0,,0,inactiu
23.450000000000003,01/08/2026 00:30,86.4,0.0,0,moderat,0,1.5,baix,baix,4.0,60.0,78.6,210.0,7.8,0.0,0.0,0.0,0.128,0.0,0.0,0.0,27.58,27.76,0.0,0.0,0,0,0,0.0,,0,inactiu
22.25,01/08/2026 01:00,86.3,0.0,0,moderat,0,1.4,baix,baix,4.5,60.0,78.6,210.0,7.8,0.0,0.0,0.0,0.128,0.0,0.0,0.0,27.61,27.74,0.0,0.0,0,0,0,0.0,,0,inactiu
21.35,01/08/2026 01:30,87.05,0.0,0,moderat,0,1.3,baix,baix,5.0,60.0,78.6,210.0,7.8,0.0,0.0,0.0,0.128,0.0,0.0,0.0,27.63,27.73,0.0,0.0,0,0,0,0.0,,0,inactiu
21.450000000000003,01/08/2026 02:00,89.05,0.0,0,moderat,0,1.2,baix,baix,5.5,60.0,78.6,210.0,7.8,0.0,0.0,0.0,0.13,0.0,0.0,0.0,27.67,27.72,0.0,0.0,0,0,0,0.0,,0,inactiu
21.700000000000003,01/08/2026 02:30,90.95,0.0,0,moderat,1,0.0,baix,baix,6.0,60.0,78.6,210.0,7.8,0.0,0.0,0.0,0.13,0.0,0.0,0.0,27.71,27.72,0.5,10.9,0,0,0,0.0,,0,inactiu
21.2,01/08/2026 03:00,91.45,0.0,0,moderat,1,0.0,baix,baix,6.5,60.0,78.6,210.0,7.8,0.0,0.0,0.0,0.13,0.0,0.0,0.0,27.75,27.71,1.0,21.5,0,0,0,0.0,,0,inactiu
20.25,01/08/2026 03:30,91.0,0.0,0,moderat,1,0.0,baix,baix,0.0,60.0,78.6,210.0,7.8,0.0,0.0,0.0,0.13,0.0,0.0,0.0,27.78,27.7,1.5,31.6,0,0,0,0.0,,0,inactiu
19.45,01/08/2026 04:00,89.9,0.0,0,moderat,1,1.5,baix,baix,0.0,60.0,78.6,210.0,7.8,0.0,0.0,0.0,0.13,0.0,0.0,0.0,27.79,27.69,2.0,41.3,0,0,0,0.0,,0,inactiu
19.8,01/08/2026 04:30,90.65,0.0,0,moderat,1,2.6,baix,baix,0.0,60.0,78.6,210.0,7.8,0.0,0.0,0.0,0.13,0.0,0.0,0.0,27.81,27.69,2.5,51.2,0,0,0,0.0,,0,inactiu
21.0,01/08/2026 05:00,91.15,0.0,0,moderat,1,4.6,baix,baix,0.0,60.0,78.6,210.0,7.8,0.0,0.0,0.0,0.13,0.0,0.0,0.0,27.86,27.68,3.0,61.7,0,0,0,0.0,,0,inactiu
20.55,01/08/2026 05:30,91.2,0.0,0,moderat,1,7.8,baix,baix,0.0,60.0,78.6,210.0,7.8,0.0,0.0,0.0,0.13,0.0,0.0,0.0,27.9,27.68,3.5,72.0,0,0,0,0.0,,0,inactiu
20.0,01/08/2026 06:00,91.8,0.0,0,moderat,1,12.8,baix,baix,0.0,60.0,78.6,210.0,7.8,0.0,0.0,0.0,0.13,0.0,0.0,0.0,27.93,27.67,4.0,0.0,0,0,0,0.0,,0,inactiu
19.6,01/08/2026 06:30,91.7,0.0,0,moderat,1,20.1,moderat,baix,0.0,60.0,78.6,210.0,7.8,0.0,0.0,0.0,0.13,0.0,0.0,0.0,27.96,27.66,4.5,9.8,0,0,0,0.0,,0,inactiu
19.65,01/08/2026 07:00,91.65,0.0,0,moderat,1,30.2,moderat,baix,0.0,60.0,78.6,210.0,7.8,1.0,0.0,0.0,0.13,0.0,0.0,0.0,28.0,27.66,5.0,19.6,0,0,0,0.0,,0,inactiu
24.2,01/08/2026 07:30,92.4,0.0,0,moderat,1,46.3,moderat,baix,0.5,60.0,78.6,210.0,7.8,1.0,0.0,0.0,0.13,0.0,0.0,0.0,28.07,27.66,5.5,31.7,0,0,0,0.0,,0,inactiu
24.75,01/08/2026 08:00,90.9,0.0,0,moderat,1,63.3,alt,moderat,1.0,60.0,78.6,210.0,7.8,67.0,21.0,0.35,0.142,0.03,0.0,0.0,28.09,27.66,6.0,0.0,0,0,0,0.0,,0,inactiu
26.35,01/08/2026 08:30,87.05000000000001,0.0,0,moderat,1,78.1,alt,moderat,1.5,60.0,78.6,210.0,7.8,67.0,21.0,0.35,0.142,0.03,0.0,0.0,28.09,27.66,6.5,0.0,0,0,0,0.0,,0,inactiu
27.55,01/08/2026 09:00,84.15,0.0,0,moderat,0,74.1,alt,baix,2.0,60.0,78.6,210.0,7.8,231.0,129.0,1.4,0.142,0.14,0.0,0.0,28.08,27.65,0.0,0.0,0,0,0,0.0,,0,inactiu
29.6,01/08/2026 09:30,70.8,0.0,0,moderat,0,70.3,alt,baix,0.0,60.0,78.6,210.0,7.8,231.0,129.0,1.4,0.142,0.14,0.0,0.0,28.09,27.65,0.0,0.0,0,0,0,0.0,,0,inactiu
30.65,01/08/2026 10:00,65.35,0.0,0,moderat,0,66.7,alt,baix,0.0,60.0,78.6,210.0,7.8,431.0,329.0,2.9,0.141,0.29,0.0,0.0,28.11,27.65,0.0,0.0,0,0,0,0.0,,0,inactiu
31.700000000000003,01/08/2026 10:30,58.05,0.0,0,moderat,0,63.3,alt,baix,0.0,60.0,78.6,210.0,7.8,431.0,329.0,2.9,0.141,0.29,0.0,0.0,28.14,27.64,0.0,0.0,0,0,0,0.0,,0,inactiu
32.25,01/08/2026 11:00,58.05,0.0,0,moderat,0,60.0,alt,baix,0.0,60.0,78.6,210.0,7.8,611.0,498.0,4.6,0.14,0.44,0.0,0.0,28.16,27.64,0.0,0.0,0,0,0,0.0,,0,inactiu
33.1,01/08/2026 11:30,54.8,0.0,0,moderat,0,56.9,alt,baix,0.0,60.0,78.6,210.0,7.8,611.0,498.0,4.6,0.14,0.44,0.0,0.0,28.19,27.64,0.0,0.0,0,0,0,0.0,,0,inactiu
34.150000000000006,01/08/2026 12:00,49.55,0.0,0,moderat,0,54.0,alt,baix,0.0,60.0,78.6,210.0,7.8,758.0,633.0,6.1,0.138,0.57,0.0,0.0,28.21,27.64,0.0,0.0,0,0,0,0.0,,0,inactiu
34.8,01/08/2026 12:30,48.2,0.0,0,moderat,0,51.2,alt,baix,0.0,60.0,78.6,210.0,7.8,758.0,633.0,6.1,0.138,0.57,0.0,0.0,28.23,27.64,0.0,0.0,0,0,0,0.0,,0,inactiu
35.45,01/08/2026 13:00,46.8,0.0,0,moderat,0,48.6,moderat,baix,0.0,60.0,78.6,210.0,7.8,860.0,723.0,7.25,0.136,0.67,0.0,0.0,28.24,27.63,0.0,0.0,0,0,0,0.0,,0,inactiu
34.95,01/08/2026 13:30,49.95,0.0,0,moderat,0,46.1,moderat,baix,0.0,60.0,78.6,210.0,7.8,860.0,723.0,7.25,0.136,0.67,0.0,0.0,28.22,27.63,0.0,0.0,0,0,0,0.0,,0,inactiu
34.8,01/08/2026 14:00,51.55,0.0,0,moderat,0,43.7,moderat,baix,0.0,60.0,78.6,210.0,7.8,902.0,730.0,7.8,0.138,0.71,0.0,0.0,28.19,27.63,0.0,0.0,0,0,0,0.0,,0,inactiu
35.849999999999994,01/08/2026 14:30,45.8,0.0,0,moderat,0,41.5,moderat,baix,0.0,60.0,78.6,210.0,7.8,902.0,730.0,7.8,0.138,0.71,0.0,0.0,28.19,27.63,0.0,0.0,0,0,0,0.0,,0,inactiu
36.2,01/08/2026 15:00,45.95,0.0,0,moderat,0,39.4,moderat,baix,0.0,60.0,78.6,210.0,7.8,876.0,673.0,7.75,0.136,0.7,0.0,0.0,28.2,27.63,0.0,0.0,0,0,0,0.0,,0,inactiu
35.95,01/08/2026 15:30,46.150000000000006,0.0,0,moderat,0,37.4,moderat,baix,0.0,60.0,78.6,210.0,7.8,876.0,673.0,7.75,0.136,0.7,0.0,0.0,28.2,27.63,0.0,0.0,0,0,0,0.0,,0,inactiu
35.9,01/08/2026 16:00,47.7,0.0,0,moderat,0,35.4,moderat,baix,0.0,60.0,78.6,210.0,7.8,812.0,624.0,7.05,0.134,0.65,0.0,0.0,28.19,27.63,0.0,0.0,0,0,0,0.0,,0,inactiu
35.8,01/08/2026 16:30,49.3,0.0,0,moderat,0,33.6,moderat,baix,0.0,60.0,78.6,210.0,7.8,812.0,624.0,7.05,0.134,0.65,0.0,0.0,28.19,27.63,0.0,0.0,0,0,0,0.0,,0,inactiu
35.65,01/08/2026 17:00,50.35,0.0,0,moderat,0,31.9,moderat,baix,0.0,60.0,78.6,210.0,7.8,718.0,582.0,5.8,0.132,0.57,0.0,0.0,28.19,27.63,0.0,0.0,0,0,0,0.0,,0,inactiu
34.85,01/08/2026 17:30,51.4,0.0,0,moderat,0,30.3,moderat,baix,0.0,60.0,78.6,210.0,7.8,718.0,582.0,5.8,0.132,0.57,0.0,0.0,28.19,27.63,0.0,0.0,0,0,0,0.0,,0,inactiu
34.3,01/08/2026 18:00,52.7,0.0,0,moderat,0,28.7,moderat,baix,0.0,60.0,78.6,210.0,7.8,568.0,451.0,4.25,0.131,0.46,0.0,0.0,28.2,27.63,0.0,0.0,0,0,0,0.0,,0,inactiu
33.75,01/08/2026 18:30,51.95,0.0,0,moderat,0,27.2,moderat,baix,0.0,60.0,78.6,210.0,7.8,568.0,451.0,4.25,0.131,0.46,0.0,0.0,28.21,27.63,0.0,0.0,0,0,0,0.0,,0,inactiu
32.900000000000006,01/08/2026 19:00,53.05,0.0,0,moderat,0,25.8,moderat,baix,0.0,60.0,78.6,210.0,7.8,383.0,278.0,2.55,0.129,0.32,0.0,0.0,28.22,27.63,0.0,0.0,0,0,0,0.0,,0,inactiu
32.15,01/08/2026 19:30,53.05,0.0,0,moderat,0,24.5,moderat,baix,0.0,60.0,78.6,210.0,7.8,383.0,278.0,2.55,0.129,0.32,0.0,0.0,28.23,27.63,0.0,0.0,0,0,0,0.0,,0,inactiu
31.35,01/08/2026 20:00,54.35,0.0,0,moderat,0,23.3,moderat,baix,0.0,60.0,78.6,210.0,7.8,194.0,118.0,1.1,0.13,0.17,0.0,0.0,28.25,27.63,0.0,0.0,0,0,0,0.0,,0,inactiu
30.2,01/08/2026 20:30,60.45,0.0,0,moderat,0,22.1,moderat,baix,0.0,60.0,78.6,210.0,7.8,194.0,118.0,1.1,0.13,0.17,0.0,0.0,28.26,27.63,0.0,0.0,0,0,0,0.0,,0,inactiu
29.15,01/08/2026 21:00,67.0,0.0,0,moderat,0,20.9,moderat,baix,0.5,60.0,78.6,210.0,7.8,42.0,14.0,0.2,0.13,0.06,0.0,0.0,28.28,27.63,0.0,0.0,0,0,0,0.0,,0,inactiu
28.450000000000003,01/08/2026 21:30,73.15,0.0,0,moderat,0,19.9,baix,baix,1.0,60.0,78.6,210.0,7.8,42.0,14.0,0.2,0.13,0.06,0.0,0.0,28.3,27.63,0.0,0.0,0,0,0,0.0,,0,inactiu
27.75,01/08/2026 22:00,77.69999999999999,0.0,0,moderat,0,18.8,baix,baix,1.5,60.0,78.6,210.0,7.8,0.0,0.0,0.0,0.13,0.0,0.0,0.0,28.32,27.63,0.0,0.0,0,0,0,0.0,,0,inactiu
27.35,01/08/2026 22:30,80.45,0.0,0,moderat,0,17.9,baix,baix,2.0,60.0,78.6,210.0,7.8,0.0,0.0,0.0,0.13,0.0,0.0,0.0,28.33,27.63,0.0,0.0,0,0,0,0.0,,0,inactiu
26.9,01/08/2026 23:00,82.19999999999999,0.0,0,moderat,0,16.9,baix,baix,2.5,60.0,78.6,210.0,7.8,0.0,0.0,0.0,0.13,0.0,0.0,0.0,28.34,27.63,0.0,0.0,0,0,0,0.0,,0,inactiu
26.55,01/08/2026 23:30,81.15,0.0,0,moderat,0,16.1,baix,baix,3.0,60.0,78.6,210.0,7.8,0.0,0.0,0.0,0.13,0.0,0.0,0.0,28.36,27.63,0.0,0.0,0,0,0,0.0,,0,inactiu
26.0,02/08/2026 00:00,81.69999999999999,0.0,0,alt,0,15.3,baix,baix,3.5,70.0,74.3,420.0,7.8,0.0,0.0,0.0,0.13,0.0,0.0,0.0,28.4,27.63,0.0,0.0,0,0,0,0.0,,0,inactiu
25.8,02/08/2026 00:30,84.65,0.0,0,alt,0,14.5,baix,baix,4.0,70.0,74.3,420.0,7.8,0.0,0.0,0.0,0.13,0.0,0.0,0.0,28.44,27.64,0.0,0.0,0,0,0,0.0,,0,inactiu
26.05,02/08/2026 01:00,85.5,0.0,0,alt,0,13.7,baix,baix,4.5,70.0,74.3,420.0,7.8,0.0,0.0,0.0,0.129,0.0,0.0,0.0,28.52,27.64,0.0,0.0,0,0,0,0.0,,0,inactiu
26.5,02/08/2026 01:30,86.44999999999999,0.0,0,alt,0,13.0,baix,baix,5.0,70.0,74.3,420.0,7.8,0.0,0.0,0.0,0.129,0.0,0.0,0.0,28.63,27.65,0.0,0.0,0,0,0,0.0,,0,inactiu
26.55,02/08/2026 02:00,86.05,0.0,0,alt,0,12.4,baix,baix,5.5,70.0,74.3,420.0,7.8,0.0,0.0,0.0,0.127,0.0,0.0,0.0,28.74,27.66,0.0,0.0,0,0,0,0.0,,0,inactiu
26.8,02/08/2026 02:30,86.85,0.0,0,alt,0,11.7,baix,baix,6.0,70.0,74.3,420.0,7.8,0.0,0.0,0.0,0.127,0.0,0.0,0.0,28.84,27.66,0.0,0.0,0,0,0,0.0,,0,inactiu
26.75,02/08/2026 03:00,87.0,0.0,0,alt,0,11.1,baix,baix,6.5,70.0,74.3,420.0,7.8,0.0,0.0,0.0,0.127,0.0,0.0,0.0,28.96,27.67,0.0,0.0,0,0,0,0.0,,0,inactiu
26.55,02/08/2026 03:30,85.8,0.0,0,alt,0,10.5,baix,baix,7.0,70.0,74.3,420.0,7.8,0.0,0.0,0.0,0.127,0.0,0.0,0.0,29.09,27.68,0.0,0.0,0,0,0,0.0,,0,inactiu
26.200000000000003,02/08/2026 04:00,87.30000000000001,0.0,0,alt,0,10.0,baix,baix,7.5,70.0,74.3,420.0,7.8,0.0,0.0,0.0,0.127,0.0,0.0,0.0,29.23,27.69,0.0,0.0,0,0,0,0.0,,0,inactiu
26.55,02/08/2026 04:30,87.94999999999999,0.0,0,alt,0,9.5,baix,baix,8.0,70.0,74.3,420.0,7.8,0.0,0.0,0.0,0.127,0.0,0.0,0.0,29.37,27.7,0.0,0.0,0,0,0,0.0,,0,inactiu
26.35,02/08/2026 05:00,88.30000000000001,0.0,0,alt,0,9.0,baix,baix,8.5,70.0,74.3,420.0,7.8,0.0,0.0,0.0,0.127,0.0,0.0,0.0,29.48,27.71,0.0,0.0,0,0,0,0.0,,0,inactiu
25.8,02/08/2026 05:30,88.80000000000001,0.0,0,alt,0,8.5,baix,baix,9.0,70.0,74.3,420.0,7.8,0.0,0.0,0.0,0.127,0.0,0.0,0.0,29.59,27.72,0.0,0.0,0,0,0,0.0,,0,inactiu
25.2,02/08/2026 06:00,89.7,0.0,0,alt,0,8.1,baix,baix,9.5,70.0,74.3,420.0,7.8,0.0,0.0,0.0,0.127,0.0,0.0,0.0,29.7,27.73,0.0,0.0,0,0,0,0.0,,0,inactiu
24.8,02/08/2026 06:30,90.9,0.0,0,alt,1,0.0,baix,baix,10.0,70.0,74.3,420.0,7.8,0.0,0.0,0.0,0.127,0.0,0.0,0.0,29.81,27.74,0.5,12.4,0,0,0,0.0,,0,inactiu
23.6,02/08/2026 07:00,91.15,0.0,0,alt,1,0.0,baix,baix,10.5,70.0,74.3,420.0,7.8,1.0,0.0,0.0,0.127,0.0,0.0,0.0,29.89,27.75,1.0,24.2,0,0,0,0.0,,0,inactiu
23.5,02/08/2026 07:30,92.4,0.0,0,alt,1,3.9,baix,baix,11.5,70.0,74.3,420.0,7.8,1.0,0.0,0.0,0.127,0.0,0.0,0.0,29.88,27.75,2.0,47.7,0,0,0,0.0,,0,inactiu
27.3,02/08/2026 08:30,81.6,0.0,0,alt,1,8.5,baix,baix,12.0,70.0,74.3,420.0,7.8,62.0,18.0,0.35,0.136,0.03,0.0,0.0,30.01,27.75,2.5,0.0,0,0,0,0.0,,0,inactiu
28.85,02/08/2026 09:00,77.35,0.0,0,alt,0,8.1,baix,baix,12.5,70.0,74.3,420.0,7.8,196.0,86.0,1.35,0.136,0.13,0.0,0.0,30.03,27.75,0.0,0.0,0,0,0,0.0,,0,inactiu
30.1,02/08/2026 09:30,73.30000000000001,0.0,0,alt,0,7.7,baix,baix,0.0,70.0,74.3,420.0,7.8,196.0,86.0,1.35,0.136,0.13,0.0,0.0,30.04,27.75,0.0,0.0,0,0,0,0.0,,0,inactiu
30.950000000000003,02/08/2026 10:00,70.15,0.0,0,alt,0,7.3,baix,baix,0.0,70.0,74.3,420.0,7.8,350.0,191.0,2.9,0.135,0.24,0.0,0.0,30.05,27.75,0.0,0.0,0,0,0,0.0,,0,inactiu
33.3,02/08/2026 10:30,49.2,0.0,0,alt,0,6.9,baix,baix,0.0,70.0,74.3,420.0,7.8,350.0,191.0,2.9,0.135,0.24,0.0,0.0,30.09,27.75,0.0,0.0,0,0,0,0.0,,0,inactiu
34.05,02/08/2026 11:00,46.1,0.0,0,alt,0,6.6,baix,baix,0.0,70.0,74.3,420.0,7.8,590.0,409.0,4.55,0.134,0.43,0.0,0.0,30.12,27.75,0.0,0.0,0,0,0,0.0,,0,inactiu
35.1,02/08/2026 11:30,39.2,0.0,0,alt,0,6.2,baix,baix,0.0,70.0,74.3,420.0,7.8,590.0,409.0,4.55,0.134,0.43,0.0,0.0,30.17,27.76,0.0,0.0,0,0,0,0.0,,0,inactiu
35.75,02/08/2026 12:00,40.05,0.0,0,alt,0,5.9,baix,baix,0.0,70.0,74.3,420.0,7.8,736.0,562.0,6.1,0.132,0.55,0.0,0.0,30.2,27.76,0.0,0.0,0,0,0,0.0,,0,inactiu
35.7,02/08/2026 12:30,45.2,0.0,0,alt,0,5.6,baix,baix,0.0,70.0,74.3,420.0,7.8,736.0,562.0,6.1,0.132,0.55,0.0,0.0,30.22,27.76,0.0,0.0,0,0,0,0.0,,0,inactiu
36.1,02/08/2026 13:00,41.85,0.0,0,alt,0,5.3,baix,baix,0.0,70.0,74.3,420.0,7.8,859.0,708.0,7.2,0.13,0.67,0.0,0.0,30.23,27.76,0.0,0.0,0,0,0,0.0,,0,inactiu
36.4,02/08/2026 13:30,39.8,0.0,0,alt,0,5.0,baix,baix,0.0,70.0,74.3,420.0,7.8,859.0,708.0,7.2,0.13,0.67,0.0,0.0,30.26,27.76,0.0,0.0,0,0,0,0.0,,0,inactiu
36.85,02/08/2026 14:00,38.75,0.0,0,alt,0,4.8,baix,baix,0.0,70.0,74.3,420.0,7.8,916.0,779.0,7.8,0.14,0.74,0.0,0.0,30.31,27.76,0.0,0.0,0,0,0,0.0,,0,inactiu
37.75,02/08/2026 14:30,26.45,0.0,0,alt,0,4.5,baix,baix,0.0,70.0,74.3,420.0,7.8,916.0,779.0,7.8,0.14,0.74,0.0,0.0,30.35,27.76,0.0,0.0,0,0,0,0.0,,0,inactiu
37.35,02/08/2026 15:00,29.3,0.0,0,alt,0,4.3,baix,baix,0.0,70.0,74.3,420.0,7.8,913.0,789.0,7.7,0.138,0.75,0.0,0.0,30.37,27.76,0.0,0.0,0,0,0,0.0,,0,inactiu
37.400000000000006,02/08/2026 15:30,28.85,0.0,0,alt,0,4.1,baix,baix,0.0,70.0,74.3,420.0,7.8,913.0,789.0,7.7,0.138,0.75,0.0,0.0,30.4,27.76,0.0,0.0,0,0,0,0.0,,0,inactiu
37.3,02/08/2026 16:00,29.9,0.0,0,alt,0,3.9,baix,baix,0.0,70.0,74.3,420.0,7.8,852.0,732.0,7.0,0.135,0.71,0.0,0.0,30.43,27.76,0.0,0.0,0,0,0,0.0,,0,inactiu
37.05,02/08/2026 16:30,31.25,0.0,0,alt,0,3.7,baix,baix,0.0,70.0,74.3,420.0,7.8,852.0,732.0,7.0,0.135,0.71,0.0,0.0,30.46,27.76,0.0,0.0,0,0,0,0.0,,0,inactiu
36.65,02/08/2026 17:00,35.1,0.0,0,alt,0,3.5,baix,baix,0.0,70.0,74.3,420.0,7.8,738.0,624.0,5.8,0.133,0.62,0.0,0.0,30.48,27.76,0.0,0.0,0,0,0,0.0,,0,inactiu
35.599999999999994,02/08/2026 17:30,39.55,0.0,0,alt,0,3.3,baix,baix,0.0,70.0,74.3,420.0,7.8,738.0,624.0,5.8,0.133,0.62,0.0,0.0,30.5,27.76,0.0,0.0,0,0,0,0.0,,0,inactiu
35.0,02/08/2026 18:00,41.45,0.0,0,alt,0,3.1,baix,baix,0.0,70.0,74.3,420.0,7.8,580.0,476.0,4.2,0.132,0.49,0.0,0.0,30.51,27.76,0.0,0.0,0,0,0,0.0,,0,inactiu
33.65,02/08/2026 18:30,47.85,0.0,0,alt,0,3.0,baix,baix,0.0,70.0,74.3,420.0,7.8,580.0,476.0,4.2,0.132,0.49,0.0,0.0,30.51,27.76,0.0,0.0,0,0,0,0.0,,0,inactiu
32.8,02/08/2026 19:00,51.25,0.0,0,alt,0,2.8,baix,baix,0.0,70.0,74.3,420.0,7.8,392.0,302.0,2.55,0.131,0.34,0.0,0.0,30.51,27.76,0.0,0.0,0,0,0,0.0,,0,inactiu
31.7,02/08/2026 19:30,57.45,0.0,0,alt,0,2.7,baix,baix,0.0,70.0,74.3,420.0,7.8,392.0,302.0,2.55,0.131,0.34,0.0,0.0,30.5,27.76,0.0,0.0,0,0,0,0.0,,0,inactiu
30.6,02/08/2026 20:00,64.9,0.0,0,alt,0,2.5,baix,baix,0.0,70.0,74.3,420.0,7.8,198.0,129.0,1.1,0.146,0.18,0.0,0.0,30.48,27.75,0.0,0.0,0,0,0,0.0,,0,inactiu
29.6,02/08/2026 20:30,70.75,0.0,0,alt,0,2.4,baix,baix,0.0,70.0,74.3,420.0,7.8,198.0,129.0,1.1,0.146,0.18,0.0,0.0,30.47,27.75,0.0,0.0,0,0,0,0.0,,0,inactiu
28.75,02/08/2026 21:00,75.7,0.0,0,alt,0,2.3,baix,baix,0.5,70.0,74.3,420.0,7.8,41.0,14.0,0.2,0.145,0.06,0.0,0.0,30.46,27.75,0.0,0.0,0,0,0,0.0,,0,inactiu
28.200000000000003,02/08/2026 21:30,78.65,0.0,0,alt,0,2.2,baix,baix,1.0,70.0,74.3,420.0,7.8,41.0,14.0,0.2,0.145,0.06,0.0,0.0,30.46,27.75,0.0,0.0,0,0,0,0.0,,0,inactiu
27.8,02/08/2026 22:00,81.05,0.0,0,alt,0,2.1,baix,baix,1.5,70.0,74.3,420.0,7.8,0.0,0.0,0.0,0.145,0.0,0.0,0.0,30.46,27.74,0.0,0.0,0,0,0,0.0,,0,inactiu
27.5,02/08/2026 22:30,82.1,0.0,0,alt,0,2.0,baix,baix,2.0,70.0,74.3,420.0,7.8,0.0,0.0,0.0,0.145,0.0,0.0,0.0,30.46,27.74,0.0,0.0,0,0,0,0.0,,0,inactiu
27.0,02/08/2026 23:00,83.9,0.0,0,alt,0,1.9,baix,baix,2.5,70.0,74.3,420.0,7.8,0.0,0.0,0.0,0.145,0.0,0.0,0.0,30.46,27.74,0.0,0.0,0,0,0,0.0,,0,inactiu
26.450000000000003,02/08/2026 23:30,84.65,0.0,0,alt,0,1.8,baix,baix,3.0,70.0,74.3,420.0,7.8,0.0,0.0,0.0,0.145,0.0,0.0,0.0,30.46,27.73,0.0,0.0,0,0,0,0.0,,0,inactiu
25.450000000000003,03/08/2026 00:00,83.7,0.0,0,alt,0,1.7,baix,baix,3.5,80.0,71.4,270.0,7.8,0.0,0.0,0.0,0.145,0.0,0.0,0.0,30.45,27.73,0.0,0.0,0,0,0,0.0,,0,inactiu
24.6,03/08/2026 00:30,83.5,0.0,0,alt,0,1.6,baix,baix,4.0,80.0,71.4,270.0,7.8,0.0,0.0,0.0,0.145,0.0,0.0,0.0,30.42,27.72,0.0,0.0,0,0,0,0.0,,0,inactiu
24.25,03/08/2026 01:00,85.05,0.0,0,alt,0,1.5,baix,baix,4.5,80.0,71.4,270.0,7.8,0.0,0.0,0.0,0.145,0.0,0.0,0.0,30.38,27.71,0.0,0.0,0,0,0,0.0,,0,inactiu
23.9,03/08/2026 01:30,86.0,0.0,0,alt,0,1.4,baix,baix,5.0,80.0,71.4,270.0,7.8,0.0,0.0,0.0,0.145,0.0,0.0,0.0,30.33,27.71,0.0,0.0,0,0,0,0.0,,0,inactiu
23.65,03/08/2026 02:00,86.75,0.0,0,alt,0,1.4,baix,baix,5.5,80.0,71.4,270.0,7.8,0.0,0.0,0.0,0.123,0.0,0.0,0.0,30.27,27.7,0.0,0.0,0,0,0,0.0,,0,inactiu
23.6,03/08/2026 02:30,88.25,0.0,0,alt,0,1.3,baix,baix,6.0,80.0,71.4,270.0,7.8,0.0,0.0,0.0,0.123,0.0,0.0,0.0,30.2,27.7,0.0,0.0,0,0,0,0.0,,0,inactiu
22.8,03/08/2026 03:00,87.69999999999999,0.0,0,alt,0,1.2,baix,baix,6.5,80.0,71.4,270.0,7.8,0.0,0.0,0.0,0.123,0.0,0.0,0.0,30.11,27.69,0.0,0.0,0,0,0,0.0,,0,inactiu
22.45,03/08/2026 03:30,87.9,0.0,0,alt,0,1.2,baix,baix,7.0,80.0,71.4,270.0,7.8,0.0,0.0,0.0,0.123,0.0,0.0,0.0,30.03,27.68,0.0,0.0,0,0,0,0.0,,0,inactiu
22.5,03/08/2026 04:00,88.85,0.0,0,alt,0,1.1,baix,baix,7.5,80.0,71.4,270.0,7.8,0.0,0.0,0.0,0.123,0.0,0.0,0.0,29.95,27.67,0.0,0.0,0,0,0,0.0,,0,inactiu
21.85,03/08/2026 04:30,88.30000000000001,0.0,0,alt,0,1.0,baix,baix,8.0,80.0,71.4,270.0,7.8,0.0,0.0,0.0,0.123,0.0,0.0,0.0,29.85,27.66,0.0,0.0,0,0,0,0.0,,0,inactiu
21.8,03/08/2026 05:00,88.6,0.0,0,alt,0,1.0,baix,baix,8.5,80.0,71.4,270.0,7.8,0.0,0.0,0.0,0.123,0.0,0.0,0.0,29.75,27.65,0.0,0.0,0,0,0,0.0,,0,inactiu
21.6,03/08/2026 05:30,90.4,0.0,0,alt,1,0.0,baix,baix,9.0,80.0,71.4,270.0,7.8,0.0,0.0,0.0,0.123,0.0,0.0,0.0,29.66,27.65,0.5,10.8,0,0,0,0.0,,0,inactiu
21.3,03/08/2026 06:00,90.95,0.0,0,alt,1,0.0,baix,baix,9.5,80.0,71.4,270.0,7.8,0.0,0.0,0.0,0.123,0.0,0.0,0.0,29.58,27.64,1.0,21.5,0,0,0,0.0,,0,inactiu
21.0,03/08/2026 06:30,91.25,0.0,0,alt,1,0.0,baix,baix,0.0,80.0,71.4,270.0,7.8,0.0,0.0,0.0,0.123,0.0,0.0,0.0,29.5,27.63,1.5,32.0,0,0,0,0.0,,0,inactiu
20.75,03/08/2026 07:00,91.05,0.0,0,alt,1,1.8,baix,baix,0.0,80.0,71.4,270.0,7.8,1.0,0.0,0.0,0.123,0.0,0.0,0.0,29.44,27.63,2.0,42.3,0,0,0,0.0,,0,inactiu
23.2,03/08/2026 07:30,91.2,0.0,0,alt,1,3.5,baix,baix,0.5,80.0,71.4,270.0,7.8,1.0,0.0,0.0,0.123,0.0,0.0,0.0,29.43,27.62,2.5,53.9,0,0,0,0.0,,0,inactiu
25.4,03/08/2026 08:00,87.4,0.0,0,alt,1,7.2,baix,baix,1.0,80.0,71.4,270.0,7.8,62.0,17.0,0.35,0.123,0.03,0.0,0.0,29.35,27.61,3.0,0.0,0,0,0,0.0,,0,inactiu
27.8,03/08/2026 08:30,81.95,0.0,0,alt,1,15.5,baix,baix,1.5,80.0,71.4,270.0,7.8,62.0,17.0,0.35,0.123,0.03,0.0,0.0,29.36,27.61,3.5,0.0,0,0,0,0.0,,0,inactiu
29.5,03/08/2026 09:00,77.1,0.0,0,alt,0,14.7,baix,baix,0.0,80.0,71.4,270.0,7.8,226.0,124.0,1.35,0.123,0.15,0.0,0.0,29.37,27.61,0.0,0.0,0,0,0,0.0,,0,inactiu
30.25,03/08/2026 09:30,73.2,0.0,0,alt,0,13.9,baix,baix,0.0,80.0,71.4,270.0,7.8,226.0,124.0,1.35,0.123,0.15,0.0,0.0,29.38,27.61,0.0,0.0,0,0,0,0.0,,0,inactiu
30.950000000000003,03/08/2026 10:00,70.15,0.0,0,alt,0,13.2,baix,baix,0.0,80.0,71.4,270.0,7.8,422.0,299.0,2.85,0.123,0.3,0.0,0.0,29.38,27.61,0.0,0.0,0,0,0,0.0,,0,inactiu
31.9,03/08/2026 10:30,63.55,0.0,0,alt,0,12.5,baix,baix,0.0,80.0,71.4,270.0,7.8,422.0,299.0,2.85,0.123,0.3,0.0,0.0,29.35,27.61,0.0,0.0,0,0,0,0.0,,0,inactiu
32.8,03/08/2026 11:00,58.75,0.0,0,alt,0,11.9,baix,baix,0.0,80.0,71.4,270.0,7.8,582.0,391.0,4.55,0.122,0.43,0.0,0.0,29.32,27.61,0.0,0.0,0,0,0,0.0,,0,inactiu
33.75,03/08/2026 11:30,54.85,0.0,0,alt,0,11.3,baix,baix,0.0,80.0,71.4,270.0,7.8,582.0,391.0,4.55,0.122,0.43,0.0,0.0,29.29,27.61,0.0,0.0,0,0,0,0.0,,0,inactiu
34.3,03/08/2026 12:00,54.05,0.0,0,alt,0,10.7,baix,baix,0.0,80.0,71.4,270.0,7.8,722.0,516.0,6.05,0.121,0.56,0.0,0.0,29.26,27.61,0.0,0.0,0,0,0,0.0,,0,inactiu
34.7,03/08/2026 12:30,53.9,0.0,0,alt,0,10.1,baix,baix,0.0,80.0,71.4,270.0,7.8,722.0,516.0,6.05,0.121,0.56,0.0,0.0,29.24,27.61,0.0,0.0,0,0,0,0.0,,0,inactiu
35.45,03/08/2026 13:00,51.45,0.0,0,alt,0,9.6,baix,baix,0.0,80.0,71.4,270.0,7.8,837.0,632.0,7.2,0.119,0.65,0.0,0.0,29.23,27.62,0.0,0.0,0,0,0,0.0,,0,inactiu
35.7,03/08/2026 13:30,48.5,0.0,0,alt,0,9.1,baix,baix,0.0,80.0,71.4,270.0,7.8,837.0,632.0,7.2,0.119,0.65,0.0,0.0,29.21,27.62,0.0,0.0,0,0,0,0.0,,0,inactiu
35.7,03/08/2026 14:00,47.7,0.0,0,alt,0,8.7,baix,baix,0.0,80.0,71.4,270.0,7.8,897.0,716.0,7.75,0.12,0.7,0.0,0.0,29.19,27.62,0.0,0.0,0,0,0,0.0,,0,inactiu
35.849999999999994,03/08/2026 14:30,47.7,0.0,0,alt,0,8.2,baix,baix,0.0,80.0,71.4,270.0,7.8,897.0,716.0,7.75,0.12,0.7,0.0,0.0,29.15,27.63,0.0,0.0,0,0,0,0.0,,0,inactiu
35.849999999999994,03/08/2026 15:00,47.35,0.0,0,alt,0,7.8,baix,baix,0.0,80.0,71.4,270.0,7.8,899.0,731.0,7.7,0.118,0.71,0.0,0.0,29.12,27.63,0.0,0.0,0,0,0,0.0,,0,inactiu
35.6,03/08/2026 15:30,48.95,0.0,0,alt,0,7.4,baix,baix,0.0,80.0,71.4,270.0,7.8,899.0,731.0,7.7,0.118,0.71,0.0,0.0,29.08,27.63,0.0,0.0,0,0,0,0.0,,0,inactiu
35.45,03/08/2026 16:00,49.0,0.0,0,alt,0,7.0,baix,baix,0.0,80.0,71.4,270.0,7.8,837.0,678.0,7.0,0.117,0.68,0.0,0.0,29.04,27.64,0.0,0.0,0,0,0,0.0,,0,inactiu
35.55,03/08/2026 16:30,46.1,0.0,0,alt,0,6.7,baix,baix,0.0,80.0,71.4,270.0,7.8,837.0,678.0,7.0,0.117,0.68,0.0,0.0,29.01,27.64,0.0,0.0,0,0,0,0.0,,0,inactiu
35.349999999999994,03/08/2026 17:00,46.2,0.0,0,alt,0,6.3,baix,baix,0.0,80.0,71.4,270.0,7.8,730.0,606.0,5.7,0.116,0.59,0.0,0.0,28.98,27.64,0.0,0.0,0,0,0,0.0,,0,inactiu
34.599999999999994,03/08/2026 17:30,53.3,0.0,0,alt,0,6.0,baix,baix,0.0,80.0,71.4,270.0,7.8,730.0,606.0,5.7,0.116,0.59,0.0,0.0,28.96,27.65,0.0,0.0,0,0,0,0.0,,0,inactiu
33.2,03/08/2026 18:00,58.85,0.0,0,alt,0,5.7,baix,baix,0.0,80.0,71.4,270.0,7.8,570.0,447.0,3.95,0.116,0.47,0.0,0.0,28.92,27.65,0.0,0.0,0,0,0,0.0,,0,inactiu
32.65,03/08/2026 18:30,57.45,0.0,0,alt,0,5.4,baix,baix,0.0,80.0,71.4,270.0,7.8,570.0,447.0,3.95,0.116,0.47,0.0,0.0,28.9,27.65,0.0,0.0,0,0,0,0.0,,0,inactiu
32.1,03/08/2026 19:00,57.05,0.0,0,alt,0,5.1,baix,baix,0.0,80.0,71.4,270.0,7.8,368.0,243.0,2.25,0.115,0.31,0.0,0.0,28.89,27.65,0.0,0.0,0,0,0,0.0,,0,inactiu
31.4,03/08/2026 19:30,61.150000000000006,0.0,0,alt,0,4.9,baix,baix,0.0,80.0,71.4,270.0,7.8,368.0,243.0,2.25,0.115,0.31,0.0,0.0,28.88,27.65,0.0,0.0,0,0,0,0.0,,0,inactiu
30.9,03/08/2026 20:00,62.1,0.0,0,alt,0,4.6,baix,baix,0.0,80.0,71.4,270.0,7.8,153.0,44.0,1.05,0.115,0.15,0.0,0.0,28.89,27.65,0.0,0.0,0,0,0,0.0,,0,inactiu
30.25,03/08/2026 20:30,65.8,0.0,0,alt,0,4.4,baix,baix,0.0,80.0,71.4,270.0,7.8,153.0,44.0,1.05,0.115,0.15,0.0,0.0,28.9,27.65,0.0,0.0,0,0,0,0.0,,0,inactiu
29.4,03/08/2026 21:00,71.30000000000001,0.0,0,alt,0,4.1,baix,baix,0.5,80.0,71.4,270.0,7.8,30.0,5.0,0.15,0.115,0.06,0.0,0.0,28.92,27.65,0.0,0.0,0,0,0,0.0,,0,inactiu
28.55,03/08/2026 21:30,76.3,0.0,0,alt,0,3.9,baix,baix,1.0,80.0,71.4,270.0,7.8,30.0,5.0,0.15,0.115,0.06,0.0,0.0,28.92,27.65,0.0,0.0,0,0,0,0.0,,0,inactiu
28.25,03/08/2026 22:00,78.7,0.0,0,alt,0,3.7,baix,baix,1.5,80.0,71.4,270.0,7.8,0.0,0.0,0.0,0.115,0.03,0.0,0.0,28.93,27.65,0.0,0.0,0,0,0,0.0,,0,inactiu
27.85,03/08/2026 22:30,81.05,0.0,0,alt,0,3.5,baix,baix,2.0,80.0,71.4,270.0,7.8,0.0,0.0,0.0,0.115,0.03,0.0,0.0,28.94,27.64,0.0,0.0,0,0,0,0.0,,0,inactiu
27.65,03/08/2026 23:00,82.30000000000001,0.0,0,alt,0,3.4,baix,baix,2.5,80.0,71.4,270.0,7.8,0.0,0.0,0.0,0.115,0.0,0.0,0.0,28.95,27.64,0.0,0.0,0,0,0,0.0,,0,inactiu
27.4,03/08/2026 23:30,82.80000000000001,0.0,0,alt,0,3.2,baix,baix,3.0,80.0,71.4,270.0,7.8,0.0,0.0,0.0,0.115,0.0,0.0,0.0,28.97,27.64,0.0,0.0,0,0,0,0.0,,0,inactiu
27.0,04/08/2026 00:00,83.4,0.0,0,alt,0,3.0,baix,baix,3.5,90.0,71.4,60.0,7.6,0.0,0.0,0.0,0.115,0.0,0.0,0.0,29.01,27.64,0.0,0.0,0,0,0,0.0,,0,inactiu
25.75,04/08/2026 00:30,84.15,0.0,0,alt,0,2.9,baix,baix,4.0,90.0,71.4,60.0,7.6,0.0,0.0,0.0,0.115,0.0,0.0,0.0,29.03,27.63,0.0,0.0,0,0,0,0.0,,0,inactiu
25.45,04/08/2026 01:00,86.65,0.0,0,alt,0,2.7,baix,baix,4.5,90.0,71.4,60.0,7.6,0.0,0.0,0.0,0.115,0.0,0.0,0.0,29.06,27.63,0.0,0.0,0,0,0,0.0,,0,inactiu
26.3,04/08/2026 01:30,87.1,0.0,0,alt,0,2.6,baix,baix,5.0,90.0,71.4,60.0,7.6,0.0,0.0,0.0,0.115,0.0,0.0,0.0,29.11,27.63,0.0,0.0,0,0,0,0.0,,0,inactiu
25.7,04/08/2026 02:00,88.05,0.0,0,alt,0,2.4,baix,baix,5.5,90.0,71.4,60.0,7.6,0.0,0.0,0.0,0.114,0.0,0.0,0.0,29.15,27.63,0.0,0.0,0,0,0,0.0,,0,inactiu
25.05,04/08/2026 02:30,89.95,0.0,0,alt,0,2.3,baix,baix,6.0,90.0,71.4,60.0,7.6,0.0,0.0,0.0,0.114,0.0,0.0,0.0,29.18,27.63,0.0,0.0,0,0,0,0.0,,0,inactiu
23.8,04/08/2026 03:00,90.1,0.0,0,alt,1,0.0,baix,baix,6.5,90.0,71.4,60.0,7.6,0.0,0.0,0.0,0.114,0.0,0.0,0.0,29.2,27.63,0.5,11.9,0,0,0,0.0,,0,inactiu
23.5,04/08/2026 03:30,91.05,0.0,0,alt,1,0.0,baix,baix,7.0,90.0,71.4,60.0,7.6,0.0,0.0,0.0,0.114,0.0,0.0,0.0,29.22,27.62,1.0,23.6,0,0,0,0.0,,0,inactiu
22.9,04/08/2026 04:00,90.65,0.0,0,alt,1,0.0,baix,baix,7.5,90.0,71.4,60.0,7.6,0.0,0.0,0.0,0.114,0.0,0.0,0.0,29.23,27.62,1.5,35.1,0,0,0,0.0,,0,inactiu
22.8,04/08/2026 04:30,91.15,0.0,0,alt,1,3.2,baix,baix,8.0,90.0,71.4,60.0,7.6,0.0,0.0,0.0,0.114,0.0,0.0,0.0,29.25,27.61,2.0,46.5,0,0,0,0.0,,0,inactiu
23.05,04/08/2026 05:00,91.45,0.0,0,alt,1,5.6,baix,baix,8.5,90.0,71.4,60.0,7.6,0.0,0.0,0.0,0.114,0.0,0.0,0.0,29.28,27.61,2.5,58.0,0,0,0,0.0,,0,inactiu
22.450000000000003,04/08/2026 05:30,91.4,0.0,0,alt,1,9.4,baix,baix,9.0,90.0,71.4,60.0,7.6,0.0,0.0,0.0,0.114,0.0,0.0,0.0,29.29,27.6,3.0,69.2,0,0,0,0.0,,0,inactiu
21.950000000000003,04/08/2026 06:00,90.7,0.0,0,alt,1,15.1,baix,baix,9.5,90.0,71.4,60.0,7.6,0.0,0.0,0.0,0.114,0.0,0.0,0.0,29.31,27.59,3.5,80.2,0,0,0,0.0,,0,inactiu
22.0,04/08/2026 06:30,90.85,0.0,0,alt,1,23.6,moderat,baix,10.0,90.0,71.4,60.0,7.6,0.0,0.0,0.0,0.114,0.0,0.0,0.0,29.33,27.58,4.0,0.0,0,0,0,0.0,,0,inactiu
22.0,04/08/2026 07:00,91.1,0.0,0,alt,1,35.2,moderat,baix,10.5,90.0,71.4,60.0,7.6,0.0,0.0,0.0,0.114,0.01,0.0,0.0,29.35,27.57,4.5,11.0,0,0,0,0.0,,0,inactiu
22.1,04/08/2026 07:30,91.3,0.0,0,alt,1,49.0,moderat,baix,11.0,90.0,71.4,60.0,7.6,0.0,0.0,0.0,0.114,0.01,0.0,0.0,29.33,27.57,5.0,22.0,0,0,0,0.0,,0,inactiu
25.7,04/08/2026 08:00,97.7,0.0,0,alt,1,65.8,alt,baix,11.5,90.0,71.4,60.0,7.6,48.0,7.0,0.3,0.114,0.03,0.0,0.0,29.34,27.57,5.5,0.0,0,0,0,0.0,,0,inactiu
26.65,04/08/2026 08:30,95.9,0.0,0,alt,1,79.7,alt,moderat,12.0,90.0,71.4,60.0,7.6,48.0,7.0,0.3,0.114,0.03,0.0,0.0,29.31,27.56,6.0,0.0,0,0,0,0.0,,0,inactiu
27.6,04/08/2026 09:00,90.8,0.0,0,alt,1,89.0,alt,moderat,12.5,90.0,71.4,60.0,7.6,181.0,65.0,1.3,0.114,0.12,0.0,0.0,29.27,27.57,6.5,0.0,0,0,0,0.0,,0,inactiu
28.4,04/08/2026 09:30,85.3,0.0,0,alt,0,84.5,alt,baix,13.0,90.0,71.4,60.0,7.6,181.0,65.0,1.3,0.114,0.12,0.0,0.0,29.23,27.56,0.0,0.0,0,0,0,0.0,,0,inactiu
31.3,04/08/2026 10:00,68.6,0.0,0,alt,0,80.1,alt,baix,0.0,90.0,71.4,60.0,7.6,303.0,144.0,2.8,0.114,0.22,0.0,0.0,29.24,27.56,0.0,0.0,0,0,0,0.0,,0,inactiu
32.0,04/08/2026 10:30,64.75,0.0,0,alt,0,76.0,alt,baix,0.0,90.0,71.4,60.0,7.6,303.0,144.0,2.8,0.114,0.22,0.0,0.0,29.24,27.56,0.0,0.0,0,0,0,0.0,,0,inactiu
32.95,04/08/2026 11:00,57.650000000000006,0.0,0,alt,0,72.1,alt,baix,0.0,90.0,71.4,60.0,7.6,461.0,165.0,4.4,0.114,0.35,0.0,0.0,29.25,27.57,0.0,0.0,0,0,0,0.0,,0,inactiu
33.45,04/08/2026 11:30,54.75,0.0,0,alt,0,68.4,alt,baix,0.0,90.0,71.4,60.0,7.6,461.0,165.0,4.4,0.114,0.35,0.0,0.0,29.24,27.57,0.0,0.0,0,0,0,0.0,,0,inactiu
34.4,04/08/2026 12:00,52.5,0.0,0,alt,0,64.9,alt,baix,0.0,90.0,71.4,60.0,7.6,657.0,360.0,5.7,0.113,0.5,0.0,0.0,29.24,27.57,0.0,0.0,0,0,0,0.0,,0,inactiu
35.15,04/08/2026 12:30,49.55,0.0,0,alt,0,61.6,alt,baix,0.0,90.0,71.4,60.0,7.6,657.0,360.0,5.7,0.113,0.5,0.0,0.0,29.25,27.57,0.0,0.0,0,0,0,0.0,,0,inactiu
35.8,04/08/2026 13:00,48.45,0.0,0,alt,0,58.4,alt,baix,0.0,90.0,71.4,60.0,7.6,610.0,186.0,6.7,0.112,0.48,0.0,0.0,29.26,27.57,0.0,0.0,0,0,0,0.0,,0,inactiu
34.3,04/08/2026 13:30,57.55,0.0,0,alt,0,55.4,alt,baix,0.0,90.0,71.4,60.0,7.6,610.0,186.0,6.7,0.112,0.48,0.0,0.0,29.23,27.56,0.0,0.0,0,0,0,0.0,,0,inactiu
34.099999999999994,04/08/2026 14:00,58.7,0.0,0,alt,0,52.6,alt,baix,0.0,90.0,71.4,60.0,7.6,782.0,478.0,7.65,0.112,0.61,0.0,0.0,29.2,27.56,0.0,0.0,0,0,0,0.0,,0,inactiu
33.8,04/08/2026 14:30,59.8,0.0,0,alt,0,49.9,moderat,baix,0.0,90.0,71.4,60.0,7.6,782.0,478.0,7.65,0.112,0.61,0.0,0.0,29.15,27.55,0.0,0.0,0,0,0,0.0,,0,inactiu
31.6,04/08/2026 15:00,68.65,0.5,0,alt,1,0.0,baix,baix,0.0,90.0,71.4,60.0,7.6,791.0,536.0,7.6,0.111,0.62,0.5,0.5,29.07,27.54,0.5,0.0,0,0,0,0.0,,0,inactiu
28.75,04/08/2026 15:30,85.1,3.3,0,alt,1,0.0,baix,baix,0.5,90.0,71.4,60.0,7.6,791.0,536.0,7.6,0.111,0.62,3.8,3.8,28.92,27.52,1.0,0.0,0,0,0,0.0,,0,inactiu
28.95,04/08/2026 16:00,86.65,0.0,0,alt,0,0.0,baix,baix,1.0,90.0,71.4,60.0,7.6,671.0,438.0,6.65,0.111,0.55,3.8,3.8,28.79,27.5,0.0,0.0,0,0,0,0.0,,0,inactiu
28.85,04/08/2026 16:30,87.35,0.0,0,alt,0,0.0,baix,baix,1.5,90.0,71.4,60.0,7.6,671.0,438.0,6.65,0.111,0.55,3.8,3.8,28.65,27.48,0.0,0.0,0,0,0,0.0,,0,inactiu
28.5,04/08/2026 17:00,87.9,1.0,0,alt,1,0.0,baix,baix,2.0,90.0,71.4,60.0,7.6,544.0,353.0,4.25,0.111,0.45,4.8,4.8,28.51,27.46,0.5,0.0,0,0,0,0.0,,0,inactiu
28.3,04/08/2026 17:30,90.1,1.5,0,alt,1,0.0,baix,baix,2.5,90.0,71.4,60.0,7.6,544.0,353.0,4.25,0.111,0.45,6.3,6.3,28.37,27.45,1.0,0.0,0,0,0,0.0,,0,vigilancia
29.15,04/08/2026 18:00,86.4,0.0,0,alt,0,0.0,baix,baix,3.0,90.0,71.4,60.0,7.6,419.0,237.0,3.65,0.111,0.36,6.3,6.3,28.29,27.44,0.0,0.0,0,0,0,0.0,,0,vigilancia
29.700000000000003,04/08/2026 18:30,83.05,0.0,0,alt,0,0.0,baix,baix,0.0,90.0,71.4,60.0,7.6,419.0,237.0,3.65,0.111,0.36,6.3,6.3,28.23,27.43,0.0,0.0,0,0,0,0.0,,0,vigilancia
29.95,04/08/2026 19:00,79.94999999999999,0.0,0,alt,0,0.0,baix,baix,0.0,90.0,71.4,60.0,7.6,296.0,153.0,2.15,0.111,0.26,6.3,6.3,28.18,27.42,0.0,0.0,0,0,0,0.0,,0,vigilancia
30.05,04/08/2026 19:30,79.05,0.0,0,alt,0,0.0,baix,baix,0.0,90.0,71.4,60.0,7.6,296.0,153.0,2.15,0.111,0.26,6.3,6.3,28.16,27.41,0.0,0.0,0,0,0,0.0,,0,vigilancia
29.5,04/08/2026 20:00,81.15,0.0,0,alt,0,0.0,baix,baix,0.0,90.0,71.4,60.0,7.6,160.0,75.0,0.95,0.111,0.16,6.3,6.3,28.13,27.4,0.0,0.0,0,0,0,0.0,,0,vigilancia
28.700000000000003,04/08/2026 20:30,83.65,0.0,0,alt,0,0.0,baix,baix,0.5,90.0,71.4,60.0,7.6,160.0,75.0,0.95,0.111,0.16,6.3,6.3,28.09,27.4,0.0,0.0,0,0,0,0.0,,0,vigilancia
28.200000000000003,04/08/2026 21:00,85.55000000000001,0.0,0,alt,0,0.0,baix,baix,1.0,90.0,71.4,60.0,7.6,36.0,10.0,0.15,0.111,0.05,6.3,6.3,28.07,27.39,0.0,0.0,0,0,0,0.0,,0,vigilancia
27.75,04/08/2026 21:30,87.5,0.0,0,alt,0,0.0,baix,baix,1.5,90.0,71.4,60.0,7.6,36.0,10.0,0.15,0.111,0.05,6.3,6.3,28.05,27.39,0.0,0.0,0,0,0,0.0,,0,vigilancia
27.4,04/08/2026 22:00,90.2,0.0,0,alt,1,0.0,baix,baix,2.0,90.0,71.4,60.0,7.6,0.0,0.0,0.0,0.111,0.01,6.3,6.3,28.03,27.38,0.5,13.7,0,0,0,0.0,,0,vigilancia
27.25,04/08/2026 22:30,90.05,0.0,0,alt,1,0.0,baix,baix,2.5,90.0,71.4,60.0,7.6,0.0,0.0,0.0,0.111,0.01,6.3,6.3,28.02,27.38,1.0,27.3,0,0,0,0.0,,0,vigilancia
26.95,04/08/2026 23:00,90.0,0.0,0,alt,1,0.0,baix,baix,3.0,90.0,71.4,60.0,7.6,0.0,0.0,0.0,0.111,0.0,6.3,6.3,28.01,27.38,1.5,40.8,0,0,0,0.0,,0,vigilancia
26.450000000000003,04/08/2026 23:30,91.7,0.0,0,alt,1,11.5,baix,baix,3.5,90.0,71.4,60.0,7.6,0.0,0.0,0.0,0.111,0.0,6.3,6.3,27.99,27.38,2.0,54.0,0,0,0,0.0,,0,vigilancia
25.95,05/08/2026 00:00,93.1,0.0,0,alt,1,18.1,baix,baix,4.0,100.0,74.3,90.0,7.7,0.0,0.0,0.0,0.111,0.0,6.3,6.3,27.97,27.38,2.5,67.0,0,0,0,0.0,,0,vigilancia
25.5,05/08/2026 00:30,93.55,0.0,0,alt,1,27.2,moderat,baix,4.5,100.0,74.3,90.0,7.7,0.0,0.0,0.0,0.111,0.0,6.3,6.3,27.96,27.38,3.0,79.8,0,0,0,0.0,,0,vigilancia
25.0,05/08/2026 01:00,94.45,0.0,0,alt,1,38.7,moderat,baix,5.0,100.0,74.3,90.0,7.7,0.0,0.0,0.0,0.111,0.0,6.3,6.3,27.95,27.38,3.5,92.2,0,0,0,0.0,,0,vigilancia
24.5,05/08/2026 01:30,95.25,0.0,0,alt,1,51.5,alt,baix,5.5,100.0,74.3,90.0,7.7,0.0,0.0,0.0,0.111,0.0,6.3,6.3,27.91,27.38,4.0,0.0,0,0,0,0.0,,0,vigilancia
23.95,05/08/2026 02:00,95.5,0.0,0,alt,1,64.0,alt,baix,6.0,100.0,74.3,90.0,7.7,0.0,0.0,0.0,0.11,0.0,6.3,6.3,27.88,27.39,4.5,12.0,0,0,0,0.0,,0,vigilancia
24.05,05/08/2026 02:30,96.3,0.0,0,alt,1,75.3,alt,baix,6.5,100.0,74.3,90.0,7.7,0.0,0.0,0.0,0.11,0.0,6.3,6.3,27.86,27.39,5.0,24.0,0,0,0,0.0,,0,vigilancia
24.0,05/08/2026 03:00,96.4,0.0,0,alt,1,84.1,alt,baix,7.0,100.0,74.3,90.0,7.7,0.0,0.0,0.0,0.11,0.0,6.3,6.3,27.86,27.4,5.5,36.0,0,0,0,0.0,,0,vigilancia
23.8,05/08/2026 03:30,96.5,0.0,0,alt,1,90.2,alt,moderat,7.5,100.0,74.3,90.0,7.7,0.0,0.0,0.0,0.11,0.0,6.3,6.3,27.87,27.4,6.0,47.9,0,0,0,0.0,,0,vigilancia
22.85,05/08/2026 04:00,96.6,0.0,0,alt,1,94.0,alt,moderat,8.0,100.0,74.3,90.0,7.7,0.0,0.0,0.0,0.11,0.0,6.3,6.3,27.87,27.4,6.5,59.3,0,0,0,0.0,,0,vigilancia
22.9,05/08/2026 04:30,96.85,0.0,0,alt,1,96.4,alt,moderat,8.5,100.0,74.3,90.0,7.7,0.0,0.0,0.0,0.11,0.0,6.3,6.3,27.87,27.39,7.0,70.8,0,0,0,0.0,,0,vigilancia
22.35,05/08/2026 05:00,97.1,0.0,0,alt,1,97.9,alt,moderat,9.0,100.0,74.3,90.0,7.7,0.0,0.0,0.0,0.11,0.0,6.3,6.3,27.85,27.38,7.5,82.0,0,0,0,0.0,,0,vigilancia
22.55,05/08/2026 05:30,97.3,0.0,0,alt,1,98.8,alt,moderat,9.5,100.0,74.3,90.0,7.7,0.0,0.0,0.0,0.11,0.0,6.3,6.3,27.86,27.38,8.0,0.0,0,0,0,0.0,,0,vigilancia
22.8,05/08/2026 06:00,97.75,0.0,0,alt,1,99.3,alt,moderat,10.0,100.0,74.3,90.0,7.7,0.0,0.0,0.0,0.11,0.0,6.3,6.3,27.87,27.37,8.5,11.4,0,0,0,0.0,,0,vigilancia
23.85,05/08/2026 06:30,98.0,0.0,0,alt,1,99.6,alt,alt,10.5,100.0,74.3,90.0,7.7,0.0,0.0,0.0,0.11,0.0,6.3,6.3,27.91,27.37,9.0,23.3,0,0,0,0.0,,0,vigilancia
24.0,05/08/2026 07:00,98.05,0.0,0,alt,1,99.8,alt,alt,11.0,100.0,74.3,90.0,7.7,0.0,0.0,0.0,0.11,0.01,6.3,6.3,27.95,27.37,9.5,35.3,0,0,0,0.0,,0,vigilancia
24.5,05/08/2026 07:30,98.05,0.0,0,alt,1,99.9,alt,alt,11.5,100.0,74.3,90.0,7.7,0.0,0.0,0.0,0.11,0.01,6.3,6.3,28.0,27.37,10.0,47.6,0,0,0,0.0,,0,vigilancia
24.4,05/08/2026 08:00,91.3,0.0,0,alt,1,99.9,alt,alt,12.0,100.0,74.3,90.0,7.7,58.0,15.0,0.3,0.11,0.03,6.3,6.3,27.98,27.36,10.5,0.0,0,0,0,0.0,,0,vigilancia
26.5,05/08/2026 08:30,83.69999999999999,0.0,0,alt,1,100.0,alt,alt,12.5,100.0,74.3,90.0,7.7,58.0,15.0,0.3,0.11,0.03,6.3,6.3,27.97,27.37,11.0,0.0,0,0,0,0.0,,0,vigilancia
28.0,05/08/2026 09:00,79.85,0.0,0,alt,0,94.8,alt,baix,13.0,100.0,74.3,90.0,7.7,216.0,114.0,1.3,0.11,0.14,6.3,6.3,27.98,27.37,0.0,0.0,0,0,0,0.0,,0,vigilancia
29.6,05/08/2026 09:30,70.9,0.0,0,alt,0,90.0,alt,baix,0.0,100.0,74.3,90.0,7.7,216.0,114.0,1.3,0.11,0.14,6.3,6.3,28.01,27.37,0.0,0.0,0,0,0,0.0,,0,vigilancia
29.8,05/08/2026 10:00,74.4,0.0,0,alt,0,85.4,alt,baix,0.0,100.0,74.3,90.0,7.7,400.0,248.0,2.8,0.11,0.28,6.3,6.3,27.98,27.37,0.0,0.0,0,0,0,0.0,,0,vigilancia
31.05,05/08/2026 10:30,63.45,0.0,0,alt,0,81.0,alt,baix,0.0,100.0,74.3,90.0,7.7,400.0,248.0,2.8,0.11,0.28,6.3,6.3,27.96,27.38,0.0,0.0,0,0,0,0.0,,0,vigilancia
32.400000000000006,05/08/2026 11:00,53.35,0.0,0,alt,0,76.8,alt,baix,0.0,100.0,74.3,90.0,7.7,598.0,445.0,4.5,0.11,0.46,6.3,6.3,27.94,27.4,0.0,0.0,0,0,0,0.0,,0,vigilancia
33.35,05/08/2026 11:30,47.45,0.0,0,alt,0,72.9,alt,baix,0.0,100.0,74.3,90.0,7.7,598.0,445.0,4.5,0.11,0.46,6.3,6.3,27.94,27.41,0.0,0.0,0,0,0,0.0,,0,vigilancia
34.150000000000006,05/08/2026 12:00,49.2,0.0,0,alt,0,69.1,alt,baix,0.0,100.0,74.3,90.0,7.7,755.0,627.0,6.0,0.11,0.61,6.3,6.3,27.94,27.43,0.0,0.0,0,0,0,0.0,,0,vigilancia
34.05,05/08/2026 12:30,49.85,0.0,0,alt,0,65.6,alt,baix,0.0,100.0,74.3,90.0,7.7,755.0,627.0,6.0,0.11,0.61,6.3,6.3,27.91,27.44,0.0,0.0,0,0,0,0.0,,0,vigilancia
34.65,05/08/2026 13:00,46.25,0.0,0,alt,0,62.2,alt,baix,0.0,100.0,74.3,90.0,7.7,861.0,739.0,7.15,0.109,0.7,6.3,6.3,27.89,27.46,0.0,0.0,0,0,0,0.0,,0,vigilancia
35.4,05/08/2026 13:30,45.85,0.0,0,alt,0,59.0,alt,baix,0.0,100.0,74.3,90.0,7.7,861.0,739.0,7.15,0.109,0.7,6.3,6.3,27.91,27.47,0.0,0.0,0,0,0,0.0,,0,vigilancia
34.95,05/08/2026 14:00,47.7,0.0,0,alt,0,56.0,alt,baix,0.0,100.0,74.3,90.0,7.7,889.0,713.0,7.7,0.11,0.71,6.3,6.3,27.93,27.48,0.0,0.0,0,0,0,0.0,,0,vigilancia
35.35,05/08/2026 14:30,46.1,0.0,0,alt,0,53.1,alt,baix,0.0,100.0,74.3,90.0,7.7,889.0,713.0,7.7,0.11,0.71,6.3,6.3,27.96,27.49,0.0,0.0,0,0,0,0.0,,0,vigilancia
35.25,05/08/2026 15:00,46.1,0.0,0,alt,0,50.4,alt,baix,0.0,100.0,74.3,90.0,7.7,850.0,640.0,7.6,0.112,0.7,6.3,6.3,28.04,27.5,0.0,0.0,0,0,0,0.0,,0,vigilancia
34.7,05/08/2026 15:30,46.1,0.0,0,alt,0,47.8,moderat,baix,0.0,100.0,74.3,90.0,7.7,850.0,640.0,7.6,0.112,0.7,6.3,6.3,28.16,27.51,0.0,0.0,0,0,0,0.0,,0,vigilancia
34.650000000000006,05/08/2026 16:00,44.55,0.0,0,alt,0,45.4,moderat,baix,0.0,100.0,74.3,90.0,7.7,735.0,528.0,6.9,0.113,0.61,6.3,6.3,28.28,27.52,0.0,0.0,0,0,0,0.0,,0,vigilancia
34.5,05/08/2026 16:30,45.95,0.0,0,alt,0,43.0,moderat,baix,0.0,100.0,74.3,90.0,7.7,735.0,528.0,6.9,0.113,0.61,6.3,6.3,28.4,27.53,0.0,0.0,0,0,0,0.0,,0,vigilancia
34.3,05/08/2026 17:00,48.25,0.0,0,alt,0,40.8,moderat,baix,0.0,100.0,74.3,90.0,7.7,659.0,484.0,5.7,0.113,0.55,6.3,6.3,28.52,27.54,0.0,0.0,0,0,0,0.0,,0,vigilancia
33.95,05/08/2026 17:30,50.55,0.0,0,alt,0,38.7,moderat,baix,0.0,100.0,74.3,90.0,7.7,659.0,484.0,5.7,0.113,0.55,6.3,6.3,28.64,27.55,0.0,0.0,0,0,0,0.0,,0,vigilancia
33.45,05/08/2026 18:00,52.2,0.0,0,alt,0,36.7,moderat,baix,0.0,100.0,74.3,90.0,7.7,540.0,423.0,4.1,0.114,0.45,6.3,6.3,28.73,27.56,0.0,0.0,0,0,0,0.0,,0,vigilancia
33.2,05/08/2026 18:30,51.25,0.0,0,alt,0,34.9,moderat,baix,0.0,100.0,74.3,90.0,7.7,540.0,423.0,4.1,0.114,0.45,6.3,6.3,28.8,27.58,0.0,0.0,0,0,0,0.0,,0,vigilancia
33.1,05/08/2026 19:00,48.65,0.0,0,alt,0,33.1,moderat,baix,0.0,100.0,74.3,90.0,7.7,369.0,282.0,2.45,0.114,0.32,6.3,6.3,28.87,27.59,0.0,0.0,0,0,0,0.0,,0,vigilancia
32.4,05/08/2026 19:30,52.5,0.0,0,alt,0,31.4,moderat,baix,0.0,100.0,74.3,90.0,7.7,369.0,282.0,2.45,0.114,0.32,6.3,6.3,28.91,27.6,0.0,0.0,0,0,0,0.0,,0,vigilancia
31.950000000000003,05/08/2026 20:00,54.1,0.0,0,alt,0,29.8,moderat,baix,0.0,100.0,74.3,90.0,7.7,184.0,120.0,1.05,0.114,0.18,6.3,6.3,28.97,27.61,0.0,0.0,0,0,0,0.0,,0,vigilancia
31.25,05/08/2026 20:30,56.5,0.0,0,alt,0,28.2,moderat,baix,0.0,100.0,74.3,90.0,7.7,184.0,120.0,1.05,0.114,0.18,6.3,6.3,29.02,27.62,0.0,0.0,0,0,0,0.0,,0,vigilancia
30.3,05/08/2026 21:00,63.1,0.0,0,alt,0,26.8,moderat,baix,0.0,100.0,74.3,90.0,7.7,36.0,14.0,0.2,0.114,0.06,6.3,6.3,29.06,27.63,0.0,0.0,0,0,0,0.0,,0,vigilancia
29.2,05/08/2026 21:30,73.35,0.0,0,alt,0,25.4,moderat,baix,0.5,100.0,74.3,90.0,7.7,36.0,14.0,0.2,0.114,0.06,6.3,6.3,29.09,27.64,0.0,0.0,0,0,0,0.0,,0,vigilancia
28.5,05/08/2026 22:00,76.8,0.0,0,alt,0,24.1,moderat,baix,1.0,100.0,74.3,90.0,7.7,0.0,0.0,0.0,0.113,0.01,6.3,6.3,29.12,27.65,0.0,0.0,0,0,0,0.0,,0,vigilancia
27.4,05/08/2026 22:30,78.0,0.0,0,alt,0,22.9,moderat,baix,1.5,100.0,74.3,90.0,7.7,0.0,0.0,0.0,0.113,0.01,6.3,6.3,29.12,27.66,0.0,0.0,0,0,0,0.0,,0,vigilancia
26.3,05/08/2026 23:00,78.7,0.0,0,alt,0,21.7,moderat,baix,2.0,100.0,74.3,90.0,7.7,0.0,0.0,0.0,0.113,0.0,6.3,6.3,29.11,27.67,0.0,0.0,0,0,0,0.0,,0,vigilancia
25.1,05/08/2026 23:30,80.9,0.0,0,alt,0,20.6,moderat,baix,2.5,100.0,74.3,90.0,7.7,0.0,0.0,0.0,0.113,0.0,6.3,6.3,29.08,27.67,0.0,0.0,0,0,0,0.0,,0,vigilancia
24.8,06/08/2026 00:00,84.5,0.0,0,alt,0,19.5,baix,baix,3.0,100.0,78.6,0.0,7.6,0.0,0.0,0.0,0.113,0.0,6.3,6.3,29.05,27.68,0.0,0.0,0,0,0,0.0,,0,vigilancia
24.25,06/08/2026 00:30,84.0,0.0,0,alt,0,18.5,baix,baix,3.5,100.0,78.6,0.0,7.6,0.0,0.0,0.0,0.113,0.0,6.3,6.3,29.03,27.69,0.0,0.0,0,0,0,0.0,,0,vigilancia
23.75,06/08/2026 01:00,85.6,0.0,0,alt,0,17.6,baix,baix,4.0,100.0,78.6,0.0,7.6,0.0,0.0,0.0,0.113,0.0,6.3,6.3,29.0,27.7,0.0,0.0,0,0,0,0.0,,0,vigilancia
23.35,06/08/2026 01:30,87.15,0.0,0,alt,0,16.7,baix,baix,4.5,100.0,78.6,0.0,7.6,0.0,0.0,0.0,0.113,0.0,6.3,6.3,28.98,27.71,0.0,0.0,0,0,0,0.0,,0,vigilancia
22.9,06/08/2026 02:00,88.3,0.0,0,alt,0,15.8,baix,baix,5.0,100.0,78.6,0.0,7.6,0.0,0.0,0.0,0.114,0.0,6.3,6.3,28.96,27.71,0.0,0.0,0,0,0,0.0,,0,vigilancia
22.55,06/08/2026 02:30,89.5,0.0,0,alt,0,15.0,baix,baix,5.5,100.0,78.6,0.0,7.6,0.0,0.0,0.0,0.114,0.0,6.3,6.3,28.92,27.72,0.0,0.0,0,0,0,0.0,,0,vigilancia
22.25,06/08/2026 03:00,90.45,0.0,0,alt,1,0.0,baix,baix,6.0,100.0,78.6,0.0,7.6,0.0,0.0,0.0,0.114,0.0,6.3,6.3,28.89,27.73,0.5,11.1,0,0,0,0.0,,0,vigilancia
21.85,06/08/2026 03:30,91.5,0.0,0,alt,1,0.0,baix,baix,6.5,100.0,78.6,0.0,7.6,0.0,0.0,0.0,0.114,0.0,6.3,6.3,28.85,27.74,1.0,22.0,0,0,0,0.0,,0,vigilancia
21.95,06/08/2026 04:00,92.7,0.0,0,alt,1,0.0,baix,baix,7.0,100.0,78.6,0.0,7.6,0.0,0.0,0.0,0.114,0.0,6.3,6.3,28.83,27.75,1.5,33.0,0,0,0,0.0,,0,vigilancia
22.05,06/08/2026 04:30,93.45,0.0,0,alt,1,2.2,baix,baix,7.5,100.0,78.6,0.0,7.6,0.0,0.0,0.0,0.114,0.0,6.3,6.3,28.81,27.76,2.0,44.0,0,0,0,0.0,,0,vigilancia
21.6,06/08/2026 05:00,93.65,0.0,0,alt,1,3.8,baix,baix,8.0,100.0,78.6,0.0,7.6,0.0,0.0,0.0,0.114,0.0,6.3,6.3,28.79,27.77,2.5,54.8,0,0,0,0.0,,0,vigilancia
21.200000000000003,06/08/2026 05:30,94.05,0.0,0,alt,1,6.5,baix,baix,8.5,100.0,78.6,0.0,7.6,0.0,0.0,0.0,0.114,0.0,6.3,6.3,28.77,27.78,3.0,65.4,0,0,0,0.0,,0,vigilancia
20.9,06/08/2026 06:00,94.55,0.0,0,alt,1,10.6,baix,baix,0.0,100.0,78.6,0.0,7.6,0.0,0.0,0.0,0.114,0.0,6.3,6.3,28.73,27.79,3.5,75.9,0,0,0,0.0,,0,vigilancia
20.65,06/08/2026 06:30,94.9,0.0,0,alt,1,17.0,baix,baix,0.0,100.0,78.6,0.0,7.6,0.0,0.0,0.0,0.114,0.0,6.3,6.3,28.66,27.8,4.0,0.0,0,0,0,0.0,,0,vigilancia
20.7,06/08/2026 07:00,95.3,0.0,0,alt,1,26.2,moderat,baix,0.0,100.0,78.6,0.0,7.6,0.0,0.0,0.0,0.114,0.01,6.3,6.3,28.59,27.81,4.5,10.4,0,0,0,0.0,,0,vigilancia
22.7,06/08/2026 07:30,95.3,0.0,0,alt,1,39.8,moderat,baix,0.5,100.0,78.6,0.0,7.6,0.0,0.0,0.0,0.114,0.01,6.3,6.3,28.55,27.82,5.0,21.7,0,0,0,0.0,,0,vigilancia
24.4,06/08/2026 08:00,91.3,0.0,0,alt,1,56.4,alt,baix,1.0,100.0,78.6,0.0,7.6,63.0,27.0,0.3,0.113,0.03,6.3,6.3,28.55,27.82,5.5,0.0,0,0,0,0.0,,0,vigilancia
26.5,06/08/2026 08:30,83.69999999999999,0.0,0,alt,1,72.8,alt,moderat,1.5,100.0,78.6,0.0,7.6,63.0,27.0,0.3,0.113,0.03,6.3,6.3,28.55,27.82,6.0,0.0,0,0,0,0.0,,0,vigilancia
28.0,06/08/2026 09:00,79.85,0.0,0,alt,0,69.1,alt,baix,2.0,100.0,78.6,0.0,7.6,225.0,148.0,1.3,0.112,0.15,6.3,6.3,28.55,27.82,0.0,0.0,0,0,0,0.0,,0,vigilancia
30.35,06/08/2026 09:30,67.80000000000001,0.0,0,alt,0,65.5,alt,baix,0.0,100.0,78.6,0.0,7.6,225.0,148.0,1.3,0.112,0.15,6.3,6.3,28.57,27.83,0.0,0.0,0,0,0,0.0,,0,vigilancia
32.2,06/08/2026 10:00,56.9,0.0,0,alt,0,62.2,alt,baix,0.0,100.0,78.6,0.0,7.6,392.0,270.0,2.8,0.112,0.28,6.3,6.3,28.62,27.83,0.0,0.0,0,0,0,0.0,,0,vigilancia
33.349999999999994,06/08/2026 10:30,54.900000000000006,0.0,0,alt,0,59.0,alt,baix,0.0,100.0,78.6,0.0,7.6,392.0,270.0,2.8,0.112,0.28,6.3,6.3,28.67,27.84,0.0,0.0,0,0,0,0.0,,0,vigilancia
33.75,06/08/2026 11:00,53.65,0.0,0,alt,0,56.0,alt,baix,0.0,100.0,78.6,0.0,7.6,511.0,300.0,4.45,0.112,0.39,6.3,6.3,28.7,27.85,0.0,0.0,0,0,0,0.0,,0,vigilancia
33.349999999999994,06/08/2026 11:30,56.05,0.0,0,alt,0,53.1,alt,baix,0.0,100.0,78.6,0.0,7.6,511.0,300.0,4.45,0.112,0.39,6.3,6.3,28.7,27.85,0.0,0.0,0,0,0,0.0,,0,vigilancia
33.75,06/08/2026 12:00,54.25,0.0,0,alt,0,50.4,alt,baix,0.0,100.0,78.6,0.0,7.6,680.0,459.0,5.8,0.111,0.53,6.3,6.3,28.69,27.86,0.0,0.0,0,0,0,0.0,,0,vigilancia
34.45,06/08/2026 12:30,54.95,0.0,0,alt,0,47.8,moderat,baix,0.0,100.0,78.6,0.0,7.6,680.0,459.0,5.8,0.111,0.53,6.3,6.3,28.7,27.87,0.0,0.0,0,0,0,0.0,,0,vigilancia
34.4,06/08/2026 13:00,56.6,0.0,0,alt,0,45.3,moderat,baix,0.0,100.0,78.6,0.0,7.6,823.0,645.0,7.0,0.111,0.66,6.3,6.3,28.69,27.87,0.0,0.0,0,0,0,0.0,,0,vigilancia
34.1,06/08/2026 13:30,58.5,0.0,0,alt,0,43.0,moderat,baix,0.0,100.0,78.6,0.0,7.6,823.0,645.0,7.0,0.111,0.66,6.3,6.3,28.66,27.88,0.0,0.0,0,0,0,0.0,,0,vigilancia
33.5,06/08/2026 14:00,60.35,0.0,0,alt,0,40.8,moderat,baix,0.0,100.0,78.6,0.0,7.6,656.0,300.0,7.65,0.118,0.56,6.3,6.3,28.63,27.89,0.0,0.0,0,0,0,0.0,,0,vigilancia
32.599999999999994,06/08/2026 14:30,61.95,0.0,0,alt,0,38.7,moderat,baix,0.0,100.0,78.6,0.0,7.6,656.0,300.0,7.65,0.118,0.56,6.3,6.3,28.58,27.89,0.0,0.0,0,0,0,0.0,,0,vigilancia
33.349999999999994,06/08/2026 15:00,58.9,0.0,0,alt,0,36.7,moderat,baix,0.0,100.0,78.6,0.0,7.6,778.0,507.0,6.6,0.117,0.63,5.8,6.3,28.54,27.9,0.0,0.0,0,0,0,0.0,,0,vigilancia
34.099999999999994,06/08/2026 15:30,55.75,0.0,0,alt,0,34.8,moderat,baix,0.0,100.0,78.6,0.0,7.6,778.0,507.0,6.6,0.117,0.63,2.5,6.3,28.52,27.91,0.0,0.0,0,0,0,0.0,,0,inactiu
34.7,06/08/2026 16:00,54.5,0.0,0,alt,0,33.0,moderat,baix,0.0,100.0,78.6,0.0,7.6,784.0,610.0,6.6,0.117,0.64,2.5,6.3,28.52,27.92,0.0,0.0,0,0,0,0.0,,0,inactiu
34.55,06/08/2026 16:30,54.75,0.0,0,alt,0,31.4,moderat,baix,0.0,100.0,78.6,0.0,7.6,784.0,610.0,6.6,0.117,0.64,2.5,6.3,28.53,27.93,0.0,0.0,0,0,0,0.0,,0,inactiu
33.15,06/08/2026 17:00,59.35,0.0,0,alt,0,29.7,moderat,baix,0.0,100.0,78.6,0.0,7.6,656.0,447.0,5.65,0.117,0.54,1.5,6.3,28.5,27.94,0.0,0.0,0,0,0,0.0,,0,inactiu
34.45,06/08/2026 17:30,55.0,0.0,0,alt,0,28.2,moderat,baix,0.0,100.0,78.6,0.0,7.6,656.0,447.0,5.65,0.117,0.54,0.0,6.3,28.51,27.95,0.0,0.0,0,0,0,0.0,,0,inactiu
34.3,06/08/2026 18:00,53.0,0.0,0,alt,0,26.8,moderat,baix,0.0,100.0,78.6,0.0,7.6,505.0,329.0,4.05,0.116,0.44,0.0,6.3,28.53,27.96,0.0,0.0,0,0,0,0.0,,0,inactiu
33.95,06/08/2026 18:30,52.45,0.0,0,alt,0,25.4,moderat,baix,0.0,100.0,78.6,0.0,7.6,505.0,329.0,4.05,0.116,0.44,0.0,6.3,28.55,27.97,0.0,0.0,0,0,0,0.0,,0,inactiu
33.55,06/08/2026 19:00,52.15,0.0,0,alt,0,24.1,moderat,baix,0.0,100.0,78.6,0.0,7.6,319.0,180.0,2.4,0.116,0.3,0.0,6.3,28.56,27.98,0.0,0.0,0,0,0,0.0,,0,inactiu
32.6,06/08/2026 19:30,55.5,0.0,0,alt,0,22.9,moderat,baix,0.0,100.0,78.6,0.0,7.6,319.0,180.0,2.4,0.116,0.3,0.0,6.3,28.56,27.98,0.0,0.0,0,0,0,0.0,,0,inactiu
31.8,06/08/2026 20:00,60.25,0.0,0,alt,0,21.7,moderat,baix,0.0,100.0,78.6,0.0,7.6,160.0,81.0,1.0,0.131,0.16,0.0,6.3,28.56,27.99,0.0,0.0,0,0,0,0.0,,0,inactiu
30.8,06/08/2026 20:30,64.6,0.0,0,alt,0,20.6,moderat,baix,0.0,100.0,78.6,0.0,7.6,160.0,81.0,1.0,0.131,0.16,0.0,6.3,28.55,28.0,0.0,0.0,0,0,0,0.0,,0,inactiu
30.15,06/08/2026 21:00,66.75,0.0,0,alt,0,19.5,baix,baix,0.0,100.0,78.6,0.0,7.6,33.0,10.0,0.15,0.13,0.05,0.0,6.3,28.54,28.0,0.0,0.0,0,0,0,0.0,,0,inactiu
29.7,06/08/2026 21:30,67.30000000000001,0.0,0,alt,0,18.5,baix,baix,0.0,100.0,78.6,0.0,7.6,33.0,10.0,0.15,0.13,0.05,0.0,6.3,28.55,28.01,0.0,0.0,0,0,0,0.0,,0,inactiu
29.450000000000003,06/08/2026 22:00,69.95,0.0,0,alt,0,17.6,baix,baix,0.0,100.0,78.6,0.0,7.6,0.0,0.0,0.0,0.131,0.01,0.0,6.3,28.57,28.02,0.0,0.0,0,0,0,0.0,,0,inactiu
28.75,06/08/2026 22:30,73.75,0.0,0,alt,0,16.7,baix,baix,0.5,100.0,78.6,0.0,7.6,0.0,0.0,0.0,0.131,0.01,0.0,6.3,28.6,28.03,0.0,0.0,0,0,0,0.0,,0,inactiu
28.25,06/08/2026 23:00,76.05,0.0,0,alt,0,15.8,baix,baix,1.0,100.0,78.6,0.0,7.6,0.0,0.0,0.0,0.13,0.0,0.0,6.3,28.64,28.03,0.0,0.0,0,0,0,0.0,,0,inactiu
28.200000000000003,06/08/2026 23:30,76.80000000000001,0.0,0,alt,0,15.0,baix,baix,1.5,100.0,78.6,0.0,7.6,0.0,0.0,0.0,0.13,0.0,0.0,6.3,28.71,28.04,0.0,0.0,0,0,0,0.0,,0,inactiu
27.75,07/08/2026 00:00,78.55000000000001,0.0,0,alt,0,14.2,baix,baix,2.0,100.0,85.7,0.0,7.6,0.0,0.0,0.0,0.13,0.0,0.0,6.3,28.77,28.05,0.0,0.0,0,0,0,0.0,,0,inactiu
26.75,07/08/2026 00:30,80.75,0.0,0,alt,0,13.5,baix,baix,2.5,100.0,85.7,0.0,7.6,0.0,0.0,0.0,0.13,0.0,0.0,6.3,28.82,28.06,0.0,0.0,0,0,0,0.0,,0,inactiu
25.85,07/08/2026 01:00,82.5,0.0,0,alt,0,12.8,baix,baix,3.0,100.0,85.7,0.0,7.6,0.0,0.0,0.0,0.13,0.0,0.0,6.3,28.86,28.07,0.0,0.0,0,0,0,0.0,,0,inactiu
25.2,07/08/2026 01:30,84.45,0.0,0,alt,0,12.1,baix,baix,3.5,100.0,85.7,0.0,7.6,0.0,0.0,0.0,0.13,0.0,0.0,6.3,28.9,28.08,0.0,0.0,0,0,0,0.0,,0,inactiu
24.95,07/08/2026 02:00,85.1,0.0,0,alt,0,11.5,baix,baix,4.0,100.0,85.7,0.0,7.6,0.0,0.0,0.0,0.123,0.0,0.0,6.3,28.95,28.09,0.0,0.0,0,0,0,0.0,,0,inactiu
24.4,07/08/2026 02:30,84.94999999999999,0.0,0,alt,0,10.9,baix,baix,4.5,100.0,85.7,0.0,7.6,0.0,0.0,0.0,0.123,0.0,0.0,6.3,28.98,28.1,0.0,0.0,0,0,0,0.0,,0,inactiu
23.9,07/08/2026 03:00,85.9,0.0,0,alt,0,10.4,baix,baix,5.0,100.0,85.7,0.0,7.6,0.0,0.0,0.0,0.123,0.0,0.0,6.3,29.02,28.11,0.0,0.0,0,0,0,0.0,,0,inactiu
23.8,07/08/2026 03:30,86.85,0.0,0,alt,0,9.8,baix,baix,5.5,100.0,85.7,0.0,7.6,0.0,0.0,0.0,0.123,0.0,0.0,6.3,29.06,28.12,0.0,0.0,0,0,0,0.0,,0,inactiu
24.0,07/08/2026 04:00,87.65,0.0,0,alt,0,9.3,baix,baix,6.0,100.0,85.7,0.0,7.6,0.0,0.0,0.0,0.123,0.0,0.0,6.3,29.1,28.13,0.0,0.0,0,0,0,0.0,,0,inactiu
23.7,07/08/2026 04:30,87.85,0.0,0,alt,0,8.9,baix,baix,6.5,100.0,85.7,0.0,7.6,0.0,0.0,0.0,0.123,0.0,0.0,6.3,29.14,28.15,0.0,0.0,0,0,0,0.0,,0,inactiu
22.8,07/08/2026 05:00,88.1,0.0,0,alt,0,8.4,baix,baix,7.0,100.0,85.7,0.0,7.6,0.0,0.0,0.0,0.123,0.0,0.0,6.3,29.16,28.16,0.0,0.0,0,0,0,0.0,,0,inactiu
23.200000000000003,07/08/2026 05:30,89.6,0.0,0,alt,0,8.0,baix,baix,7.5,100.0,85.7,0.0,7.6,0.0,0.0,0.0,0.123,0.0,0.0,6.3,29.2,28.17,0.0,0.0,0,0,0,0.0,,0,inactiu
21.55,07/08/2026 06:00,90.9,0.0,0,alt,1,0.0,baix,baix,8.0,100.0,85.7,0.0,7.6,0.0,0.0,0.0,0.123,0.0,0.0,6.3,29.22,28.18,0.5,10.8,0,0,0,0.0,,0,inactiu
20.9,07/08/2026 06:30,91.25,0.0,0,alt,1,0.0,baix,baix,0.0,100.0,85.7,0.0,7.6,0.0,0.0,0.0,0.123,0.0,0.0,6.3,29.22,28.18,1.0,21.2,0,0,0,0.0,,0,inactiu
20.85,07/08/2026 07:00,91.6,0.0,0,alt,1,0.0,baix,baix,0.0,100.0,85.7,0.0,7.6,0.0,0.0,0.0,0.123,0.01,0.0,6.3,29.22,28.19,1.5,31.6,0,0,0,0.0,,0,inactiu
21.2,07/08/2026 07:30,90.9,0.0,0,alt,1,1.7,baix,baix,0.5,100.0,85.7,0.0,7.6,0.0,0.0,0.0,0.123,0.01,0.0,6.3,29.19,28.19,2.0,42.2,0,0,0,0.0,,0,inactiu
25.65,07/08/2026 08:00,83.55,0.0,0,alt,1,3.9,baix,baix,1.0,100.0,85.7,0.0,7.6,61.0,27.0,0.3,0.12,0.03,0.0,6.3,29.22,28.2,2.5,0.0,0,0,0,0.0,,0,inactiu
27.7,07/08/2026 08:30,78.55000000000001,0.0,0,alt,1,9.1,baix,baix,1.5,100.0,85.7,0.0,7.6,61.0,27.0,0.3,0.12,0.03,0.0,6.3,29.24,28.21,3.0,0.0,0,0,0,0.0,,0,inactiu
29.55,07/08/2026 09:00,72.4,0.0,0,alt,0,8.6,baix,baix,0.0,100.0,85.7,0.0,7.6,228.0,157.0,1.3,0.12,0.15,0.0,6.3,29.28,28.21,0.0,0.0,0,0,0,0.0,,0,inactiu
30.6,07/08/2026 09:30,66.9,0.0,0,alt,0,8.2,baix,baix,0.0,100.0,85.7,0.0,7.6,228.0,157.0,1.3,0.12,0.15,0.0,6.3,29.28,28.22,0.0,0.0,0,0,0,0.0,,0,inactiu
31.85,07/08/2026 10:00,59.7,0.0,0,alt,0,7.7,baix,baix,0.0,100.0,85.7,0.0,7.6,418.0,327.0,2.8,0.119,0.3,0.0,6.3,29.28,28.22,0.0,0.0,0,0,0,0.0,,0,inactiu
32.55,07/08/2026 10:30,56.5,0.0,0,alt,0,7.3,baix,baix,0.0,100.0,85.7,0.0,7.6,418.0,327.0,2.8,0.119,0.3,0.0,6.3,29.26,28.23,0.0,0.0,0,0,0,0.0,,0,inactiu
32.0,07/08/2026 11:00,61.05,0.0,0,alt,0,7.0,baix,baix,0.0,100.0,85.7,0.0,7.6,596.0,489.0,4.45,0.118,0.44,0.0,6.3,29.22,28.23,0.0,0.0,0,0,0,0.0,,0,inactiu
32.5,07/08/2026 11:30,62.25,0.0,0,alt,0,6.6,baix,baix,0.0,100.0,85.7,0.0,7.6,596.0,489.0,4.45,0.118,0.44,0.0,6.3,29.2,28.23,0.0,0.0,0,0,0,0.0,,0,inactiu
33.7,07/08/2026 12:00,55.85,0.0,0,alt,0,6.3,baix,baix,0.0,100.0,85.7,0.0,7.6,742.0,613.0,5.95,0.118,0.56,0.0,6.3,29.2,28.24,0.0,0.0,0,0,0,0.0,,0,inactiu
34.1,07/08/2026 12:30,54.0,0.0,0,alt,0,6.0,baix,baix,0.0,100.0,85.7,0.0,7.6,742.0,613.0,5.95,0.118,0.56,0.0,6.3,29.2,28.24,0.0,0.0,0,0,0,0.0,,0,inactiu
33.849999999999994,07/08/2026 13:00,54.85,0.0,0,alt,0,5.6,baix,baix,0.0,100.0,85.7,0.0,7.6,826.0,643.0,7.1,0.117,0.65,0.0,6.3,29.18,28.24,0.0,0.0,0,0,0,0.0,,0,inactiu
34.0,07/08/2026 13:30,52.15,0.0,0,alt,0,5.4,baix,baix,0.0,100.0,85.7,0.0,7.6,826.0,643.0,7.1,0.117,0.65,0.0,6.3,29.18,28.25,0.0,0.0,0,0,0,0.0,,0,inactiu
34.0,07/08/2026 14:00,50.95,0.0,0,alt,0,5.1,baix,baix,0.0,100.0,85.7,0.0,7.6,825.0,575.0,7.65,0.119,0.69,0.0,6.3,29.19,28.26,0.0,0.0,0,0,0,0.0,,0,inactiu
33.5,07/08/2026 14:30,53.55,0.0,0,alt,0,4.8,baix,baix,0.0,100.0,85.7,0.0,7.6,825.0,575.0,7.65,0.119,0.69,0.0,6.3,29.21,28.26,0.0,0.0,0,0,0,0.0,,0,inactiu
33.65,07/08/2026 15:00,54.35,0.0,0,alt,0,4.6,baix,baix,0.0,100.0,85.7,0.0,7.6,849.0,643.0,7.55,0.118,0.72,0.0,6.3,29.22,28.26,0.0,0.0,0,0,0,0.0,,0,inactiu
33.4,07/08/2026 15:30,57.25,0.0,0,alt,0,4.3,baix,baix,0.0,100.0,85.7,0.0,7.6,849.0,643.0,7.55,0.118,0.72,0.0,6.3,29.2,28.26,0.0,0.0,0,0,0,0.0,,0,inactiu
33.75,07/08/2026 16:00,59.2,0.0,0,alt,0,4.1,baix,baix,0.0,100.0,85.7,0.0,7.6,816.0,661.0,6.85,0.117,0.71,0.0,6.3,29.18,28.26,0.0,0.0,0,0,0,0.0,,0,inactiu
33.7,07/08/2026 16:30,60.45,0.0,0,alt,0,3.9,baix,baix,0.0,100.0,85.7,0.0,7.6,816.0,661.0,6.85,0.117,0.71,0.0,6.3,29.17,28.26,0.0,0.0,0,0,0,0.0,,0,inactiu
33.85,07/08/2026 17:00,60.15,0.0,0,alt,0,3.7,baix,baix,0.0,100.0,85.7,0.0,7.6,707.0,571.0,5.65,0.116,0.61,0.0,6.3,29.18,28.27,0.0,0.0,0,0,0,0.0,,0,inactiu
34.75,07/08/2026 17:30,55.0,0.0,0,alt,0,3.5,baix,baix,0.0,100.0,85.7,0.0,7.6,707.0,571.0,5.65,0.116,0.61,0.0,6.3,29.19,28.27,0.0,0.0,0,0,0,0.0,,0,inactiu
34.55,07/08/2026 18:00,53.0,0.0,0,alt,0,3.3,baix,baix,0.0,100.0,85.7,0.0,7.6,564.0,464.0,4.05,0.115,0.5,0.0,6.3,29.19,28.28,0.0,0.0,0,0,0,0.0,,0,inactiu
34.4,07/08/2026 18:30,45.9,0.0,0,alt,0,3.2,baix,baix,0.0,100.0,85.7,0.0,7.6,564.0,464.0,4.05,0.115,0.5,0.0,6.3,29.2,28.29,0.0,0.0,0,0,0,0.0,,0,inactiu
33.85,07/08/2026 19:00,44.45,0.0,0,alt,0,3.0,baix,baix,0.0,100.0,85.7,0.0,7.6,378.0,294.0,2.4,0.115,0.35,0.0,6.3,29.21,28.29,0.0,0.0,0,0,0,0.0,,0,inactiu
33.1,07/08/2026 19:30,46.35,0.0,0,alt,0,2.8,baix,baix,0.0,100.0,85.7,0.0,7.6,378.0,294.0,2.4,0.115,0.35,0.0,6.3,29.22,28.3,0.0,0.0,0,0,0,0.0,,0,inactiu
32.15,07/08/2026 20:00,49.95,0.0,0,alt,0,2.7,baix,baix,0.0,100.0,85.7,0.0,7.6,187.0,125.0,1.0,0.119,0.19,0.0,6.3,29.22,28.3,0.0,0.0,0,0,0,0.0,,0,inactiu
31.05,07/08/2026 20:30,56.45,0.0,0,alt,0,2.6,baix,baix,0.0,100.0,85.7,0.0,7.6,187.0,125.0,1.0,0.119,0.19,0.0,6.3,29.23,28.3,0.0,0.0,0,0,0,0.0,,0,inactiu
29.75,07/08/2026 21:00,61.45,0.0,0,alt,0,2.4,baix,baix,0.0,100.0,85.7,0.0,7.6,35.0,14.0,0.15,0.119,0.06,0.0,6.3,29.22,28.3,0.0,0.0,0,0,0,0.0,,0,inactiu
28.950000000000003,07/08/2026 21:30,65.2,0.0,0,alt,0,2.3,baix,baix,0.5,100.0,85.7,0.0,7.6,35.0,14.0,0.15,0.119,0.06,0.0,6.3,29.21,28.31,0.0,0.0,0,0,0,0.0,,0,inactiu
28.15,07/08/2026 22:00,69.05000000000001,0.0,0,alt,0,2.2,baix,baix,1.0,100.0,85.7,0.0,7.6,0.0,0.0,0.0,0.119,0.0,0.0,6.3,29.18,28.31,0.0,0.0,0,0,0,0.0,,0,inactiu
26.95,07/08/2026 22:30,72.05,0.0,0,alt,0,2.1,baix,baix,1.5,100.0,85.7,0.0,7.6,0.0,0.0,0.0,0.119,0.0,0.0,6.3,29.14,28.31,0.0,0.0,0,0,0,0.0,,0,inactiu
25.7,07/08/2026 23:00,73.6,0.0,0,alt,0,2.0,baix,baix,2.0,100.0,85.7,0.0,7.6,0.0,0.0,0.0,0.119,0.0,0.0,6.3,29.09,28.32,0.0,0.0,0,0,0,0.0,,0,inactiu
25.25,07/08/2026 23:30,76.9,0.0,0,alt,0,1.9,baix,baix,2.5,100.0,85.7,0.0,7.6,0.0,0.0,0.0,0.119,0.0,0.0,6.3,29.03,28.32,0.0,0.0,0,0,0,0.0,,0,inactiu
25.0,08/08/2026 00:00,76.45,0.0,0,alt,0,1.8,baix,baix,3.0,100.0,91.4,390.0,7.6,0.0,0.0,0.0,0.119,0.0,0.0,6.3,28.97,28.33,0.0,0.0,0,0,0,0.0,,0,inactiu
24.15,08/08/2026 00:30,79.95,0.0,0,alt,0,1.7,baix,baix,3.5,100.0,91.4,390.0,7.6,0.0,0.0,0.0,0.119,0.0,0.0,6.3,28.92,28.34,0.0,0.0,0,0,0,0.0,,0,inactiu
25.450000000000003,08/08/2026 01:00,81.8,0.0,0,alt,0,1.6,baix,baix,4.0,100.0,91.4,390.0,7.6,0.0,0.0,0.0,0.119,0.0,0.0,6.3,28.91,28.35,0.0,0.0,0,0,0,0.0,,0,inactiu
24.55,08/08/2026 01:30,82.65,0.0,0,alt,0,1.5,baix,baix,4.5,100.0,91.4,390.0,7.6,0.0,0.0,0.0,0.119,0.0,0.0,6.3,28.89,28.36,0.0,0.0,0,0,0,0.0,,0,inactiu
23.65,08/08/2026 02:00,85.05,0.0,0,alt,0,1.4,baix,baix,5.0,100.0,91.4,390.0,7.6,0.0,0.0,0.0,0.125,0.0,0.0,6.3,28.87,28.36,0.0,0.0,0,0,0,0.0,,0,inactiu
23.5,08/08/2026 02:30,85.30000000000001,0.0,0,alt,0,1.4,baix,baix,5.5,100.0,91.4,390.0,7.6,0.0,0.0,0.0,0.125,0.0,0.0,6.3,28.85,28.37,0.0,0.0,0,0,0,0.0,,0,inactiu
23.1,08/08/2026 03:00,87.25,0.0,0,alt,0,1.3,baix,baix,6.0,100.0,91.4,390.0,7.6,0.0,0.0,0.0,0.125,0.0,0.0,6.3,28.83,28.38,0.0,0.0,0,0,0,0.0,,0,inactiu
23.700000000000003,08/08/2026 03:30,88.05,0.0,0,alt,0,1.2,baix,baix,6.5,100.0,91.4,390.0,7.6,0.0,0.0,0.0,0.125,0.0,0.0,6.3,28.83,28.39,0.0,0.0,0,0,0,0.0,,0,inactiu
23.0,08/08/2026 04:00,88.1,0.0,0,alt,0,1.2,baix,baix,7.0,100.0,91.4,390.0,7.6,0.0,0.0,0.0,0.125,0.0,0.0,6.3,28.81,28.4,0.0,0.0,0,0,0,0.0,,0,inactiu
22.2,08/08/2026 04:30,88.45,0.0,0,alt,0,1.1,baix,baix,7.5,100.0,91.4,390.0,7.6,0.0,0.0,0.0,0.125,0.0,0.0,6.3,28.78,28.4,0.0,0.0,0,0,0,0.0,,0,inactiu
21.85,08/08/2026 05:00,89.15,0.0,0,alt,0,1.0,baix,baix,8.0,100.0,91.4,390.0,7.6,0.0,0.0,0.0,0.125,0.0,0.0,6.3,28.76,28.41,0.0,0.0,0,0,0,0.0,,0,inactiu
21.65,08/08/2026 05:30,90.1,0.0,0,alt,1,1.0,baix,baix,0.0,100.0,91.4,390.0,7.6,0.0,0.0,0.0,0.125,0.0,0.0,6.3,28.72,28.42,0.0,0.0,0,0,0,0.0,,0,inactiu
25.05,08/08/2026 08:00,85.25,0.0,0,alt,1,0.0,baix,baix,0.5,100.0,91.4,390.0,7.6,60.0,26.0,0.3,0.126,0.03,0.0,6.3,29.4,28.51,0.5,0.0,0,0,0,0.0,,0,inactiu
28.1,08/08/2026 08:30,76.75,0.0,0,alt,1,0.0,baix,baix,1.0,100.0,91.4,390.0,7.6,60.0,26.0,0.3,0.126,0.03,0.0,6.3,29.41,28.52,1.0,0.0,0,0,0,0.0,,0,inactiu
29.65,08/08/2026 09:00,73.1,0.0,0,alt,0,0.0,baix,baix,0.0,100.0,91.4,390.0,7.6,226.0,154.0,1.3,0.126,0.15,0.0,6.3,29.41,28.53,0.0,0.0,0,0,0,0.0,,0,inactiu
30.25,08/08/2026 09:30,70.80000000000001,0.0,0,alt,0,0.0,baix,baix,0.0,100.0,91.4,390.0,7.6,226.0,154.0,1.3,0.126,0.15,0.0,6.3,29.41,28.53,0.0,0.0,0,0,0,0.0,,0,inactiu
31.4,08/08/2026 10:00,59.0,0.0,0,alt,0,0.0,baix,baix,0.0,100.0,91.4,390.0,7.6,418.0,325.0,2.75,0.125,0.3,0.0,6.3,29.4,28.53,0.0,0.0,0,0,0,0.0,,0,inactiu
32.75,08/08/2026 10:30,54.400000000000006,0.0,0,alt,0,0.0,baix,baix,0.0,100.0,91.4,390.0,7.6,418.0,325.0,2.75,0.125,0.3,0.0,6.3,29.4,28.54,0.0,0.0,0,0,0,0.0,,0,inactiu
33.7,08/08/2026 11:00,47.3,0.0,0,alt,0,0.0,baix,baix,0.0,100.0,91.4,390.0,7.6,599.0,491.0,4.45,0.125,0.45,0.0,6.3,29.44,28.54,0.0,0.0,0,0,0,0.0,,0,inactiu
34.7,08/08/2026 11:30,46.45,0.0,0,alt,0,0.0,baix,baix,0.0,100.0,91.4,390.0,7.6,599.0,491.0,4.45,0.125,0.45,0.0,6.3,29.49,28.55,0.0,0.0,0,0,0,0.0,,0,inactiu
35.65,08/08/2026 12:00,43.25,0.0,0,alt,0,0.0,baix,baix,0.0,100.0,91.4,390.0,7.6,750.0,638.0,5.95,0.123,0.59,0.0,6.3,29.53,28.55,0.0,0.0,0,0,0,0.0,,0,inactiu
36.55,08/08/2026 12:30,40.55,0.0,0,alt,0,0.0,baix,baix,0.0,100.0,91.4,390.0,7.6,750.0,638.0,5.95,0.123,0.59,0.0,6.3,29.59,28.56,0.0,0.0,0,0,0,0.0,,0,inactiu
37.1,08/08/2026 13:00,37.4,0.0,0,alt,0,0.0,baix,baix,0.0,100.0,91.4,390.0,7.6,854.0,739.0,7.1,0.122,0.69,0.0,6.3,29.66,28.57,0.0,0.0,0,0,0,0.0,,0,inactiu
37.65,08/08/2026 13:30,40.6,0.0,0,alt,0,0.0,baix,baix,0.0,100.0,91.4,390.0,7.6,854.0,739.0,7.1,0.122,0.69,0.0,6.3,29.75,28.58,0.0,0.0,0,0,0,0.0,,0,inactiu
37.55,08/08/2026 14:00,40.400000000000006,0.0,0,alt,0,0.0,baix,baix,0.0,100.0,91.4,390.0,7.6,903.0,786.0,7.65,0.139,0.75,0.0,6.3,29.83,28.59,0.0,0.0,0,0,0,0.0,,0,inactiu
37.650000000000006,08/08/2026 14:30,38.15,0.0,0,alt,0,0.0,baix,baix,0.0,100.0,91.4,390.0,7.6,903.0,786.0,7.65,0.139,0.75,0.0,6.3,29.92,28.6,0.0,0.0,0,0,0,0.0,,0,inactiu
37.5,08/08/2026 15:00,37.3,0.0,0,alt,0,0.0,baix,baix,0.0,100.0,91.4,390.0,7.6,896.0,783.0,7.6,0.136,0.75,0.0,6.3,30.01,28.6,0.0,0.0,0,0,0,0.0,,0,inactiu
37.55,08/08/2026 15:30,37.2,0.0,0,alt,0,0.0,baix,baix,0.0,100.0,91.4,390.0,7.6,896.0,783.0,7.6,0.136,0.75,0.0,6.3,30.1,28.61,0.0,0.0,0,0,0,0.0,,0,inactiu
37.7,08/08/2026 16:00,34.55,0.0,0,alt,0,0.0,baix,baix,0.0,100.0,91.4,390.0,7.6,834.0,725.0,6.85,0.134,0.7,0.0,6.3,30.19,28.62,0.0,0.0,0,0,0,0.0,,0,inactiu
37.7,08/08/2026 16:30,33.35,0.0,0,alt,0,0.0,baix,baix,0.0,100.0,91.4,390.0,7.6,834.0,725.0,6.85,0.134,0.7,0.0,6.3,30.28,28.63,0.0,0.0,0,0,0,0.0,,0,inactiu
37.4,08/08/2026 17:00,34.85,0.0,0,alt,0,0.0,baix,baix,0.0,100.0,91.4,390.0,7.6,719.0,614.0,5.65,0.132,0.61,0.0,6.3,30.36,28.64,0.0,0.0,0,0,0,0.0,,0,inactiu
37.3,08/08/2026 17:30,34.25,0.0,0,alt,0,0.0,baix,baix,0.0,100.0,91.4,390.0,7.6,719.0,614.0,5.65,0.132,0.61,0.0,6.3,30.42,28.65,0.0,0.0,0,0,0,0.0,,0,inactiu
35.95,08/08/2026 18:00,39.1,0.0,0,alt,0,0.0,baix,baix,0.0,100.0,91.4,390.0,7.6,561.0,464.0,4.05,0.13,0.49,0.0,6.3,30.45,28.65,0.0,0.0,0,0,0,0.0,,0,inactiu
34.599999999999994,08/08/2026 18:30,46.05,0.0,0,alt,0,0.0,baix,baix,0.0,100.0,91.4,390.0,7.6,561.0,464.0,4.05,0.13,0.49,0.0,6.3,30.46,28.66,0.0,0.0,0,0,0,0.0,,0,inactiu
34.2,08/08/2026 19:00,47.75,0.0,0,alt,0,0.0,baix,baix,0.0,100.0,91.4,390.0,7.6,375.0,291.0,2.4,0.129,0.34,0.0,6.3,30.47,28.67,0.0,0.0,0,0,0,0.0,,0,inactiu
33.55,08/08/2026 19:30,47.2,0.0,0,alt,0,0.0,baix,baix,0.0,100.0,91.4,390.0,7.6,375.0,291.0,2.4,0.129,0.34,0.0,6.3,30.48,28.67,0.0,0.0,0,0,0,0.0,,0,inactiu
32.95,08/08/2026 20:00,48.2,0.0,0,alt,0,0.0,baix,baix,0.0,100.0,91.4,390.0,7.6,183.0,121.0,1.0,0.136,0.19,0.0,6.3,30.49,28.68,0.0,0.0,0,0,0,0.0,,0,inactiu
31.7,08/08/2026 20:30,53.55,0.0,0,alt,0,0.0,baix,baix,0.0,100.0,91.4,390.0,7.6,183.0,121.0,1.0,0.136,0.19,0.0,6.3,30.51,28.68,0.0,0.0,0,0,0,0.0,,0,inactiu
30.25,08/08/2026 21:00,60.400000000000006,0.0,0,alt,0,0.0,baix,baix,0.0,100.0,91.4,390.0,7.6,33.0,13.0,0.15,0.135,0.05,0.0,6.3,30.52,28.69,0.0,0.0,0,0,0,0.0,,0,inactiu
29.25,08/08/2026 21:30,66.65,0.0,0,alt,0,0.0,baix,baix,0.5,100.0,91.4,390.0,7.6,33.0,13.0,0.15,0.135,0.05,0.0,6.3,30.53,28.69,0.0,0.0,0,0,0,0.0,,0,inactiu
28.6,08/08/2026 22:00,71.45,0.0,0,alt,0,0.0,baix,baix,1.0,100.0,91.4,390.0,7.6,0.0,0.0,0.0,0.135,0.0,0.0,6.3,30.54,28.7,0.0,0.0,0,0,0,0.0,,0,inactiu
27.9,08/08/2026 22:30,73.55,0.0,0,alt,0,0.0,baix,baix,1.5,100.0,91.4,390.0,7.6,0.0,0.0,0.0,0.135,0.0,0.0,6.3,30.56,28.71,0.0,0.0,0,0,0,0.0,,0,inactiu
27.25,08/08/2026 23:00,76.75,0.0,0,alt,0,0.0,baix,baix,2.0,100.0,91.4,390.0,7.6,0.0,0.0,0.0,0.135,0.0,0.0,6.3,30.59,28.71,0.0,0.0,0,0,0,0.0,,0,inactiu
26.85,08/08/2026 23:30,77.45,0.0,0,alt,0,0.0,baix,baix,2.5,100.0,91.4,390.0,7.6,0.0,0.0,0.0,0.135,0.0,0.0,6.3,30.63,28.72,0.0,0.0,0,0,0,0.0,,0,inactiu
25.3,09/08/2026 00:00,79.2,0.0,0,alt,0,0.0,baix,baix,3.0,100.0,95.7,180.0,7.6,0.0,0.0,0.0,0.135,0.0,0.0,6.3,30.64,28.73,0.0,0.0,0,0,0,0.0,,0,inactiu
24.65,09/08/2026 00:30,81.30000000000001,0.0,0,alt,0,0.0,baix,baix,3.5,100.0,95.7,180.0,7.6,0.0,0.0,0.0,0.135,0.0,0.0,6.3,30.65,28.73,0.0,0.0,0,0,0,0.0,,0,inactiu
24.85,09/08/2026 01:00,83.65,0.0,0,alt,0,0.0,baix,baix,4.0,100.0,95.7,180.0,7.6,0.0,0.0,0.0,0.135,0.0,0.0,6.3,30.64,28.74,0.0,0.0,0,0,0,0.0,,0,inactiu
24.55,09/08/2026 01:30,84.65,0.0,0,alt,0,0.0,baix,baix,4.5,100.0,95.7,180.0,7.6,0.0,0.0,0.0,0.135,0.0,0.0,6.3,30.64,28.75,0.0,0.0,0,0,0,0.0,,0,inactiu
24.35,09/08/2026 02:00,86.5,0.0,0,alt,0,0.0,baix,baix,5.0,100.0,95.7,180.0,7.6,0.0,0.0,0.0,0.126,0.0,0.0,6.3,30.65,28.76,0.0,0.0,0,0,0,0.0,,0,inactiu
23.75,09/08/2026 02:30,87.44999999999999,0.0,0,alt,0,0.0,baix,baix,5.5,100.0,95.7,180.0,7.6,0.0,0.0,0.0,0.126,0.0,0.0,6.3,30.66,28.77,0.0,0.0,0,0,0,0.0,,0,inactiu
22.9,09/08/2026 03:00,87.8,0.0,0,alt,0,0.0,baix,baix,6.0,100.0,95.7,180.0,7.6,0.0,0.0,0.0,0.125,0.0,0.0,6.3,30.65,28.78,0.0,0.0,0,0,0,0.0,,0,inactiu
22.6,09/08/2026 03:30,88.9,0.0,0,alt,0,0.0,baix,baix,6.5,100.0,95.7,180.0,7.6,0.0,0.0,0.0,0.125,0.0,0.0,6.3,30.63,28.79,0.0,0.0,0,0,0,0.0,,0,inactiu
23.2,09/08/2026 04:00,90.5,0.0,0,alt,1,0.0,baix,baix,7.0,100.0,95.7,180.0,7.6,0.0,0.0,0.0,0.125,0.0,0.0,6.3,30.63,28.8,0.5,11.6,0,0,0,0.0,,0,inactiu
23.1,09/08/2026 04:30,92.05,0.0,0,alt,1,0.0,baix,baix,7.5,100.0,95.7,180.0,7.6,0.0,0.0,0.0,0.125,0.0,0.0,6.3,30.65,28.81,1.0,23.2,0,0,0,0.0,,0,inactiu
22.45,09/08/2026 05:00,92.25,0.0,0,alt,1,0.0,baix,baix,8.0,100.0,95.7,180.0,7.6,0.0,0.0,0.0,0.125,0.0,0.0,6.3,30.67,28.82,1.5,34.4,0,0,0,0.0,,0,inactiu
21.8,09/08/2026 05:30,92.55,0.0,0,alt,1,2.7,baix,baix,8.5,100.0,95.7,180.0,7.6,0.0,0.0,0.0,0.125,0.0,0.0,6.3,30.67,28.83,2.0,45.3,0,0,0,0.0,,0,inactiu
21.6,09/08/2026 06:00,93.2,0.0,0,alt,1,4.4,baix,baix,9.0,100.0,95.7,180.0,7.6,0.0,0.0,0.0,0.126,0.0,0.0,6.3,30.47,28.84,2.5,56.1,0,0,0,0.0,,0,inactiu
21.25,09/08/2026 06:30,93.75,0.0,0,alt,1,7.3,baix,baix,9.5,100.0,95.7,180.0,7.6,0.0,0.0,0.0,0.126,0.0,0.0,6.3,30.27,28.85,3.0,66.7,0,0,0,0.0,,0,inactiu
21.5,09/08/2026 07:00,94.45,0.0,0,alt,1,12.0,baix,baix,10.0,100.0,95.7,180.0,7.6,0.0,0.0,0.0,0.126,0.01,0.0,6.3,30.08,28.86,3.5,77.4,0,0,0,0.0,,0,inactiu
22.6,09/08/2026 07:30,94.6,0.0,0,alt,1,31.5,moderat,baix,11.0,100.0,95.7,180.0,7.6,0.0,0.0,0.0,0.126,0.01,0.0,6.3,29.92,28.87,4.5,0.0,0,0,0,0.0,,0,inactiu
27.45,09/08/2026 08:30,83.94999999999999,0.0,0,alt,1,49.9,moderat,baix,11.5,100.0,95.7,180.0,7.6,55.0,16.0,0.25,0.131,0.03,0.0,6.3,30.01,28.9,5.0,0.0,0,0,0,0.0,,0,inactiu
29.35,09/08/2026 09:00,80.6,0.0,0,alt,0,47.3,moderat,baix,12.0,100.0,95.7,180.0,7.6,215.0,115.0,1.25,0.131,0.14,0.0,6.3,30.01,28.9,0.0,0.0,0,0,0,0.0,,0,inactiu
30.450000000000003,09/08/2026 09:30,73.5,0.0,0,alt,0,44.9,moderat,baix,0.0,100.0,95.7,180.0,7.6,215.0,115.0,1.25,0.131,0.14,0.0,6.3,30.01,28.91,0.0,0.0,0,0,0,0.0,,0,inactiu
31.4,09/08/2026 10:00,64.55,0.0,0,alt,0,42.6,moderat,baix,0.0,100.0,95.7,180.0,7.6,403.0,256.0,2.75,0.13,0.29,0.0,6.3,30.01,28.91,0.0,0.0,0,0,0,0.0,,0,inactiu
31.950000000000003,09/08/2026 10:30,62.55,0.0,0,alt,0,40.4,moderat,baix,0.0,100.0,95.7,180.0,7.6,403.0,256.0,2.75,0.13,0.29,0.0,6.3,30.0,28.91,0.0,0.0,0,0,0,0.0,,0,inactiu
32.55,09/08/2026 11:00,58.6,0.0,0,alt,0,38.3,moderat,baix,0.0,100.0,95.7,180.0,7.6,594.0,451.0,4.4,0.129,0.45,0.0,6.3,29.97,28.91,0.0,0.0,0,0,0,0.0,,0,inactiu
33.0,09/08/2026 11:30,56.35,0.0,0,alt,0,36.4,moderat,baix,0.0,100.0,95.7,180.0,7.6,594.0,451.0,4.4,0.129,0.45,0.0,6.3,29.94,28.91,0.0,0.0,0,0,0,0.0,,0,inactiu
33.45,09/08/2026 12:00,55.25,0.0,0,alt,0,34.5,moderat,baix,0.0,100.0,95.7,180.0,7.6,753.0,630.0,5.95,0.128,0.58,0.0,6.3,29.89,28.92,0.0,0.0,0,0,0,0.0,,0,inactiu
33.8,09/08/2026 12:30,54.35,0.0,0,alt,0,32.7,moderat,baix,0.0,100.0,95.7,180.0,7.6,753.0,630.0,5.95,0.128,0.58,0.0,6.3,29.83,28.92,0.0,0.0,0,0,0,0.0,,0,inactiu
34.5,09/08/2026 13:00,52.7,0.0,0,alt,0,31.1,moderat,baix,0.0,100.0,95.7,180.0,7.6,860.0,745.0,7.05,0.126,0.69,0.0,6.3,29.77,28.92,0.0,0.0,0,0,0,0.0,,0,inactiu
35.35,09/08/2026 13:30,45.5,0.0,0,alt,0,29.5,moderat,baix,0.0,100.0,95.7,180.0,7.6,860.0,745.0,7.05,0.126,0.69,0.0,6.3,29.73,28.92,0.0,0.0,0,0,0,0.0,,0,inactiu
35.650000000000006,09/08/2026 14:00,41.8,0.0,0,alt,0,28.0,moderat,baix,0.0,100.0,95.7,180.0,7.6,913.0,796.0,7.6,0.137,0.75,0.0,6.3,29.69,28.93,0.0,0.0,0,0,0,0.0,,0,inactiu
35.5,09/08/2026 14:30,42.400000000000006,0.0,0,alt,0,26.5,moderat,baix,0.0,100.0,95.7,180.0,7.6,913.0,796.0,7.6,0.137,0.75,0.0,6.3,29.64,28.93,0.0,0.0,0,0,0,0.0,,0,inactiu
35.400000000000006,09/08/2026 15:00,43.3,0.0,0,alt,0,25.2,moderat,baix,0.0,100.0,95.7,180.0,7.6,905.0,786.0,7.55,0.135,0.75,0.0,6.3,29.59,28.93,0.0,0.0,0,0,0,0.0,,0,inactiu
35.75,09/08/2026 15:30,39.3,0.0,0,alt,0,23.9,moderat,baix,0.0,100.0,95.7,180.0,7.6,905.0,786.0,7.55,0.135,0.75,0.0,6.3,29.56,28.93,0.0,0.0,0,0,0,0.0,,0,inactiu
35.45,09/08/2026 16:00,41.4,0.0,0,alt,0,22.6,moderat,baix,0.0,100.0,95.7,180.0,7.6,841.0,726.0,6.85,0.133,0.71,0.0,6.3,29.51,28.94,0.0,0.0,0,0,0,0.0,,0,inactiu
34.55,09/08/2026 16:30,47.6,0.0,0,alt,0,21.5,moderat,baix,0.0,100.0,95.7,180.0,7.6,841.0,726.0,6.85,0.133,0.71,0.0,6.3,29.44,28.94,0.0,0.0,0,0,0,0.0,,0,inactiu
34.5,09/08/2026 17:00,40.95,0.0,0,alt,0,20.4,moderat,baix,0.0,100.0,95.7,180.0,7.6,724.0,615.0,5.6,0.131,0.62,0.0,6.3,29.38,28.94,0.0,0.0,0,0,0,0.0,,0,inactiu
34.55,09/08/2026 17:30,37.5,0.0,0,alt,0,19.3,baix,baix,0.0,100.0,95.7,180.0,7.6,724.0,615.0,5.6,0.131,0.62,0.0,6.3,29.32,28.94,0.0,0.0,0,0,0,0.0,,0,inactiu
34.0,09/08/2026 18:00,40.1,0.0,0,alt,0,18.3,baix,baix,0.0,100.0,95.7,180.0,7.6,563.0,464.0,4.0,0.13,0.48,0.0,6.3,29.28,28.94,0.0,0.0,0,0,0,0.0,,0,inactiu
33.45,09/08/2026 18:30,44.3,0.0,0,alt,0,17.4,baix,baix,0.0,100.0,95.7,180.0,7.6,563.0,464.0,4.0,0.13,0.48,0.0,6.3,29.26,28.94,0.0,0.0,0,0,0,0.0,,0,inactiu
32.900000000000006,09/08/2026 19:00,48.5,0.0,0,alt,0,16.5,baix,baix,0.0,100.0,95.7,180.0,7.6,375.0,290.0,2.35,0.129,0.35,0.0,6.3,29.23,28.94,0.0,0.0,0,0,0,0.0,,0,inactiu
32.15,09/08/2026 19:30,53.55,0.0,0,alt,0,15.7,baix,baix,0.0,100.0,95.7,180.0,7.6,375.0,290.0,2.35,0.129,0.35,0.0,6.3,29.2,28.94,0.0,0.0,0,0,0,0.0,,0,inactiu
31.4,09/08/2026 20:00,54.85,0.0,0,alt,0,14.9,baix,baix,0.0,100.0,95.7,180.0,7.6,181.0,119.0,0.95,0.13,0.17,0.0,6.3,29.16,28.94,0.0,0.0,0,0,0,0.0,,0,inactiu
30.7,09/08/2026 20:30,55.85,0.0,0,alt,0,14.1,baix,baix,0.0,100.0,95.7,180.0,7.6,181.0,119.0,0.95,0.13,0.17,0.0,6.3,29.14,28.94,0.0,0.0,0,0,0,0.0,,0,inactiu
29.4,09/08/2026 21:00,64.2,0.0,0,alt,0,13.4,baix,baix,0.5,100.0,95.7,180.0,7.6,31.0,12.0,0.15,0.13,0.04,0.0,6.3,29.13,28.94,0.0,0.0,0,0,0,0.0,,0,inactiu
28.5,09/08/2026 21:30,72.25,0.0,0,alt,0,12.7,baix,baix,1.0,100.0,95.7,180.0,7.6,31.0,12.0,0.15,0.13,0.04,0.0,6.3,29.11,28.94,0.0,0.0,0,0,0,0.0,,0,inactiu
28.1,09/08/2026 22:00,74.5,0.0,0,alt,0,12.0,baix,baix,1.5,100.0,95.7,180.0,7.6,0.0,0.0,0.0,0.13,0.0,0.0,6.3,29.1,28.94,0.0,0.0,0,0,0,0.0,,0,inactiu
26.950000000000003,09/08/2026 22:30,77.8,0.0,0,alt,0,11.4,baix,baix,2.0,100.0,95.7,180.0,7.6,0.0,0.0,0.0,0.13,0.0,0.0,6.3,29.08,28.95,0.0,0.0,0,0,0,0.0,,0,inactiu
26.85,09/08/2026 23:00,80.0,0.0,0,alt,0,10.8,baix,baix,2.5,100.0,95.7,180.0,7.6,0.0,0.0,0.0,0.13,0.0,0.0,6.3,29.07,28.95,0.0,0.0,0,0,0,0.0,,0,inactiu
26.15,09/08/2026 23:30,83.6,0.0,0,alt,0,10.3,baix,baix,3.0,100.0,95.7,180.0,7.6,0.0,0.0,0.0,0.13,0.0,0.0,6.3,29.06,28.96,0.0,0.0,0,0,0,0.0,,0,inactiu
25.25,10/08/2026 00:00,83.19999999999999,0.0,0,alt,0,9.7,baix,baix,3.5,100.0,98.6,30.0,7.6,0.0,0.0,0.0,0.13,0.0,0.0,6.3,29.05,28.97,0.0,0.0,0,0,0,0.0,,0,inactiu
24.4,10/08/2026 00:30,83.95,0.0,0,alt,0,9.2,baix,baix,4.0,100.0,98.6,30.0,7.6,0.0,0.0,0.0,0.13,0.0,0.0,6.3,29.05,28.97,0.0,0.0,0,0,0,0.0,,0,inactiu
24.35,10/08/2026 01:00,86.3,0.0,0,alt,0,8.8,baix,baix,4.5,100.0,98.6,30.0,7.6,0.0,0.0,0.0,0.13,0.0,0.0,6.3,29.04,28.98,0.0,0.0,0,0,0,0.0,,0,inactiu
23.8,10/08/2026 01:30,86.75,0.0,0,alt,0,8.3,baix,baix,5.0,100.0,98.6,30.0,7.6,0.0,0.0,0.0,0.13,0.0,0.0,6.3,29.02,28.99,0.0,0.0,0,0,0,0.0,,0,inactiu
22.9,10/08/2026 02:00,86.75,0.0,0,alt,0,7.9,baix,baix,5.5,100.0,98.6,30.0,7.6,0.0,0.0,0.0,0.127,0.0,0.0,6.3,28.99,28.99,0.0,0.0,0,0,0,0.0,,0,inactiu
22.450000000000003,10/08/2026 02:30,88.05,0.0,0,alt,0,7.5,baix,baix,6.0,100.0,98.6,30.0,7.6,0.0,0.0,0.0,0.127,0.0,0.0,6.3,28.96,29.0,0.0,0.0,0,0,0,0.0,,0,inactiu
21.95,10/08/2026 03:00,88.69999999999999,0.0,0,alt,0,7.1,baix,baix,6.5,100.0,98.6,30.0,7.6,0.0,0.0,0.0,0.127,0.0,0.0,6.3,28.94,29.01,0.0,0.0,0,0,0,0.0,,0,inactiu
22.55,10/08/2026 03:30,91.55,0.0,0,alt,1,0.0,baix,baix,7.0,100.0,98.6,30.0,7.6,0.0,0.0,0.0,0.127,0.0,0.0,6.3,28.94,29.01,0.5,11.3,0,0,0,0.0,,0,inactiu
22.35,10/08/2026 04:00,92.3,0.0,0,alt,1,0.0,baix,baix,7.5,100.0,98.6,30.0,7.6,0.0,0.0,0.0,0.127,0.0,0.0,6.3,28.92,29.02,1.0,22.5,0,0,0,0.0,,0,inactiu
21.9,10/08/2026 04:30,92.75,0.0,0,alt,1,0.0,baix,baix,8.0,100.0,98.6,30.0,7.6,0.0,0.0,0.0,0.127,0.0,0.0,6.3,28.9,29.03,1.5,33.4,0,0,0,0.0,,0,inactiu
21.75,10/08/2026 05:00,93.1,0.0,0,alt,1,2.3,baix,baix,8.5,100.0,98.6,30.0,7.6,0.0,0.0,0.0,0.127,0.0,0.0,6.3,28.88,29.03,2.0,44.3,0,0,0,0.0,,0,inactiu
21.3,10/08/2026 05:30,93.05,0.0,0,alt,1,3.9,baix,baix,9.0,100.0,98.6,30.0,7.6,0.0,0.0,0.0,0.127,0.0,0.0,6.3,28.87,29.04,2.5,54.9,0,0,0,0.0,,0,inactiu
21.4,10/08/2026 06:00,93.55,0.0,0,alt,1,6.6,baix,baix,9.5,100.0,98.6,30.0,7.6,0.0,0.0,0.0,0.127,0.0,0.0,6.3,28.87,29.05,3.0,65.6,0,0,0,0.0,,0,inactiu
21.15,10/08/2026 06:30,94.0,0.0,0,alt,1,10.9,baix,baix,10.0,100.0,98.6,30.0,7.6,0.0,0.0,0.0,0.127,0.0,0.0,6.3,28.87,29.05,3.5,76.2,0,0,0,0.0,,0,inactiu
22.0,10/08/2026 07:00,94.95,0.0,0,alt,1,18.1,baix,baix,10.5,100.0,98.6,30.0,7.6,0.0,0.0,0.0,0.127,0.01,0.0,6.3,28.88,29.06,4.0,0.0,0,0,0,0.0,,0,inactiu
22.65,10/08/2026 07:30,94.95,0.0,0,alt,1,29.0,moderat,baix,11.0,100.0,98.6,30.0,7.6,0.0,0.0,0.0,0.127,0.01,0.0,6.3,28.88,29.06,4.5,11.3,0,0,0,0.0,,0,inactiu
25.1,10/08/2026 08:00,91.4,0.0,0,alt,1,45.1,moderat,baix,11.5,100.0,98.6,30.0,7.6,53.0,18.0,0.25,0.127,0.03,0.0,6.3,28.8,29.07,5.0,0.0,0,0,0,0.0,,0,inactiu
27.0,10/08/2026 08:30,85.75,0.0,0,alt,1,63.4,alt,baix,12.0,100.0,98.6,30.0,7.6,53.0,18.0,0.25,0.127,0.03,0.0,6.3,28.79,29.07,5.5,0.0,0,0,0,0.0,,0,inactiu
29.1,10/08/2026 09:00,78.65,0.0,0,alt,0,60.2,alt,baix,12.5,100.0,98.6,30.0,7.6,179.0,83.0,1.05,0.127,0.12,0.0,6.3,28.79,29.07,0.0,0.0,0,0,0,0.0,,0,inactiu
30.450000000000003,10/08/2026 09:30,70.94999999999999,0.0,0,alt,0,57.1,alt,baix,0.0,100.0,98.6,30.0,7.6,179.0,83.0,1.05,0.127,0.12,0.0,6.3,28.79,29.07,0.0,0.0,0,0,0,0.0,,0,inactiu
31.55,10/08/2026 10:00,64.75,0.0,0,alt,0,54.2,alt,baix,0.0,100.0,98.6,30.0,7.6,352.0,202.0,2.7,0.126,0.27,0.0,6.3,28.79,29.08,0.0,0.0,0,0,0,0.0,,0,inactiu
32.65,10/08/2026 10:30,56.7,0.0,0,alt,0,51.4,alt,baix,0.0,100.0,98.6,30.0,7.6,352.0,202.0,2.7,0.126,0.27,0.0,6.3,28.8,29.08,0.0,0.0,0,0,0,0.0,,0,inactiu
32.650000000000006,10/08/2026 11:00,56.6,0.0,0,alt,0,48.7,moderat,baix,0.0,100.0,98.6,30.0,7.6,555.0,394.0,4.15,0.125,0.45,0.0,6.3,28.81,29.09,0.0,0.0,0,0,0,0.0,,0,inactiu
33.3,10/08/2026 11:30,53.900000000000006,0.0,0,alt,0,46.2,moderat,baix,0.0,100.0,98.6,30.0,7.6,555.0,394.0,4.15,0.125,0.45,0.0,6.3,28.81,29.09,0.0,0.0,0,0,0,0.0,,0,inactiu
34.3,10/08/2026 12:00,46.900000000000006,0.0,0,alt,0,43.9,moderat,baix,0.0,100.0,98.6,30.0,7.6,727.0,567.0,5.9,0.124,0.6,0.0,6.3,28.83,29.09,0.0,0.0,0,0,0,0.0,,0,inactiu
34.7,10/08/2026 12:30,46.2,0.0,0,alt,0,41.6,moderat,baix,0.0,100.0,98.6,30.0,7.6,727.0,567.0,5.9,0.124,0.6,0.0,6.3,28.85,29.09,0.0,0.0,0,0,0,0.0,,0,inactiu
34.95,10/08/2026 13:00,45.05,0.0,0,alt,0,39.5,moderat,baix,0.0,100.0,98.6,30.0,7.6,835.0,678.0,7.05,0.123,0.68,0.0,6.3,28.86,29.09,0.0,0.0,0,0,0,0.0,,0,inactiu
34.75,10/08/2026 13:30,46.25,0.0,0,alt,0,37.5,moderat,baix,0.0,100.0,98.6,30.0,7.6,835.0,678.0,7.05,0.123,0.68,0.0,6.3,28.84,29.09,0.0,0.0,0,0,0,0.0,,0,inactiu
34.5,10/08/2026 14:00,48.2,0.0,0,alt,0,35.5,moderat,baix,0.0,100.0,98.6,30.0,7.6,887.0,732.0,7.6,0.132,0.72,0.0,6.3,28.82,29.09,0.0,0.0,0,0,0,0.0,,0,inactiu
34.95,10/08/2026 14:30,44.55,0.0,0,alt,0,33.7,moderat,baix,0.0,100.0,98.6,30.0,7.6,887.0,732.0,7.6,0.132,0.72,0.0,6.3,28.81,29.09,0.0,0.0,0,0,0,0.0,,0,inactiu
34.8,10/08/2026 15:00,43.2,0.0,0,alt,0,32.0,moderat,baix,0.0,100.0,98.6,30.0,7.6,895.0,764.0,7.5,0.13,0.72,0.0,6.3,28.8,29.08,0.0,0.0,0,0,0,0.0,,0,inactiu
35.05,10/08/2026 15:30,42.400000000000006,0.0,0,alt,0,30.3,moderat,baix,0.0,100.0,98.6,30.0,7.6,895.0,764.0,7.5,0.13,0.72,0.0,6.3,28.78,29.08,0.0,0.0,0,0,0,0.0,,0,inactiu
34.8,10/08/2026 16:00,45.650000000000006,0.0,0,alt,0,28.8,moderat,baix,0.0,100.0,98.6,30.0,7.6,819.0,678.0,6.8,0.128,0.67,0.0,6.3,28.77,29.08,0.0,0.0,0,0,0,0.0,,0,inactiu
34.85,10/08/2026 16:30,44.9,0.0,0,alt,0,27.3,moderat,baix,0.0,100.0,98.6,30.0,7.6,819.0,678.0,6.8,0.128,0.67,0.0,6.3,28.78,29.08,0.0,0.0,0,0,0,0.0,,0,inactiu
34.25,10/08/2026 17:00,49.75,0.0,0,alt,0,25.9,moderat,baix,0.0,100.0,98.6,30.0,7.6,684.0,534.0,5.55,0.127,0.58,0.0,6.3,28.77,29.07,0.0,0.0,0,0,0,0.0,,0,inactiu
33.15,10/08/2026 17:30,56.35,0.0,0,alt,0,24.6,moderat,baix,0.0,100.0,98.6,30.0,7.6,684.0,534.0,5.55,0.127,0.58,0.0,6.3,28.74,29.07,0.0,0.0,0,0,0,0.0,,0,inactiu
32.7,10/08/2026 18:00,59.8,0.0,0,alt,0,23.3,moderat,baix,0.0,100.0,98.6,30.0,7.6,498.0,340.0,4.0,0.126,0.42,0.0,6.3,28.71,29.07,0.0,0.0,0,0,0,0.0,,0,inactiu
31.9,10/08/2026 18:30,62.150000000000006,0.0,0,alt,0,22.1,moderat,baix,0.0,100.0,98.6,30.0,7.6,498.0,340.0,4.0,0.126,0.42,0.0,6.3,28.68,29.06,0.0,0.0,0,0,0,0.0,,0,inactiu
31.15,10/08/2026 19:00,65.75,0.0,0,alt,0,21.0,moderat,baix,0.0,100.0,98.6,30.0,7.6,312.0,184.0,2.35,0.125,0.28,0.0,6.3,28.64,29.06,0.0,0.0,0,0,0,0.0,,0,inactiu
30.3,10/08/2026 19:30,69.15,0.0,0,alt,0,19.9,baix,baix,0.0,100.0,98.6,30.0,7.6,312.0,184.0,2.35,0.125,0.28,0.0,6.3,28.61,29.06,0.0,0.0,0,0,0,0.0,,0,inactiu
29.7,10/08/2026 20:00,70.9,0.0,0,alt,0,18.9,baix,baix,0.0,100.0,98.6,30.0,7.6,165.0,94.0,0.95,0.142,0.15,0.0,6.3,28.57,29.06,0.0,0.0,0,0,0,0.0,,0,inactiu
29.3,10/08/2026 20:30,72.05000000000001,0.0,0,alt,0,17.9,baix,baix,0.5,100.0,98.6,30.0,7.6,165.0,94.0,0.95,0.142,0.15,0.0,6.3,28.54,29.06,0.0,0.0,0,0,0,0.0,,0,inactiu
28.85,10/08/2026 21:00,75.0,0.0,0,alt,0,17.0,baix,baix,1.0,100.0,98.6,30.0,7.6,27.0,6.0,0.15,0.142,0.03,0.0,6.3,28.53,29.06,0.0,0.0,0,0,0,0.0,,0,inactiu
28.4,10/08/2026 21:30,77.69999999999999,0.0,0,alt,0,16.1,baix,baix,1.5,100.0,98.6,30.0,7.6,27.0,6.0,0.15,0.142,0.03,0.0,6.3,28.53,29.06,0.0,0.0,0,0,0,0.0,,0,inactiu
28.45,10/08/2026 22:00,76.75,0.0,0,alt,0,15.3,baix,baix,2.0,100.0,98.6,30.0,7.6,0.0,0.0,0.0,0.141,0.0,0.0,6.3,28.54,29.06,0.0,0.0,0,0,0,0.0,,0,inactiu
27.95,10/08/2026 22:30,73.9,0.0,0,alt,0,14.5,baix,baix,2.5,100.0,98.6,30.0,7.6,0.0,0.0,0.0,0.141,0.0,0.0,6.3,28.56,29.07,0.0,0.0,0,0,0,0.0,,0,inactiu
27.05,10/08/2026 23:00,76.0,0.0,0,alt,0,13.8,baix,baix,3.0,100.0,98.6,30.0,7.6,0.0,0.0,0.0,0.141,0.0,0.0,6.3,28.56,29.07,0.0,0.0,0,0,0,0.0,,0,inactiu
27.1,10/08/2026 23:30,76.35,0.0,0,alt,0,13.1,baix,baix,3.5,100.0,98.6,30.0,7.6,0.0,0.0,0.0,0.141,0.0,0.0,6.3,28.58,29.07,0.0,0.0,0,0,0,0.0,,0,inactiu
26.4,11/08/2026 00:00,76.95,0.0,0,alt,0,12.4,baix,baix,4.0,100.0,100.0,240.0,7.4,0.0,0.0,0.0,0.141,0.0,0.0,6.3,28.6,29.07,0.0,0.0,0,0,0,0.0,,0,inactiu
26.8,11/08/2026 00:30,76.05,0.0,0,alt,0,11.8,baix,baix,4.5,100.0,100.0,240.0,7.4,0.0,0.0,0.0,0.141,0.0,0.0,6.3,28.65,29.08,0.0,0.0,0,0,0,0.0,,0,inactiu
27.25,11/08/2026 01:00,76.9,0.0,0,alt,0,11.1,baix,baix,5.0,100.0,100.0,240.0,7.4,0.0,0.0,0.0,0.141,0.0,0.0,6.3,28.71,29.09,0.0,0.0,0,0,0,0.0,,0,inactiu
27.45,11/08/2026 01:30,79.8,0.0,0,alt,0,10.6,baix,baix,5.5,100.0,100.0,240.0,7.4,0.0,0.0,0.0,0.141,0.0,0.0,6.3,28.79,29.1,0.0,0.0,0,0,0,0.0,,0,inactiu
28.0,11/08/2026 02:00,78.25,0.0,0,alt,0,10.0,baix,baix,6.0,100.0,100.0,240.0,7.4,0.0,0.0,0.0,0.106,0.0,0.0,6.3,28.9,29.12,0.0,0.0,0,0,0,0.0,,0,inactiu
28.1,11/08/2026 02:30,79.55000000000001,0.0,0,alt,0,9.5,baix,baix,6.5,100.0,100.0,240.0,7.4,0.0,0.0,0.0,0.106,0.0,0.0,6.3,29.01,29.13,0.0,0.0,0,0,0,0.0,,0,inactiu
28.0,11/08/2026 03:00,82.94999999999999,0.0,0,alt,0,9.0,baix,baix,7.0,100.0,100.0,240.0,7.4,0.0,0.0,0.0,0.107,0.0,0.0,6.3,29.14,29.15,0.0,0.0,0,0,0,0.0,,0,inactiu
27.95,11/08/2026 03:30,83.65,0.0,0,alt,0,8.6,baix,baix,7.5,100.0,100.0,240.0,7.4,0.0,0.0,0.0,0.107,0.0,0.0,6.3,29.25,29.16,0.0,0.0,0,0,0,0.0,,0,inactiu
27.6,11/08/2026 04:00,84.65,0.0,0,alt,0,8.1,baix,baix,8.0,100.0,100.0,240.0,7.4,0.0,0.0,0.0,0.107,0.0,0.0,6.3,29.36,29.18,0.0,0.0,0,0,0,0.0,,0,inactiu
27.1,11/08/2026 04:30,85.4,0.0,0,alt,0,7.7,baix,baix,8.5,100.0,100.0,240.0,7.4,0.0,0.0,0.0,0.107,0.0,0.0,6.3,29.47,29.2,0.0,0.0,0,0,0,0.0,,0,inactiu
26.6,11/08/2026 05:00,86.85,0.0,0,alt,0,7.3,baix,baix,9.0,100.0,100.0,240.0,7.4,0.0,0.0,0.0,0.107,0.0,0.0,6.3,29.57,29.21,0.0,0.0,0,0,0,0.0,,0,inactiu
26.1,11/08/2026 05:30,88.69999999999999,0.0,0,alt,0,6.9,baix,baix,9.5,100.0,100.0,240.0,7.4,0.0,0.0,0.0,0.107,0.0,0.0,6.3,29.67,29.22,0.0,0.0,0,0,0,0.0,,0,inactiu
24.950000000000003,11/08/2026 06:00,90.0,0.0,0,alt,1,0.0,baix,baix,10.0,100.0,100.0,240.0,7.4,0.0,0.0,0.0,0.107,0.0,0.0,6.3,29.75,29.23,0.5,12.5,0,0,0,0.0,,0,inactiu
24.45,11/08/2026 06:30,92.15,0.0,0,alt,1,0.0,baix,baix,10.5,100.0,100.0,240.0,7.4,0.0,0.0,0.0,0.107,0.0,0.0,6.3,29.81,29.24,1.0,24.7,0,0,0,0.0,,0,inactiu
23.85,11/08/2026 07:00,92.9,0.0,0,alt,1,0.0,baix,baix,11.0,100.0,100.0,240.0,7.4,0.0,0.0,0.0,0.107,0.0,0.0,6.3,29.85,29.25,1.5,36.6,0,0,0,0.0,,0,inactiu
24.05,11/08/2026 07:30,93.15,0.0,0,alt,1,7.8,baix,baix,12.0,100.0,100.0,240.0,7.4,0.0,0.0,0.0,0.107,0.0,0.0,6.3,29.88,29.25,2.5,60.7,0,0,0,0.0,,0,inactiu
26.35,11/08/2026 08:30,89.25,0.0,0,alt,1,15.0,baix,baix,12.5,100.0,100.0,240.0,7.4,42.0,11.0,0.1,0.106,0.02,0.0,6.3,29.97,29.26,3.0,0.0,0,0,0,0.0,,0,inactiu
28.0,11/08/2026 09:00,84.45,0.0,0,alt,0,14.2,baix,baix,13.0,100.0,100.0,240.0,7.4,156.0,65.0,1.2,0.106,0.11,0.0,6.3,29.95,29.26,0.0,0.0,0,0,0,0.0,,0,inactiu
28.700000000000003,11/08/2026 09:30,82.1,0.0,0,alt,0,13.5,baix,baix,13.5,100.0,100.0,240.0,7.4,156.0,65.0,1.2,0.106,0.11,0.0,6.3,29.91,29.26,0.0,0.0,0,0,0,0.0,,0,inactiu
31.1,11/08/2026 10:00,68.69999999999999,0.0,0,alt,0,12.8,baix,baix,0.0,100.0,100.0,240.0,7.4,296.0,137.0,2.7,0.106,0.22,0.0,6.3,29.9,29.26,0.0,0.0,0,0,0,0.0,,0,inactiu
32.95,11/08/2026 10:30,54.150000000000006,0.0,0,alt,0,12.1,baix,baix,0.0,100.0,100.0,240.0,7.4,296.0,137.0,2.7,0.106,0.22,0.0,6.3,29.91,29.26,0.0,0.0,0,0,0,0.0,,0,inactiu
34.400000000000006,11/08/2026 11:00,44.75,0.0,0,alt,0,11.5,baix,baix,0.0,100.0,100.0,240.0,7.4,510.0,336.0,4.1,0.106,0.4,0.0,6.3,29.94,29.26,0.0,0.0,0,0,0,0.0,,0,inactiu
34.9,11/08/2026 11:30,40.7,0.0,0,alt,0,10.9,baix,baix,0.0,100.0,100.0,240.0,7.4,510.0,336.0,4.1,0.106,0.4,0.0,6.3,29.98,29.27,0.0,0.0,0,0,0,0.0,,0,inactiu
35.05,11/08/2026 12:00,41.5,0.0,0,alt,0,10.4,baix,baix,0.0,100.0,100.0,240.0,7.4,675.0,480.0,5.85,0.106,0.57,0.0,6.3,29.99,29.27,0.0,0.0,0,0,0,0.0,,0,inactiu
35.3,11/08/2026 12:30,42.3,0.0,0,alt,0,9.8,baix,baix,0.0,100.0,100.0,240.0,7.4,675.0,480.0,5.85,0.106,0.57,0.0,6.3,30.01,29.27,0.0,0.0,0,0,0,0.0,,0,inactiu
35.15,11/08/2026 13:00,44.3,0.0,0,alt,0,9.3,baix,baix,0.0,100.0,100.0,240.0,7.4,792.0,616.0,6.95,0.106,0.67,0.0,6.3,30.01,29.27,0.0,0.0,0,0,0,0.0,,0,inactiu
35.349999999999994,11/08/2026 13:30,42.95,0.0,0,alt,0,8.8,baix,baix,0.0,100.0,100.0,240.0,7.4,792.0,616.0,6.95,0.106,0.67,0.0,6.3,30.02,29.27,0.0,0.0,0,0,0,0.0,,0,inactiu
35.349999999999994,11/08/2026 14:00,42.5,0.0,0,alt,0,8.4,baix,baix,0.0,100.0,100.0,240.0,7.4,818.0,601.0,7.35,0.127,0.69,0.0,6.3,30.04,29.27,0.0,0.0,0,0,0,0.0,,0,inactiu
34.65,11/08/2026 14:30,45.85,0.0,0,alt,0,8.0,baix,baix,0.0,100.0,100.0,240.0,7.4,818.0,601.0,7.35,0.127,0.69,0.0,6.3,30.04,29.27,0.0,0.0,0,0,0,0.0,,0,inactiu
35.05,11/08/2026 15:00,45.15,0.0,0,alt,0,7.5,baix,baix,0.0,100.0,100.0,240.0,7.4,863.0,705.0,7.25,0.125,0.72,0.0,6.3,30.04,29.27,0.0,0.0,0,0,0,0.0,,0,inactiu
35.15,11/08/2026 15:30,41.65,0.0,0,alt,0,7.2,baix,baix,0.0,100.0,100.0,240.0,7.4,863.0,705.0,7.25,0.125,0.72,0.0,6.3,30.04,29.27,0.0,0.0,0,0,0,0.0,,0,inactiu
35.0,11/08/2026 16:00,42.1,0.0,0,alt,0,6.8,baix,baix,0.0,100.0,100.0,240.0,7.4,784.0,607.0,6.75,0.124,0.68,0.0,6.3,30.05,29.26,0.0,0.0,0,0,0,0.0,,0,inactiu
34.6,11/08/2026 16:30,45.75,0.0,0,alt,0,6.4,baix,baix,0.0,100.0,100.0,240.0,7.4,784.0,607.0,6.75,0.124,0.68,0.0,6.3,30.04,29.26,0.0,0.0,0,0,0,0.0,,0,inactiu
34.45,11/08/2026 17:00,47.0,0.0,0,alt,0,6.1,baix,baix,0.0,100.0,100.0,240.0,7.4,629.0,435.0,5.5,0.122,0.57,0.0,6.3,30.05,29.26,0.0,0.0,0,0,0,0.0,,0,inactiu
34.2,11/08/2026 17:30,42.85,0.0,0,alt,0,5.8,baix,baix,0.0,100.0,100.0,240.0,7.4,629.0,435.0,5.5,0.122,0.57,0.0,6.3,30.07,29.26,0.0,0.0,0,0,0,0.0,,0,inactiu
33.8,11/08/2026 18:00,42.05,0.0,0,alt,0,5.5,baix,baix,0.0,100.0,100.0,240.0,7.4,502.0,345.0,3.9,0.121,0.46,0.0,6.3,30.09,29.26,0.0,0.0,0,0,0,0.0,,0,inactiu
33.099999999999994,11/08/2026 18:30,46.45,0.0,0,alt,0,5.2,baix,baix,0.0,100.0,100.0,240.0,7.4,502.0,345.0,3.9,0.121,0.46,0.0,6.3,30.12,29.26,0.0,0.0,0,0,0,0.0,,0,inactiu
32.2,11/08/2026 19:00,53.25,0.0,0,alt,0,5.0,baix,baix,0.0,100.0,100.0,240.0,7.4,323.0,201.0,2.3,0.121,0.32,0.0,6.3,30.14,29.25,0.0,0.0,0,0,0,0.0,,0,inactiu
31.55,11/08/2026 19:30,57.3,0.0,0,alt,0,4.7,baix,baix,0.0,100.0,100.0,240.0,7.4,323.0,201.0,2.3,0.121,0.32,0.0,6.3,30.17,29.25,0.0,0.0,0,0,0,0.0,,0,inactiu
30.950000000000003,11/08/2026 20:00,59.85,0.0,0,alt,0,4.5,baix,baix,0.0,100.0,100.0,240.0,7.4,162.0,92.0,0.9,0.132,0.17,0.0,6.3,30.19,29.25,0.0,0.0,0,0,0,0.0,,0,inactiu
29.85,11/08/2026 20:30,66.85,0.0,0,alt,0,4.2,baix,baix,0.0,100.0,100.0,240.0,7.4,162.0,92.0,0.9,0.132,0.17,0.0,6.3,30.2,29.25,0.0,0.0,0,0,0,0.0,,0,inactiu
28.950000000000003,11/08/2026 21:00,73.25,0.0,0,alt,0,4.0,baix,baix,0.5,100.0,100.0,240.0,7.4,27.0,9.0,0.15,0.132,0.05,0.0,6.3,30.21,29.25,0.0,0.0,0,0,0,0.0,,0,inactiu
28.25,11/08/2026 21:30,75.95,0.0,0,alt,0,3.8,baix,baix,1.0,100.0,100.0,240.0,7.4,27.0,9.0,0.15,0.132,0.05,0.0,6.3,30.2,29.25,0.0,0.0,0,0,0,0.0,,0,inactiu
27.85,11/08/2026 22:00,77.9,0.0,0,alt,0,3.6,baix,baix,1.5,100.0,100.0,240.0,7.4,0.0,0.0,0.0,0.132,0.0,0.0,6.3,30.19,29.25,0.0,0.0,0,0,0,0.0,,0,inactiu
27.4,11/08/2026 22:30,79.95,0.0,0,alt,0,3.4,baix,baix,2.0,100.0,100.0,240.0,7.4,0.0,0.0,0.0,0.132,0.0,0.0,6.3,30.18,29.25,0.0,0.0,0,0,0,0.0,,0,inactiu
26.9,11/08/2026 23:00,81.55000000000001,0.0,0,alt,0,3.2,baix,baix,2.5,100.0,100.0,240.0,7.4,0.0,0.0,0.0,0.132,0.0,0.0,6.3,30.18,29.25,0.0,0.0,0,0,0,0.0,,0,inactiu
26.3,11/08/2026 23:30,82.75,0.0,0,alt,0,3.1,baix,baix,3.0,100.0,100.0,240.0,7.4,0.0,0.0,0.0,0.132,0.0,0.0,6.3,30.16,29.25,0.0,0.0,0,0,0,0.0,,0,inactiu
25.9,12/08/2026 00:00,81.85,0.0,0,alt,0,2.9,baix,baix,3.5,100.0,100.0,390.0,7.6,0.0,0.0,0.0,0.131,0.0,0.0,6.3,30.15,29.25,0.0,0.0,0,0,0,0.0,,0,inactiu
24.6,12/08/2026 00:30,84.0,0.0,0,alt,0,2.8,baix,baix,4.0,100.0,100.0,390.0,7.6,0.0,0.0,0.0,0.131,0.0,0.0,6.3,30.1,29.25,0.0,0.0,0,0,0,0.0,,0,inactiu
24.2,12/08/2026 01:00,86.05,0.0,0,alt,0,2.6,baix,baix,4.5,100.0,100.0,390.0,7.6,0.0,0.0,0.0,0.131,0.0,0.0,6.3,30.04,29.24,0.0,0.0,0,0,0,0.0,,0,inactiu
23.7,12/08/2026 01:30,86.35,0.0,0,alt,0,2.5,baix,baix,5.0,100.0,100.0,390.0,7.6,0.0,0.0,0.0,0.131,0.0,0.0,6.3,29.96,29.24,0.0,0.0,0,0,0,0.0,,0,inactiu
23.2,12/08/2026 02:00,86.9,0.0,0,alt,0,2.4,baix,baix,5.5,100.0,100.0,390.0,7.6,0.0,0.0,0.0,0.13,0.0,0.0,6.3,29.85,29.23,0.0,0.0,0,0,0,0.0,,0,inactiu
23.4,12/08/2026 02:30,88.30000000000001,0.0,0,alt,0,2.2,baix,baix,6.0,100.0,100.0,390.0,7.6,0.0,0.0,0.0,0.13,0.0,0.0,6.3,29.75,29.22,0.0,0.0,0,0,0,0.0,,0,inactiu
23.25,12/08/2026 03:00,88.75,0.0,0,alt,0,2.1,baix,baix,6.5,100.0,100.0,390.0,7.6,0.0,0.0,0.0,0.13,0.0,0.0,6.3,29.65,29.22,0.0,0.0,0,0,0,0.0,,0,inactiu
24.35,12/08/2026 03:30,90.05,0.0,0,alt,1,0.0,baix,baix,7.0,100.0,100.0,390.0,7.6,0.0,0.0,0.0,0.13,0.0,0.0,6.3,29.58,29.21,0.5,12.2,0,0,0,0.0,,0,inactiu
25.75,12/08/2026 04:00,89.3,0.0,0,alt,1,0.0,baix,baix,7.5,100.0,100.0,390.0,7.6,0.0,0.0,0.0,0.13,0.0,0.0,6.3,29.54,29.21,1.0,25.0,0,0,0,0.0,,0,inactiu
24.65,12/08/2026 04:30,90.9,0.0,0,alt,1,0.0,baix,baix,8.0,100.0,100.0,390.0,7.6,0.0,0.0,0.0,0.13,0.0,0.0,6.3,29.49,29.21,1.5,37.4,0,0,0,0.0,,0,inactiu
22.85,12/08/2026 05:00,91.6,0.0,0,alt,1,4.6,baix,baix,8.5,100.0,100.0,390.0,7.6,0.0,0.0,0.0,0.13,0.0,0.0,6.3,29.41,29.2,2.0,48.8,0,0,0,0.0,,0,inactiu
22.4,12/08/2026 05:30,92.7,0.0,0,alt,1,7.2,baix,baix,9.0,100.0,100.0,390.0,7.6,0.0,0.0,0.0,0.13,0.0,0.0,6.3,29.33,29.19,2.5,60.0,0,0,0,0.0,,0,inactiu
22.55,12/08/2026 06:00,94.1,0.0,0,alt,1,11.5,baix,baix,9.5,100.0,100.0,390.0,7.6,0.0,0.0,0.0,0.13,0.0,0.0,6.3,29.28,29.19,3.0,71.3,0,0,0,0.0,,0,inactiu
22.3,12/08/2026 06:30,94.4,0.0,0,alt,1,18.0,baix,baix,10.0,100.0,100.0,390.0,7.6,0.0,0.0,0.0,0.13,0.0,0.0,6.3,29.23,29.18,3.5,82.4,0,0,0,0.0,,0,inactiu
22.1,12/08/2026 07:00,95.05,0.0,0,alt,1,27.3,moderat,baix,10.5,100.0,100.0,390.0,7.6,0.0,0.0,0.0,0.13,0.0,0.0,6.3,29.19,29.18,4.0,0.0,0,0,0,0.0,,0,inactiu
22.8,12/08/2026 07:30,95.5,0.0,0,alt,1,40.1,moderat,baix,11.0,100.0,100.0,390.0,7.6,0.0,0.0,0.0,0.13,0.0,0.0,6.3,29.17,29.18,4.5,11.4,0,0,0,0.0,,0,inactiu
23.9,12/08/2026 08:00,95.1,0.0,0,alt,1,55.4,alt,baix,11.5,100.0,100.0,390.0,7.6,36.0,7.0,0.25,0.134,0.04,0.0,6.3,29.06,29.17,5.0,0.0,0,0,0,0.0,,0,inactiu
26.4,12/08/2026 08:30,86.9,0.0,0,alt,1,71.5,alt,baix,12.0,100.0,100.0,390.0,7.6,36.0,7.0,0.25,0.134,0.04,0.0,6.3,29.06,29.16,5.5,0.0,0,0,0,0.0,,0,inactiu
28.8,12/08/2026 09:00,80.35,0.0,0,alt,0,67.8,alt,baix,12.5,100.0,100.0,390.0,7.6,197.0,98.0,1.2,0.134,0.14,0.0,6.3,29.07,29.16,0.0,0.0,0,0,0,0.0,,0,inactiu
30.200000000000003,12/08/2026 09:30,76.1,0.0,0,alt,0,64.3,alt,baix,0.0,100.0,100.0,390.0,7.6,197.0,98.0,1.2,0.134,0.14,0.0,6.3,29.11,29.16,0.0,0.0,0,0,0,0.0,,0,inactiu
31.6,12/08/2026 10:00,66.65,0.0,0,alt,0,61.0,alt,baix,0.0,100.0,100.0,390.0,7.6,394.0,274.0,2.7,0.134,0.29,0.0,6.3,29.12,29.16,0.0,0.0,0,0,0,0.0,,0,inactiu
33.0,12/08/2026 10:30,51.1,0.0,0,alt,0,57.9,alt,baix,0.0,100.0,100.0,390.0,7.6,394.0,274.0,2.7,0.134,0.29,0.0,6.3,29.12,29.16,0.0,0.0,0,0,0,0.0,,0,inactiu
34.35,12/08/2026 11:00,38.2,0.0,0,alt,0,54.9,alt,baix,0.0,100.0,100.0,390.0,7.6,594.0,485.0,4.35,0.132,0.46,0.0,6.3,29.12,29.16,0.0,0.0,0,0,0,0.0,,0,inactiu
35.25,12/08/2026 11:30,37.8,0.0,0,alt,0,52.1,alt,baix,0.0,100.0,100.0,390.0,7.6,594.0,485.0,4.35,0.132,0.46,0.0,6.3,29.12,29.16,0.0,0.0,0,0,0,0.0,,0,inactiu
35.849999999999994,12/08/2026 12:00,32.5,0.0,0,alt,0,49.4,moderat,baix,0.0,100.0,100.0,390.0,7.6,754.0,645.0,5.85,0.131,0.61,0.0,6.3,29.14,29.17,0.0,0.0,0,0,0,0.0,,0,inactiu
36.25,12/08/2026 12:30,29.450000000000003,0.0,0,alt,0,46.9,moderat,baix,0.0,100.0,100.0,390.0,7.6,754.0,645.0,5.85,0.131,0.61,0.0,6.3,29.16,29.17,0.0,0.0,0,0,0,0.0,,0,inactiu
36.6,12/08/2026 13:00,27.15,0.0,0,alt,0,44.5,moderat,baix,0.0,100.0,100.0,390.0,7.6,859.0,746.0,7.0,0.129,0.72,0.0,6.3,29.19,29.17,0.0,0.0,0,0,0,0.0,,0,inactiu
36.85,12/08/2026 13:30,28.05,0.0,0,alt,0,42.2,moderat,baix,0.0,100.0,100.0,390.0,7.6,859.0,746.0,7.0,0.129,0.72,0.0,6.3,29.22,29.17,0.0,0.0,0,0,0,0.0,,0,inactiu
37.25,12/08/2026 14:00,29.55,0.0,0,alt,0,40.1,moderat,baix,0.0,100.0,100.0,390.0,7.6,913.0,799.0,7.55,0.12,0.77,0.0,6.3,29.26,29.17,0.0,0.0,0,0,0,0.0,,0,inactiu
37.25,12/08/2026 14:30,26.3,0.0,0,alt,0,38.0,moderat,baix,0.0,100.0,100.0,390.0,7.6,913.0,799.0,7.55,0.12,0.77,0.0,6.3,29.31,29.17,0.0,0.0,0,0,0,0.0,,0,inactiu
37.35,12/08/2026 15:00,26.55,0.0,0,alt,0,36.0,moderat,baix,0.0,100.0,100.0,390.0,7.6,907.0,794.0,7.45,0.119,0.78,0.0,6.3,29.36,29.17,0.0,0.0,0,0,0,0.0,,0,inactiu
37.1,12/08/2026 15:30,29.65,0.0,0,alt,0,34.2,moderat,baix,0.0,100.0,100.0,390.0,7.6,907.0,794.0,7.45,0.119,0.78,0.0,6.3,29.4,29.17,0.0,0.0,0,0,0,0.0,,0,inactiu
37.0,12/08/2026 16:00,29.4,0.0,0,alt,0,32.4,moderat,baix,0.0,100.0,100.0,390.0,7.6,842.0,731.0,6.75,0.117,0.74,0.0,6.3,29.44,29.17,0.0,0.0,0,0,0,0.0,,0,inactiu
36.35,12/08/2026 16:30,31.45,0.0,0,alt,0,30.8,moderat,baix,0.0,100.0,100.0,390.0,7.6,842.0,731.0,6.75,0.117,0.74,0.0,6.3,29.48,29.17,0.0,0.0,0,0,0,0.0,,0,inactiu
36.2,12/08/2026 17:00,32.45,0.0,0,alt,0,29.2,moderat,baix,0.0,100.0,100.0,390.0,7.6,723.0,618.0,5.5,0.116,0.65,0.0,6.3,29.52,29.16,0.0,0.0,0,0,0,0.0,,0,inactiu
35.5,12/08/2026 17:30,38.8,0.0,0,alt,0,27.7,moderat,baix,0.0,100.0,100.0,390.0,7.6,723.0,618.0,5.5,0.116,0.65,0.0,6.3,29.54,29.16,0.0,0.0,0,0,0,0.0,,0,inactiu
34.45,12/08/2026 18:00,43.05,0.0,0,alt,0,26.3,moderat,baix,0.0,100.0,100.0,390.0,7.6,561.0,464.0,3.9,0.116,0.51,0.0,6.3,29.56,29.16,0.0,0.0,0,0,0,0.0,,0,inactiu
33.900000000000006,12/08/2026 18:30,44.7,0.0,0,alt,0,24.9,moderat,baix,0.0,100.0,100.0,390.0,7.6,561.0,464.0,3.9,0.116,0.51,0.0,6.3,29.58,29.16,0.0,0.0,0,0,0,0.0,,0,inactiu
32.65,12/08/2026 19:00,53.05,0.0,0,alt,0,23.7,moderat,baix,0.0,100.0,100.0,390.0,7.6,369.0,287.0,2.25,0.115,0.35,0.0,6.3,29.58,29.16,0.0,0.0,0,0,0,0.0,,0,inactiu
32.0,12/08/2026 19:30,51.3,0.0,0,alt,0,22.4,moderat,baix,0.0,100.0,100.0,390.0,7.6,369.0,287.0,2.25,0.115,0.35,0.0,6.3,29.59,29.16,0.0,0.0,0,0,0,0.0,,0,inactiu
31.05,12/08/2026 20:00,59.8,0.0,0,alt,0,21.3,moderat,baix,0.0,100.0,100.0,390.0,7.6,174.0,113.0,0.9,0.115,0.16,0.0,6.3,29.6,29.16,0.0,0.0,0,0,0,0.0,,0,inactiu
29.9,12/08/2026 20:30,67.0,0.0,0,alt,0,20.2,moderat,baix,0.0,100.0,100.0,390.0,7.6,174.0,113.0,0.9,0.115,0.16,0.0,6.3,29.6,29.17,0.0,0.0,0,0,0,0.0,,0,inactiu
29.05,12/08/2026 21:00,75.8,0.0,0,alt,0,19.2,baix,baix,0.5,100.0,100.0,390.0,7.6,27.0,10.0,0.1,0.115,0.05,0.0,6.3,29.6,29.17,0.0,0.0,0,0,0,0.0,,0,inactiu
28.450000000000003,12/08/2026 21:30,78.7,0.0,0,alt,0,18.2,baix,baix,1.0,100.0,100.0,390.0,7.6,27.0,10.0,0.1,0.115,0.05,0.0,6.3,29.6,29.17,0.0,0.0,0,0,0,0.0,,0,inactiu
27.950000000000003,12/08/2026 22:00,81.35,0.0,0,alt,0,17.2,baix,baix,1.5,100.0,100.0,390.0,7.6,0.0,0.0,0.0,0.115,0.0,0.0,6.3,29.61,29.17,0.0,0.0,0,0,0,0.0,,0,inactiu
27.35,12/08/2026 22:30,83.75,0.0,0,alt,0,16.4,baix,baix,2.0,100.0,100.0,390.0,7.6,0.0,0.0,0.0,0.115,0.0,0.0,6.3,29.6,29.17,0.0,0.0,0,0,0,0.0,,0,inactiu
26.5,12/08/2026 23:00,83.25,0.0,0,alt,0,15.5,baix,baix,2.5,100.0,100.0,390.0,7.6,0.0,0.0,0.0,0.115,0.0,0.0,6.3,29.6,29.17,0.0,0.0,0,0,0,0.0,,0,inactiu
25.75,12/08/2026 23:30,85.55,0.0,0,alt,0,14.7,baix,baix,3.0,100.0,100.0,390.0,7.6,0.0,0.0,0.0,0.115,0.0,0.0,6.3,29.58,29.16,0.0,0.0,0,0,0,0.0,,0,inactiu
25.25,13/08/2026 00:00,86.95,0.0,0,alt,0,14.0,baix,baix,3.5,100.0,100.0,420.0,7.5,0.0,0.0,0.0,0.115,0.0,0.0,6.3,29.57,29.16,0.0,0.0,0,0,0,0.0,,0,inactiu
24.5,13/08/2026 00:30,86.85,0.0,0,alt,0,13.2,baix,baix,4.0,100.0,100.0,420.0,7.5,0.0,0.0,0.0,0.115,0.0,0.0,6.3,29.57,29.16,0.0,0.0,0,0,0,0.0,,0,inactiu
23.4,13/08/2026 01:00,87.45,0.0,0,alt,0,12.6,baix,baix,4.5,100.0,100.0,420.0,7.5,0.0,0.0,0.0,0.115,0.0,0.0,6.3,29.55,29.16,0.0,0.0,0,0,0,0.0,,0,inactiu
22.85,13/08/2026 01:30,89.30000000000001,0.0,0,alt,0,11.9,baix,baix,5.0,100.0,100.0,420.0,7.5,0.0,0.0,0.0,0.115,0.0,0.0,6.3,29.53,29.16,0.0,0.0,0,0,0,0.0,,0,inactiu
22.8,13/08/2026 02:00,90.2,0.0,0,alt,1,0.0,baix,baix,5.5,100.0,100.0,420.0,7.5,0.0,0.0,0.0,0.115,0.0,0.0,6.3,29.53,29.16,0.5,11.4,0,0,0,0.0,,0,inactiu
22.3,13/08/2026 02:30,90.3,0.0,0,alt,1,0.0,baix,baix,6.0,100.0,100.0,420.0,7.5,0.0,0.0,0.0,0.115,0.0,0.0,6.3,29.5,29.15,1.0,22.6,0,0,0,0.0,,0,inactiu
21.45,13/08/2026 03:00,90.5,0.0,0,alt,1,0.0,baix,baix,6.5,100.0,100.0,420.0,7.5,0.0,0.0,0.0,0.115,0.0,0.0,6.3,29.47,29.15,1.5,33.3,0,0,0,0.0,,0,inactiu
20.95,13/08/2026 03:30,91.7,0.0,0,alt,1,2.1,baix,baix,0.0,100.0,100.0,420.0,7.5,0.0,0.0,0.0,0.115,0.0,0.0,6.3,29.39,29.15,2.0,43.8,0,0,0,0.0,,0,inactiu
20.35,13/08/2026 04:00,91.3,0.0,0,alt,1,3.5,baix,baix,0.0,100.0,100.0,420.0,7.5,0.0,0.0,0.0,0.115,0.0,0.0,6.3,29.28,29.14,2.5,53.9,0,0,0,0.0,,0,inactiu
19.85,13/08/2026 04:30,92.05,0.0,0,alt,1,5.6,baix,baix,0.0,100.0,100.0,420.0,7.5,0.0,0.0,0.0,0.115,0.0,0.0,6.3,29.18,29.14,3.0,63.8,0,0,0,0.0,,0,inactiu
19.95,13/08/2026 05:00,92.9,0.0,0,alt,1,9.0,baix,baix,0.0,100.0,100.0,420.0,7.5,0.0,0.0,0.0,0.115,0.0,0.0,6.3,29.12,29.14,3.5,73.8,0,0,0,0.0,,0,inactiu
18.85,13/08/2026 05:30,92.75,0.0,0,alt,1,13.9,baix,baix,0.0,100.0,100.0,420.0,7.5,0.0,0.0,0.0,0.115,0.0,0.0,6.3,29.05,29.13,4.0,0.0,0,0,0,0.0,,0,inactiu
19.0,13/08/2026 06:00,92.9,0.0,0,alt,1,21.2,moderat,baix,0.0,100.0,100.0,420.0,7.5,0.0,0.0,0.0,0.115,0.0,0.0,6.3,28.97,29.13,4.5,9.5,0,0,0,0.0,,0,inactiu
18.6,13/08/2026 06:30,92.8,0.0,0,alt,1,30.9,moderat,baix,0.0,100.0,100.0,420.0,7.5,0.0,0.0,0.0,0.115,0.0,0.0,6.3,28.9,29.12,5.0,18.8,0,0,0,0.0,,0,inactiu
18.55,13/08/2026 07:00,92.85,0.0,0,alt,1,42.7,moderat,baix,0.0,100.0,100.0,420.0,7.5,0.0,0.0,0.0,0.115,0.0,0.0,6.3,28.82,29.12,5.5,28.1,0,0,0,0.0,,0,inactiu
18.75,13/08/2026 07:30,91.55,0.0,0,alt,1,55.7,alt,moderat,0.0,100.0,100.0,420.0,7.5,0.0,0.0,0.0,0.115,0.0,0.0,6.3,28.74,29.11,6.0,37.4,0,0,0,0.0,,0,inactiu
21.0,13/08/2026 08:00,88.8,0.0,0,alt,1,69.4,alt,moderat,0.0,100.0,100.0,420.0,7.5,53.0,22.0,0.25,0.115,0.02,0.0,6.3,28.68,29.1,6.5,0.0,0,0,0,0.0,,0,inactiu
25.2,13/08/2026 08:30,74.44999999999999,0.0,0,alt,1,82.0,alt,moderat,0.5,100.0,100.0,420.0,7.5,53.0,22.0,0.25,0.115,0.02,0.0,6.3,28.65,29.09,7.0,0.0,0,0,0,0.0,,0,inactiu
27.85,13/08/2026 09:00,68.19999999999999,0.0,0,alt,0,77.8,alt,baix,1.0,100.0,100.0,420.0,7.5,221.0,149.0,1.2,0.114,0.14,0.0,6.3,28.63,29.09,0.0,0.0,0,0,0,0.0,,0,inactiu
30.1,13/08/2026 09:30,64.3,0.0,0,alt,0,73.8,alt,baix,0.0,100.0,100.0,420.0,7.5,221.0,149.0,1.2,0.114,0.14,0.0,6.3,28.63,29.09,0.0,0.0,0,0,0,0.0,,0,inactiu
31.65,13/08/2026 10:00,61.85,0.0,0,alt,0,70.0,alt,baix,0.0,100.0,100.0,420.0,7.5,417.0,324.0,2.65,0.114,0.3,0.0,6.3,28.63,29.09,0.0,0.0,0,0,0,0.0,,0,inactiu
32.95,13/08/2026 10:30,52.55,0.0,0,alt,0,66.4,alt,baix,0.0,100.0,100.0,420.0,7.5,417.0,324.0,2.65,0.114,0.3,0.0,6.3,28.63,29.09,0.0,0.0,0,0,0,0.0,,0,inactiu
34.3,13/08/2026 11:00,44.75,0.0,0,alt,0,63.0,alt,baix,0.0,100.0,100.0,420.0,7.5,600.0,495.0,4.35,0.114,0.47,0.0,6.3,28.63,29.09,0.0,0.0,0,0,0,0.0,,0,inactiu
35.5,13/08/2026 11:30,39.7,0.0,0,alt,0,59.8,alt,baix,0.0,100.0,100.0,420.0,7.5,600.0,495.0,4.35,0.114,0.47,0.0,6.3,28.64,29.1,0.0,0.0,0,0,0,0.0,,0,inactiu
36.75,13/08/2026 12:00,33.849999999999994,0.0,0,alt,0,56.7,alt,baix,0.0,100.0,100.0,420.0,7.5,724.0,584.0,5.85,0.113,0.6,0.0,6.3,28.65,29.1,0.0,0.0,0,0,0,0.0,,0,inactiu
37.2,13/08/2026 12:30,30.85,0.0,0,alt,0,53.8,alt,baix,0.0,100.0,100.0,420.0,7.5,724.0,584.0,5.85,0.113,0.6,0.0,6.3,28.67,29.11,0.0,0.0,0,0,0,0.0,,0,inactiu
37.45,13/08/2026 13:00,28.3,0.0,0,alt,0,51.1,alt,baix,0.0,100.0,100.0,420.0,7.5,831.0,680.0,6.95,0.112,0.7,0.0,6.3,28.69,29.11,0.0,0.0,0,0,0,0.0,,0,inactiu
37.4,13/08/2026 13:30,26.4,0.0,0,alt,0,48.4,moderat,baix,0.0,100.0,100.0,420.0,7.5,831.0,680.0,6.95,0.112,0.7,0.0,6.3,28.7,29.12,0.0,0.0,0,0,0,0.0,,0,inactiu
37.5,13/08/2026 14:00,26.6,0.0,0,alt,0,45.9,moderat,baix,0.0,100.0,100.0,420.0,7.5,893.0,750.0,7.5,0.113,0.76,0.0,6.3,28.71,29.12,0.0,0.0,0,0,0,0.0,,0,inactiu
37.05,13/08/2026 14:30,29.200000000000003,0.0,0,alt,0,43.6,moderat,baix,0.0,100.0,100.0,420.0,7.5,893.0,750.0,7.5,0.113,0.76,0.0,6.3,28.7,29.12,0.0,0.0,0,0,0,0.0,,0,inactiu
36.6,13/08/2026 15:00,32.9,0.0,0,alt,0,41.4,moderat,baix,0.0,100.0,100.0,420.0,7.5,854.0,667.0,7.45,0.112,0.75,0.0,6.3,28.69,29.12,0.0,0.0,0,0,0,0.0,,0,inactiu
36.65,13/08/2026 15:30,32.25,0.0,0,alt,0,39.2,moderat,baix,0.0,100.0,100.0,420.0,7.5,854.0,667.0,7.45,0.112,0.75,0.0,6.3,28.68,29.13,0.0,0.0,0,0,0,0.0,,0,inactiu
37.05,13/08/2026 16:00,29.6,0.0,0,alt,0,37.2,moderat,baix,0.0,100.0,100.0,420.0,7.5,813.0,676.0,6.7,0.112,0.72,0.0,6.3,28.68,29.13,0.0,0.0,0,0,0,0.0,,0,inactiu
36.8,13/08/2026 16:30,30.9,0.0,0,alt,0,35.3,moderat,baix,0.0,100.0,100.0,420.0,7.5,813.0,676.0,6.7,0.112,0.72,0.0,6.3,28.69,29.13,0.0,0.0,0,0,0,0.0,,0,inactiu
36.150000000000006,13/08/2026 17:00,31.35,0.0,0,alt,0,33.5,moderat,baix,0.0,100.0,100.0,420.0,7.5,672.0,520.0,5.45,0.111,0.61,0.0,6.3,28.69,29.13,0.0,0.0,0,0,0,0.0,,0,inactiu
36.2,13/08/2026 17:30,30.2,0.0,0,alt,0,31.8,moderat,baix,0.0,100.0,100.0,420.0,7.5,672.0,520.0,5.45,0.111,0.61,0.0,6.3,28.7,29.14,0.0,0.0,0,0,0,0.0,,0,inactiu
35.75,13/08/2026 18:00,32.95,0.0,0,alt,0,30.1,moderat,baix,0.0,100.0,100.0,420.0,7.5,530.0,410.0,3.9,0.111,0.48,0.0,6.3,28.73,29.14,0.0,0.0,0,0,0,0.0,,0,inactiu
34.8,13/08/2026 18:30,37.05,0.0,0,alt,0,28.6,moderat,baix,0.0,100.0,100.0,420.0,7.5,530.0,410.0,3.9,0.111,0.48,0.0,6.3,28.75,29.15,0.0,0.0,0,0,0,0.0,,0,inactiu
34.15,13/08/2026 19:00,40.55,0.0,0,alt,0,27.1,moderat,baix,0.0,100.0,100.0,420.0,7.5,359.0,275.0,2.25,0.111,0.33,0.0,6.3,28.78,29.15,0.0,0.0,0,0,0,0.0,,0,inactiu
33.2,13/08/2026 19:30,41.8,0.0,0,alt,0,25.7,moderat,baix,0.0,100.0,100.0,420.0,7.5,359.0,275.0,2.25,0.111,0.33,0.0,6.3,28.81,29.16,0.0,0.0,0,0,0,0.0,,0,inactiu
32.2,13/08/2026 20:00,45.4,0.0,0,alt,0,24.4,moderat,baix,0.0,100.0,100.0,420.0,7.5,170.0,112.0,0.9,0.11,0.17,0.0,6.3,28.83,29.16,0.0,0.0,0,0,0,0.0,,0,inactiu
31.1,13/08/2026 20:30,46.6,0.0,0,alt,0,23.2,moderat,baix,0.0,100.0,100.0,420.0,7.5,170.0,112.0,0.9,0.11,0.17,0.0,6.3,28.85,29.16,0.0,0.0,0,0,0,0.0,,0,inactiu
29.85,13/08/2026 21:00,55.0,0.0,0,alt,0,22.0,moderat,baix,0.0,100.0,100.0,420.0,7.5,25.0,9.0,0.1,0.11,0.04,0.0,6.3,28.87,29.16,0.0,0.0,0,0,0,0.0,,0,inactiu
28.75,13/08/2026 21:30,62.45,0.0,0,alt,0,20.8,moderat,baix,0.5,100.0,100.0,420.0,7.5,25.0,9.0,0.1,0.11,0.04,0.0,6.3,28.88,29.16,0.0,0.0,0,0,0,0.0,,0,inactiu
27.200000000000003,13/08/2026 22:00,64.0,0.0,0,alt,0,19.8,baix,baix,1.0,100.0,100.0,420.0,7.5,0.0,0.0,0.0,0.11,0.01,0.0,6.3,28.86,29.16,0.0,0.0,0,0,0,0.0,,0,inactiu
25.85,13/08/2026 22:30,65.05,0.0,0,alt,0,18.8,baix,baix,1.5,100.0,100.0,420.0,7.5,0.0,0.0,0.0,0.11,0.01,0.0,6.3,28.83,29.16,0.0,0.0,0,0,0,0.0,,0,inactiu
25.35,13/08/2026 23:00,69.75,0.0,0,alt,0,17.8,baix,baix,2.0,100.0,100.0,420.0,7.5,0.0,0.0,0.0,0.11,0.0,0.0,6.3,28.81,29.15,0.0,0.0,0,0,0,0.0,,0,inactiu
25.75,13/08/2026 23:30,70.15,0.0,0,alt,0,16.9,baix,baix,2.5,100.0,100.0,420.0,7.5,0.0,0.0,0.0,0.11,0.0,0.0,6.3,28.81,29.15,0.0,0.0,0,0,0,0.0,,0,inactiu
24.950000000000003,14/08/2026 00:00,68.80000000000001,0.0,0,alt,0,16.0,baix,baix,3.0,100.0,100.0,480.0,7.5,0.0,0.0,0.0,0.11,0.0,0.0,6.3,28.8,29.14,0.0,0.0,0,0,0,0.0,,0,inactiu
23.9,14/08/2026 00:30,70.6,0.0,0,alt,0,15.2,baix,baix,3.5,100.0,100.0,480.0,7.5,0.0,0.0,0.0,0.11,0.0,0.0,6.3,28.79,29.14,0.0,0.0,0,0,0,0.0,,0,inactiu
24.1,14/08/2026 01:00,70.7,0.0,0,alt,0,14.4,baix,baix,4.0,100.0,100.0,480.0,7.5,0.0,0.0,0.0,0.11,0.0,0.0,6.3,28.8,29.14,0.0,0.0,0,0,0,0.0,,0,inactiu
23.4,14/08/2026 01:30,69.85,0.0,0,alt,0,13.7,baix,baix,4.5,100.0,100.0,480.0,7.5,0.0,0.0,0.0,0.11,0.0,0.0,6.3,28.81,29.13,0.0,0.0,0,0,0,0.0,,0,inactiu
22.4,14/08/2026 02:00,72.65,0.0,0,alt,0,13.0,baix,baix,5.0,100.0,100.0,480.0,7.5,0.0,0.0,0.0,0.11,0.0,0.0,6.3,28.81,29.12,0.0,0.0,0,0,0,0.0,,0,inactiu
22.05,14/08/2026 02:30,73.6,0.0,0,alt,0,12.3,baix,baix,5.5,100.0,100.0,480.0,7.5,0.0,0.0,0.0,0.11,0.0,0.0,6.3,28.8,29.12,0.0,0.0,0,0,0,0.0,,0,inactiu
21.15,14/08/2026 03:00,72.9,0.0,0,alt,0,11.7,baix,baix,6.0,100.0,100.0,480.0,7.5,0.0,0.0,0.0,0.11,0.0,0.0,6.3,28.79,29.11,0.0,0.0,0,0,0,0.0,,0,inactiu
21.2,14/08/2026 03:30,76.2,0.0,0,alt,0,11.1,baix,baix,6.5,100.0,100.0,480.0,7.5,0.0,0.0,0.0,0.11,0.0,0.0,6.3,28.8,29.11,0.0,0.0,0,0,0,0.0,,0,inactiu
20.7,14/08/2026 04:00,76.25,0.0,0,alt,0,10.5,baix,baix,0.0,100.0,100.0,480.0,7.5,0.0,0.0,0.0,0.11,0.0,0.0,6.3,28.81,29.1,0.0,0.0,0,0,0,0.0,,0,inactiu
20.25,14/08/2026 04:30,74.15,0.0,0,alt,0,10.0,baix,baix,0.0,100.0,100.0,480.0,7.5,0.0,0.0,0.0,0.11,0.0,0.0,6.3,28.81,29.1,0.0,0.0,0,0,0,0.0,,0,inactiu
19.95,14/08/2026 05:00,73.2,0.0,0,alt,0,9.5,baix,baix,0.0,100.0,100.0,480.0,7.5,0.0,0.0,0.0,0.11,0.0,0.0,6.3,28.81,29.09,0.0,0.0,0,0,0,0.0,,0,inactiu
19.65,14/08/2026 05:30,74.25,0.0,0,alt,0,9.0,baix,baix,0.0,100.0,100.0,480.0,7.5,0.0,0.0,0.0,0.11,0.0,0.0,6.3,28.83,29.08,0.0,0.0,0,0,0,0.0,,0,inactiu
19.35,14/08/2026 06:00,74.19999999999999,0.0,0,alt,0,8.5,baix,baix,0.0,100.0,100.0,480.0,7.5,0.0,0.0,0.0,0.11,0.0,0.0,6.3,28.84,29.08,0.0,0.0,0,0,0,0.0,,0,inactiu
19.25,14/08/2026 06:30,73.45,0.0,0,alt,0,8.1,baix,baix,0.0,100.0,100.0,480.0,7.5,0.0,0.0,0.0,0.11,0.0,0.0,6.3,28.85,29.07,0.0,0.0,0,0,0,0.0,,0,inactiu
19.65,14/08/2026 07:00,74.35,0.0,0,alt,0,7.7,baix,baix,0.0,100.0,100.0,480.0,7.5,0.0,0.0,0.0,0.11,0.0,0.0,6.3,28.88,29.07,0.0,0.0,0,0,0,0.0,,0,inactiu
21.05,14/08/2026 07:30,70.2,0.0,0,alt,0,7.3,baix,baix,0.0,100.0,100.0,480.0,7.5,0.0,0.0,0.0,0.11,0.0,0.0,6.3,28.92,29.07,0.0,0.0,0,0,0,0.0,,0,inactiu
22.8,14/08/2026 08:00,64.1,0.0,0,alt,0,6.9,baix,baix,0.5,100.0,100.0,480.0,7.5,51.0,23.0,0.25,0.128,0.02,0.0,6.3,28.96,29.06,0.0,0.0,0,0,0,0.0,,0,inactiu
25.700000000000003,14/08/2026 08:30,55.8,0.0,0,alt,0,6.5,baix,baix,1.0,100.0,100.0,480.0,7.5,51.0,23.0,0.25,0.128,0.02,0.0,6.3,28.97,29.06,0.0,0.0,0,0,0,0.0,,0,inactiu
28.95,14/08/2026 09:00,47.55,0.0,0,alt,0,6.2,baix,baix,1.5,100.0,100.0,480.0,7.5,218.0,150.0,1.2,0.127,0.13,0.0,6.3,28.99,29.06,0.0,0.0,0,0,0,0.0,,0,inactiu
32.45,14/08/2026 09:30,37.2,0.0,0,alt,0,5.9,baix,baix,0.0,100.0,100.0,480.0,7.5,218.0,150.0,1.2,0.127,0.13,0.0,6.3,29.04,29.07,0.0,0.0,0,0,0,0.0,,0,inactiu
33.7,14/08/2026 10:00,30.75,0.0,0,alt,0,5.6,baix,baix,0.0,100.0,100.0,480.0,7.5,412.0,323.0,2.65,0.127,0.28,0.0,6.3,29.09,29.07,0.0,0.0,0,0,0,0.0,,0,inactiu
35.099999999999994,14/08/2026 10:30,28.6,0.0,0,alt,0,5.3,baix,baix,0.0,100.0,100.0,480.0,7.5,412.0,323.0,2.65,0.127,0.28,0.0,6.3,29.13,29.08,0.0,0.0,0,0,0,0.0,,0,inactiu
35.45,14/08/2026 11:00,26.65,0.0,0,alt,0,5.0,baix,baix,0.0,100.0,100.0,480.0,7.5,596.0,496.0,4.3,0.125,0.45,0.0,6.3,29.15,29.09,0.0,0.0,0,0,0,0.0,,0,inactiu
36.25,14/08/2026 11:30,28.25,0.0,0,alt,0,4.8,baix,baix,0.0,100.0,100.0,480.0,7.5,596.0,496.0,4.3,0.125,0.45,0.0,6.3,29.17,29.09,0.0,0.0,0,0,0,0.0,,0,inactiu
36.7,14/08/2026 12:00,27.65,0.0,0,alt,0,4.5,baix,baix,0.0,100.0,100.0,480.0,7.5,747.0,641.0,5.85,0.124,0.59,0.0,6.3,29.17,29.1,0.0,0.0,0,0,0,0.0,,0,inactiu
37.05,14/08/2026 12:30,27.0,0.0,0,alt,0,4.3,baix,baix,0.0,100.0,100.0,480.0,7.5,747.0,641.0,5.85,0.124,0.59,0.0,6.3,29.17,29.1,0.0,0.0,0,0,0,0.0,,0,inactiu
36.650000000000006,14/08/2026 13:00,39.5,0.0,0,alt,0,4.1,baix,baix,0.0,100.0,100.0,480.0,7.5,851.0,743.0,6.95,0.122,0.71,0.0,6.3,29.15,29.1,0.0,0.0,0,0,0,0.0,,0,inactiu
36.900000000000006,14/08/2026 13:30,38.85,0.0,0,alt,0,3.9,baix,baix,0.0,100.0,100.0,480.0,7.5,851.0,743.0,6.95,0.122,0.71,0.0,6.3,29.14,29.11,0.0,0.0,0,0,0,0.0,,0,inactiu
37.5,14/08/2026 14:00,32.7,0.0,0,alt,0,3.7,baix,baix,0.0,100.0,100.0,480.0,7.5,893.0,768.0,7.5,0.12,0.76,0.0,6.3,29.14,29.11,0.0,0.0,0,0,0,0.0,,0,inactiu
37.35,14/08/2026 14:30,32.25,0.0,0,alt,0,3.5,baix,baix,0.0,100.0,100.0,480.0,7.5,893.0,768.0,7.5,0.12,0.76,0.0,6.3,29.14,29.12,0.0,0.0,0,0,0,0.0,,0,inactiu
37.05,14/08/2026 15:00,35.7,0.0,0,alt,0,3.3,baix,baix,0.0,100.0,100.0,480.0,7.5,865.0,709.0,7.4,0.12,0.74,0.0,5.8,29.15,29.13,0.0,0.0,0,0,0,0.0,,0,inactiu
36.7,14/08/2026 15:30,39.25,0.0,0,alt,0,3.1,baix,baix,0.0,100.0,100.0,480.0,7.5,865.0,709.0,7.4,0.12,0.74,0.0,2.5,29.16,29.15,0.0,0.0,0,0,0,0.0,,0,inactiu
36.7,14/08/2026 16:00,39.4,0.0,0,alt,0,3.0,baix,baix,0.0,100.0,100.0,480.0,7.5,744.0,490.0,6.5,0.121,0.66,0.0,2.5,29.15,29.17,0.0,0.0,0,0,0,0.0,,0,inactiu
36.6,14/08/2026 16:30,37.35,0.0,0,alt,0,2.8,baix,baix,0.0,100.0,100.0,480.0,7.5,744.0,490.0,6.5,0.121,0.66,0.0,2.5,29.14,29.18,0.0,0.0,0,0,0,0.0,,0,inactiu
36.75,14/08/2026 17:00,37.0,0.0,0,alt,0,2.7,baix,baix,0.0,100.0,100.0,480.0,7.5,645.0,468.0,5.45,0.121,0.58,0.0,1.5,29.16,29.2,0.0,0.0,0,0,0,0.0,,0,inactiu
36.3,14/08/2026 17:30,39.3,0.0,0,alt,0,2.5,baix,baix,0.0,100.0,100.0,480.0,7.5,645.0,468.0,5.45,0.121,0.58,0.0,0.0,29.16,29.22,0.0,0.0,0,0,0,0.0,,0,inactiu
35.75,14/08/2026 18:00,42.0,0.0,0,alt,0,2.4,baix,baix,0.0,100.0,100.0,480.0,7.5,523.0,403.0,3.85,0.121,0.47,0.0,0.0,29.16,29.23,0.0,0.0,0,0,0,0.0,,0,inactiu
34.95,14/08/2026 18:30,42.75,0.0,0,alt,0,2.3,baix,baix,0.0,100.0,100.0,480.0,7.5,523.0,403.0,3.85,0.121,0.47,0.0,0.0,29.16,29.24,0.0,0.0,0,0,0,0.0,,0,inactiu
34.3,14/08/2026 19:00,42.75,0.0,0,alt,0,2.2,baix,baix,0.0,100.0,100.0,480.0,7.5,350.0,264.0,2.2,0.12,0.33,0.0,0.0,29.16,29.25,0.0,0.0,0,0,0,0.0,,0,inactiu
33.599999999999994,14/08/2026 19:30,44.5,0.0,0,alt,0,2.1,baix,baix,0.0,100.0,100.0,480.0,7.5,350.0,264.0,2.2,0.12,0.33,0.0,0.0,29.17,29.26,0.0,0.0,0,0,0,0.0,,0,inactiu
32.400000000000006,14/08/2026 20:00,47.9,0.0,0,alt,0,1.9,baix,baix,0.0,100.0,100.0,480.0,7.5,165.0,108.0,0.85,0.119,0.18,0.0,0.0,29.18,29.27,0.0,0.0,0,0,0,0.0,,0,inactiu
31.1,14/08/2026 20:30,52.8,0.0,0,alt,0,1.8,baix,baix,0.0,100.0,100.0,480.0,7.5,165.0,108.0,0.85,0.119,0.18,0.0,0.0,29.18,29.27,0.0,0.0,0,0,0,0.0,,0,inactiu
30.0,14/08/2026 21:00,57.7,0.0,0,alt,0,1.8,baix,baix,0.0,100.0,100.0,480.0,7.5,22.0,7.0,0.1,0.119,0.04,0.0,0.0,29.18,29.27,0.0,0.0,0,0,0,0.0,,0,inactiu
29.1,14/08/2026 21:30,62.25,0.0,0,alt,0,1.7,baix,baix,0.5,100.0,100.0,480.0,7.5,22.0,7.0,0.1,0.119,0.04,0.0,0.0,29.19,29.28,0.0,0.0,0,0,0,0.0,,0,inactiu
28.0,14/08/2026 22:00,65.75,0.0,0,alt,0,1.6,baix,baix,1.0,100.0,100.0,480.0,7.5,0.0,0.0,0.0,0.119,0.0,0.0,0.0,29.2,29.28,0.0,0.0,0,0,0,0.0,,0,inactiu
26.450000000000003,14/08/2026 22:30,65.4,0.0,0,alt,0,1.5,baix,baix,1.5,100.0,100.0,480.0,7.5,0.0,0.0,0.0,0.119,0.0,0.0,0.0,29.22,29.28,0.0,0.0,0,0,0,0.0,,0,inactiu
25.3,14/08/2026 23:00,64.9,0.0,0,alt,0,1.4,baix,baix,2.0,100.0,100.0,480.0,7.5,0.0,0.0,0.0,0.119,0.0,0.0,0.0,29.22,29.27,0.0,0.0,0,0,0,0.0,,0,inactiu
24.65,14/08/2026 23:30,68.25,0.0,0,alt,0,1.3,baix,baix,2.5,100.0,100.0,480.0,7.5,0.0,0.0,0.0,0.119,0.0,0.0,0.0,29.19,29.27,0.0,0.0,0,0,0,0.0,,0,inactiu
24.95,15/08/2026 00:00,70.25,0.0,0,alt,0,1.3,baix,baix,3.0,100.0,100.0,210.0,7.4,0.0,0.0,0.0,0.119,0.0,0.0,0.0,29.19,29.27,0.0,0.0,0,0,0,0.0,,0,inactiu
23.25,15/08/2026 00:30,70.85,0.0,0,alt,0,1.2,baix,baix,3.5,100.0,100.0,210.0,7.4,0.0,0.0,0.0,0.119,0.0,0.0,0.0,29.18,29.26,0.0,0.0,0,0,0,0.0,,0,inactiu
23.0,15/08/2026 01:00,73.25,0.0,0,alt,0,1.2,baix,baix,4.0,100.0,100.0,210.0,7.4,0.0,0.0,0.0,0.119,0.0,0.0,0.0,29.16,29.26,0.0,0.0,0,0,0,0.0,,0,inactiu
22.25,15/08/2026 01:30,74.4,0.0,0,alt,0,1.1,baix,baix,4.5,100.0,100.0,210.0,7.4,0.0,0.0,0.0,0.119,0.0,0.0,0.0,29.13,29.25,0.0,0.0,0,0,0,0.0,,0,inactiu
21.6,15/08/2026 02:00,75.75,0.0,0,alt,0,1.0,baix,baix,5.0,100.0,100.0,210.0,7.4,0.0,0.0,0.0,0.111,0.0,0.0,0.0,29.12,29.25,0.0,0.0,0,0,0,0.0,,0,inactiu
21.5,15/08/2026 02:30,77.5,0.0,0,alt,0,1.0,baix,baix,5.5,100.0,100.0,210.0,7.4,0.0,0.0,0.0,0.111,0.0,0.0,0.0,29.1,29.24,0.0,0.0,0,0,0,0.0,,0,inactiu
21.15,15/08/2026 03:00,77.3,0.0,0,alt,0,0.9,baix,baix,6.0,100.0,100.0,210.0,7.4,0.0,0.0,0.0,0.111,0.0,0.0,0.0,29.1,29.24,0.0,0.0,0,0,0,0.0,,0,inactiu
21.6,15/08/2026 03:30,80.9,0.0,0,alt,0,0.9,baix,baix,6.5,100.0,100.0,210.0,7.4,0.0,0.0,0.0,0.111,0.0,0.0,0.0,29.11,29.23,0.0,0.0,0,0,0,0.0,,0,inactiu
21.45,15/08/2026 04:00,80.6,0.0,0,alt,0,0.8,baix,baix,7.0,100.0,100.0,210.0,7.4,0.0,0.0,0.0,0.111,0.0,0.0,0.0,29.13,29.23,0.0,0.0,0,0,0,0.0,,0,inactiu
20.45,15/08/2026 04:30,81.4,0.0,0,alt,0,0.8,baix,baix,0.0,100.0,100.0,210.0,7.4,0.0,0.0,0.0,0.111,0.0,0.0,0.0,29.13,29.22,0.0,0.0,0,0,0,0.0,,0,inactiu
20.6,15/08/2026 05:00,82.55000000000001,0.0,0,alt,0,0.8,baix,baix,0.0,100.0,100.0,210.0,7.4,0.0,0.0,0.0,0.111,0.0,0.0,0.0,29.15,29.22,0.0,0.0,0,0,0,0.0,,0,inactiu
19.75,15/08/2026 05:30,82.05000000000001,0.0,0,alt,0,0.7,baix,baix,0.0,100.0,100.0,210.0,7.4,0.0,0.0,0.0,0.111,0.0,0.0,0.0,29.15,29.21,0.0,0.0,0,0,0,0.0,,0,inactiu
19.8,15/08/2026 06:00,84.05000000000001,0.0,0,alt,0,0.7,baix,baix,0.0,100.0,100.0,210.0,7.4,0.0,0.0,0.0,0.111,0.0,0.0,0.0,29.16,29.21,0.0,0.0,0,0,0,0.0,,0,inactiu
19.25,15/08/2026 06:30,83.85,0.0,0,alt,0,0.6,baix,baix,0.0,100.0,100.0,210.0,7.4,0.0,0.0,0.0,0.111,0.0,0.0,0.0,29.16,29.2,0.0,0.0,0,0,0,0.0,,0,inactiu
19.15,15/08/2026 07:00,82.80000000000001,0.0,0,alt,0,0.6,baix,baix,0.0,100.0,100.0,210.0,7.4,0.0,0.0,0.0,0.111,0.0,0.0,0.0,29.15,29.19,0.0,0.0,0,0,0,0.0,,0,inactiu
20.2,15/08/2026 07:30,78.8,0.0,0,alt,0,0.6,baix,baix,0.0,100.0,100.0,210.0,7.4,0.0,0.0,0.0,0.111,0.0,0.0,0.0,29.13,29.18,0.0,0.0,0,0,0,0.0,,0,inactiu
22.25,15/08/2026 08:00,74.19999999999999,0.0,0,alt,0,0.6,baix,baix,0.5,100.0,100.0,210.0,7.4,49.0,20.0,0.2,0.125,0.02,0.0,0.0,29.12,29.17,0.0,0.0,0,0,0,0.0,,0,inactiu
25.200000000000003,15/08/2026 08:30,68.1,0.0,0,alt,0,0.5,baix,baix,1.0,100.0,100.0,210.0,7.4,49.0,20.0,0.2,0.125,0.02,0.0,0.0,29.11,29.17,0.0,0.0,0,0,0,0.0,,0,inactiu
28.1,15/08/2026 09:00,66.65,0.0,0,alt,0,0.5,baix,baix,1.5,100.0,100.0,210.0,7.4,213.0,146.0,1.15,0.125,0.13,0.0,0.0,29.09,29.17,0.0,0.0,0,0,0,0.0,,0,inactiu
30.450000000000003,15/08/2026 09:30,65.8,0.0,0,alt,0,0.5,baix,baix,0.0,100.0,100.0,210.0,7.4,213.0,146.0,1.15,0.125,0.13,0.0,0.0,29.05,29.17,0.0,0.0,0,0,0,0.0,,0,inactiu
31.55,15/08/2026 10:00,60.2,0.0,0,alt,0,0.4,baix,baix,0.0,100.0,100.0,210.0,7.4,407.0,318.0,2.6,0.125,0.28,0.0,0.0,29.0,29.18,0.0,0.0,0,0,0,0.0,,0,inactiu
32.3,15/08/2026 10:30,54.8,0.0,0,alt,0,0.4,baix,baix,0.0,100.0,100.0,210.0,7.4,407.0,318.0,2.6,0.125,0.28,0.0,0.0,28.94,29.18,0.0,0.0,0,0,0,0.0,,0,inactiu
33.05,15/08/2026 11:00,50.35,0.0,0,alt,0,0.4,baix,baix,0.0,100.0,100.0,210.0,7.4,590.0,487.0,4.3,0.124,0.45,0.0,0.0,28.89,29.18,0.0,0.0,0,0,0,0.0,,0,inactiu
33.8,15/08/2026 11:30,46.05,0.0,0,alt,0,0.4,baix,baix,0.0,100.0,100.0,210.0,7.4,590.0,487.0,4.3,0.124,0.45,0.0,0.0,28.84,29.18,0.0,0.0,0,0,0,0.0,,0,inactiu
34.2,15/08/2026 12:00,42.95,0.0,0,alt,0,0.4,baix,baix,0.0,100.0,100.0,210.0,7.4,744.0,639.0,5.8,0.122,0.58,0.0,0.0,28.79,29.18,0.0,0.0,0,0,0,0.0,,0,inactiu
35.05,15/08/2026 12:30,38.35,0.0,0,alt,0,0.3,baix,baix,0.0,100.0,100.0,210.0,7.4,744.0,639.0,5.8,0.122,0.58,0.0,0.0,28.75,29.18,0.0,0.0,0,0,0,0.0,,0,inactiu
35.4,15/08/2026 13:00,37.8,0.0,0,alt,0,0.3,baix,baix,0.0,100.0,100.0,210.0,7.4,846.0,739.0,6.9,0.121,0.68,0.0,0.0,28.72,29.19,0.0,0.0,0,0,0,0.0,,0,inactiu
35.9,15/08/2026 13:30,35.75,0.0,0,alt,0,0.3,baix,baix,0.0,100.0,100.0,210.0,7.4,846.0,739.0,6.9,0.121,0.68,0.0,0.0,28.7,29.19,0.0,0.0,0,0,0,0.0,,0,inactiu
36.3,15/08/2026 14:00,36.650000000000006,0.0,0,alt,0,0.3,baix,baix,0.0,100.0,100.0,210.0,7.4,891.0,779.0,7.45,0.112,0.73,0.0,0.0,28.68,29.19,0.0,0.0,0,0,0,0.0,,0,inactiu
36.45,15/08/2026 14:30,35.55,0.0,0,alt,0,0.3,baix,baix,0.0,100.0,100.0,210.0,7.4,891.0,779.0,7.45,0.112,0.73,0.0,0.0,28.66,29.19,0.0,0.0,0,0,0,0.0,,0,inactiu
35.85,15/08/2026 15:00,40.4,0.0,0,alt,0,0.3,baix,baix,0.0,100.0,100.0,210.0,7.4,883.0,773.0,7.3,0.111,0.73,0.0,0.0,28.63,29.19,0.0,0.0,0,0,0,0.0,,0,inactiu
35.0,15/08/2026 15:30,40.900000000000006,0.0,0,alt,0,0.2,baix,baix,0.0,100.0,100.0,210.0,7.4,883.0,773.0,7.3,0.111,0.73,0.0,0.0,28.6,29.19,0.0,0.0,0,0,0,0.0,,0,inactiu
33.4,15/08/2026 16:00,43.8,0.0,0,alt,0,0.2,baix,baix,0.0,100.0,100.0,210.0,7.4,802.0,689.0,6.65,0.111,0.67,0.0,0.0,28.53,29.19,0.0,0.0,0,0,0,0.0,,0,inactiu
32.25,15/08/2026 16:30,44.95,0.0,0,alt,0,0.2,baix,baix,0.0,100.0,100.0,210.0,7.4,802.0,689.0,6.65,0.111,0.67,0.0,0.0,28.44,29.19,0.0,0.0,0,0,0,0.0,,0,inactiu
32.55,15/08/2026 17:00,53.2,0.0,0,alt,0,0.2,baix,baix,0.0,100.0,100.0,210.0,7.4,574.0,306.0,5.35,0.112,0.51,0.0,0.0,28.35,29.18,0.0,0.0,0,0,0,0.0,,0,inactiu
33.25,15/08/2026 17:30,48.400000000000006,0.0,0,alt,0,0.2,baix,baix,0.0,100.0,100.0,210.0,7.4,574.0,306.0,5.35,0.112,0.51,0.0,0.0,28.29,29.18,0.0,0.0,0,0,0,0.0,,0,inactiu
33.25,15/08/2026 18:00,47.1,0.0,0,alt,0,0.2,baix,baix,0.0,100.0,100.0,210.0,7.4,427.0,199.0,3.55,0.112,0.39,0.0,0.0,28.24,29.18,0.0,0.0,0,0,0,0.0,,0,inactiu
33.150000000000006,15/08/2026 18:30,48.95,0.0,0,alt,0,0.2,baix,baix,0.0,100.0,100.0,210.0,7.4,427.0,199.0,3.55,0.112,0.39,0.0,0.0,28.2,29.18,0.0,0.0,0,0,0,0.0,,0,inactiu
32.75,15/08/2026 19:00,50.65,0.0,0,alt,0,0.2,baix,baix,0.0,100.0,100.0,210.0,7.4,338.0,237.0,2.1,0.112,0.31,0.0,0.0,28.17,29.18,0.0,0.0,0,0,0,0.0,,0,inactiu
31.75,15/08/2026 19:30,55.4,0.0,0,alt,0,0.2,baix,baix,0.0,100.0,100.0,210.0,7.4,338.0,237.0,2.1,0.112,0.31,0.0,0.0,28.13,29.18,0.0,0.0,0,0,0,0.0,,0,inactiu
30.75,15/08/2026 20:00,60.25,0.0,0,alt,0,0.2,baix,baix,0.0,100.0,100.0,210.0,7.4,135.0,53.0,0.8,0.112,0.15,0.0,0.0,28.09,29.18,0.0,0.0,0,0,0,0.0,,0,inactiu
29.55,15/08/2026 20:30,65.75,0.0,0,alt,0,0.1,baix,baix,0.0,100.0,100.0,210.0,7.4,135.0,53.0,0.8,0.112,0.15,0.0,0.0,28.06,29.17,0.0,0.0,0,0,0,0.0,,0,inactiu
28.75,15/08/2026 21:00,69.19999999999999,0.0,0,alt,0,0.1,baix,baix,0.5,100.0,100.0,210.0,7.4,21.0,6.0,0.1,0.112,0.05,0.0,0.0,28.04,29.17,0.0,0.0,0,0,0,0.0,,0,inactiu
28.1,15/08/2026 21:30,71.75,0.0,0,alt,0,0.1,baix,baix,1.0,100.0,100.0,210.0,7.4,21.0,6.0,0.1,0.112,0.05,0.0,0.0,28.01,29.17,0.0,0.0,0,0,0,0.0,,0,inactiu
27.15,15/08/2026 22:00,73.25,0.0,0,alt,0,0.1,baix,baix,1.5,100.0,100.0,210.0,7.4,0.0,0.0,0.0,0.112,0.01,0.0,0.0,28.0,29.16,0.0,0.0,0,0,0,0.0,,0,inactiu
26.25,15/08/2026 22:30,75.2,0.0,0,alt,0,0.1,baix,baix,2.0,100.0,100.0,210.0,7.4,0.0,0.0,0.0,0.112,0.01,0.0,0.0,27.99,29.16,0.0,0.0,0,0,0,0.0,,0,inactiu
26.05,15/08/2026 23:00,77.75,0.0,0,alt,0,0.1,baix,baix,2.5,100.0,100.0,210.0,7.4,0.0,0.0,0.0,0.112,0.0,0.0,0.0,28.01,29.16,0.0,0.0,0,0,0,0.0,,0,inactiu
25.3,15/08/2026 23:30,78.6,0.0,0,alt,0,0.1,baix,baix,3.0,100.0,100.0,210.0,7.4,0.0,0.0,0.0,0.112,0.0,0.0,0.0,28.02,29.16,0.0,0.0,0,0,0,0.0,,0,inactiu
25.1,16/08/2026 00:00,80.7,0.0,0,alt,1,0.0,baix,baix,3.5,100.0,100.0,90.0,7.4,0.0,0.0,0.0,0.112,0.0,0.0,0.0,28.02,29.16,0.5,12.6,0,0,0,0.0,,0,inactiu
24.4,16/08/2026 00:30,81.65,0.0,0,alt,1,0.0,baix,baix,4.0,100.0,100.0,90.0,7.4,0.0,0.0,0.0,0.112,0.0,0.0,0.0,28.05,29.16,1.0,24.8,0,0,0,0.0,,0,inactiu
23.7,16/08/2026 01:00,82.44999999999999,0.0,0,alt,1,0.0,baix,baix,4.5,100.0,100.0,90.0,7.4,0.0,0.0,0.0,0.112,0.0,0.0,0.0,28.06,29.16,1.5,36.6,0,0,0,0.0,,0,inactiu
22.950000000000003,16/08/2026 01:30,83.15,0.0,0,alt,1,4.1,baix,baix,5.0,100.0,100.0,90.0,7.4,0.0,0.0,0.0,0.112,0.0,0.0,0.0,28.08,29.16,2.0,48.1,0,0,0,0.0,,0,inactiu
22.3,16/08/2026 02:00,82.85,0.0,0,alt,1,6.5,baix,baix,5.5,100.0,100.0,90.0,7.4,0.0,0.0,0.0,0.109,0.0,0.0,0.0,28.09,29.16,2.5,59.2,0,0,0,0.0,,0,inactiu
22.0,16/08/2026 02:30,83.6,0.0,0,alt,1,10.3,baix,baix,6.0,100.0,100.0,90.0,7.4,0.0,0.0,0.0,0.109,0.0,0.0,0.0,28.1,29.16,3.0,70.2,0,0,0,0.0,,0,inactiu
22.200000000000003,16/08/2026 03:00,86.2,0.0,0,alt,1,16.5,baix,baix,6.5,100.0,100.0,90.0,7.4,0.0,0.0,0.0,0.109,0.0,0.0,0.0,28.12,29.16,3.5,81.3,0,0,0,0.0,,0,inactiu
21.75,16/08/2026 03:30,85.65,0.0,0,alt,1,25.2,moderat,baix,7.0,100.0,100.0,90.0,7.4,0.0,0.0,0.0,0.109,0.0,0.0,0.0,28.13,29.16,4.0,0.0,0,0,0,0.0,,0,inactiu
21.55,16/08/2026 04:00,86.1,0.0,0,alt,1,36.5,moderat,baix,7.5,100.0,100.0,90.0,7.4,0.0,0.0,0.0,0.109,0.0,0.0,0.0,28.13,29.16,4.5,10.8,0,0,0,0.0,,0,inactiu
21.35,16/08/2026 04:30,87.6,0.0,0,alt,1,49.7,moderat,baix,8.0,100.0,100.0,90.0,7.4,0.0,0.0,0.0,0.109,0.0,0.0,0.0,28.15,29.16,5.0,21.5,0,0,0,0.0,,0,inactiu
20.35,16/08/2026 05:00,86.4,0.0,0,alt,1,62.3,alt,baix,0.0,100.0,100.0,90.0,7.4,0.0,0.0,0.0,0.109,0.0,0.0,0.0,28.14,29.15,5.5,31.6,0,0,0,0.0,,0,inactiu
20.5,16/08/2026 05:30,88.25,0.0,0,alt,1,73.7,alt,moderat,0.0,100.0,100.0,90.0,7.4,0.0,0.0,0.0,0.109,0.0,0.0,0.0,28.16,29.15,6.0,41.9,0,0,0,0.0,,0,inactiu
21.8,16/08/2026 06:00,91.4,0.0,0,alt,1,83.2,alt,moderat,0.5,100.0,100.0,90.0,7.4,0.0,0.0,0.0,0.109,0.0,0.0,0.0,28.2,29.16,6.5,52.8,0,0,0,0.0,,0,inactiu
21.55,16/08/2026 06:30,90.3,0.0,0,alt,1,89.8,alt,moderat,1.0,100.0,100.0,90.0,7.4,0.0,0.0,0.0,0.109,0.0,0.0,0.0,28.25,29.16,7.0,63.6,0,0,0,0.0,,0,inactiu
20.9,16/08/2026 07:00,91.9,0.0,0,alt,1,93.8,alt,moderat,0.0,100.0,100.0,90.0,7.4,0.0,0.0,0.0,0.109,0.0,0.0,0.0,28.29,29.16,7.5,74.0,0,0,0,0.0,,0,inactiu
21.8,16/08/2026 07:30,91.7,0.0,0,alt,1,96.5,alt,moderat,0.5,100.0,100.0,90.0,7.4,0.0,0.0,0.0,0.109,0.0,0.0,0.0,28.32,29.16,8.0,0.0,0,0,0,0.0,,0,inactiu
23.05,16/08/2026 08:00,86.94999999999999,0.0,0,alt,1,98.0,alt,moderat,1.0,100.0,100.0,90.0,7.4,48.0,19.0,0.2,0.113,0.02,0.0,0.0,28.34,29.15,8.5,0.0,0,0,0,0.0,,0,inactiu
25.65,16/08/2026 08:30,80.3,0.0,0,alt,1,99.0,alt,alt,1.5,100.0,100.0,90.0,7.4,48.0,19.0,0.2,0.113,0.02,0.0,0.0,28.34,29.15,9.0,0.0,0,0,0,0.0,,0,inactiu
28.25,16/08/2026 09:00,72.75,0.0,0,alt,0,93.9,alt,baix,2.0,100.0,100.0,90.0,7.4,211.0,142.0,1.15,0.113,0.13,0.0,0.0,28.35,29.15,0.0,0.0,0,0,0,0.0,,0,inactiu
30.25,16/08/2026 09:30,66.80000000000001,0.0,0,alt,0,89.1,alt,baix,0.0,100.0,100.0,90.0,7.4,211.0,142.0,1.15,0.113,0.13,0.0,0.0,28.34,29.15,0.0,0.0,0,0,0,0.0,,0,inactiu
31.3,16/08/2026 10:00,61.4,0.0,0,alt,0,84.5,alt,baix,0.0,100.0,100.0,90.0,7.4,405.0,319.0,2.6,0.113,0.29,0.0,0.0,28.34,29.15,0.0,0.0,0,0,0,0.0,,0,inactiu
32.65,16/08/2026 10:30,52.35,0.0,0,alt,0,80.2,alt,baix,0.0,100.0,100.0,90.0,7.4,405.0,319.0,2.6,0.113,0.29,0.0,0.0,28.35,29.15,0.0,0.0,0,0,0,0.0,,0,inactiu
33.45,16/08/2026 11:00,46.45,0.0,0,alt,0,76.1,alt,baix,0.0,100.0,100.0,90.0,7.4,588.0,487.0,4.25,0.113,0.45,0.0,0.0,28.35,29.15,0.0,0.0,0,0,0,0.0,,0,inactiu
33.5,16/08/2026 11:30,46.0,0.0,0,alt,0,72.2,alt,baix,0.0,100.0,100.0,90.0,7.4,588.0,487.0,4.25,0.113,0.45,0.0,0.0,28.35,29.15,0.0,0.0,0,0,0,0.0,,0,inactiu
34.05,16/08/2026 12:00,44.75,0.0,0,alt,0,68.5,alt,baix,0.0,100.0,100.0,90.0,7.4,738.0,629.0,5.8,0.112,0.58,0.0,0.0,28.34,29.15,0.0,0.0,0,0,0,0.0,,0,inactiu
34.45,16/08/2026 12:30,40.7,0.0,0,alt,0,64.9,alt,baix,0.0,100.0,100.0,90.0,7.4,738.0,629.0,5.8,0.112,0.58,0.0,0.0,28.33,29.15,0.0,0.0,0,0,0,0.0,,0,inactiu
34.900000000000006,16/08/2026 13:00,38.95,0.0,0,alt,0,61.6,alt,baix,0.0,100.0,100.0,90.0,7.4,841.0,733.0,6.9,0.112,0.68,0.0,0.0,28.32,29.15,0.0,0.0,0,0,0,0.0,,0,inactiu
34.8,16/08/2026 13:30,40.3,0.0,0,alt,0,58.5,alt,baix,0.0,100.0,100.0,90.0,7.4,841.0,733.0,6.9,0.112,0.68,0.0,0.0,28.3,29.15,0.0,0.0,0,0,0,0.0,,0,inactiu
35.05,16/08/2026 14:00,40.55,0.0,0,alt,0,55.5,alt,baix,0.0,100.0,100.0,90.0,7.4,892.0,782.0,7.45,0.115,0.72,0.0,0.0,28.27,29.15,0.0,0.0,0,0,0,0.0,,0,inactiu
34.8,16/08/2026 14:30,40.95,0.0,0,alt,0,52.6,alt,baix,0.0,100.0,100.0,90.0,7.4,892.0,782.0,7.45,0.115,0.72,0.0,0.0,28.24,29.16,0.0,0.0,0,0,0,0.0,,0,inactiu
34.7,16/08/2026 15:00,41.25,0.0,0,alt,0,49.9,moderat,baix,0.0,100.0,100.0,90.0,7.4,885.0,774.0,7.35,0.115,0.72,0.0,0.0,28.21,29.16,0.0,0.0,0,0,0,0.0,,0,inactiu
35.25,16/08/2026 15:30,40.400000000000006,0.0,0,alt,0,47.3,moderat,baix,0.0,100.0,100.0,90.0,7.4,885.0,774.0,7.35,0.115,0.72,0.0,0.0,28.22,29.16,0.0,0.0,0,0,0,0.0,,0,inactiu
35.05,16/08/2026 16:00,40.95,0.0,0,alt,0,44.9,moderat,baix,0.0,100.0,100.0,90.0,7.4,819.0,713.0,6.65,0.114,0.67,0.0,0.0,28.25,29.16,0.0,0.0,0,0,0,0.0,,0,inactiu
34.75,16/08/2026 16:30,41.95,0.0,0,alt,0,42.6,moderat,baix,0.0,100.0,100.0,90.0,7.4,819.0,713.0,6.65,0.114,0.67,0.0,0.0,28.31,29.16,0.0,0.0,0,0,0,0.0,,0,inactiu
34.4,16/08/2026 17:00,41.5,0.0,0,alt,0,40.4,moderat,baix,0.0,100.0,100.0,90.0,7.4,702.0,600.0,5.4,0.113,0.58,0.0,0.0,28.34,29.17,0.0,0.0,0,0,0,0.0,,0,inactiu
34.099999999999994,16/08/2026 17:30,44.05,0.0,0,alt,0,38.3,moderat,baix,0.0,100.0,100.0,90.0,7.4,702.0,600.0,5.4,0.113,0.58,0.0,0.0,28.36,29.17,0.0,0.0,0,0,0,0.0,,0,inactiu
33.55,16/08/2026 18:00,44.150000000000006,0.0,0,alt,0,36.4,moderat,baix,0.0,100.0,100.0,90.0,7.4,541.0,448.0,3.8,0.113,0.46,0.0,0.0,28.37,29.17,0.0,0.0,0,0,0,0.0,,0,inactiu
33.2,16/08/2026 18:30,45.05,0.0,0,alt,0,34.5,moderat,baix,0.0,100.0,100.0,90.0,7.4,541.0,448.0,3.8,0.113,0.46,0.0,0.0,28.37,29.16,0.0,0.0,0,0,0,0.0,,0,inactiu
32.65,16/08/2026 19:00,45.45,0.0,0,alt,0,32.7,moderat,baix,0.0,100.0,100.0,90.0,7.4,351.0,272.0,2.15,0.112,0.33,0.0,0.0,28.37,29.16,0.0,0.0,0,0,0,0.0,,0,inactiu
31.950000000000003,16/08/2026 19:30,45.8,0.0,0,alt,0,31.1,moderat,baix,0.0,100.0,100.0,90.0,7.4,351.0,272.0,2.15,0.112,0.33,0.0,0.0,28.37,29.16,0.0,0.0,0,0,0,0.0,,0,inactiu
30.95,16/08/2026 20:00,52.650000000000006,0.0,0,alt,0,29.5,moderat,baix,0.0,100.0,100.0,90.0,7.4,158.0,102.0,0.8,0.123,0.17,0.0,0.0,28.38,29.16,0.0,0.0,0,0,0,0.0,,0,inactiu
29.75,16/08/2026 20:30,62.15,0.0,0,alt,0,28.0,moderat,baix,0.0,100.0,100.0,90.0,7.4,158.0,102.0,0.8,0.123,0.17,0.0,0.0,28.38,29.16,0.0,0.0,0,0,0,0.0,,0,inactiu
28.950000000000003,16/08/2026 21:00,69.05,0.0,0,alt,0,26.5,moderat,baix,0.5,100.0,100.0,90.0,7.4,20.0,7.0,0.1,0.123,0.04,0.0,0.0,28.38,29.15,0.0,0.0,0,0,0,0.0,,0,inactiu
28.55,16/08/2026 21:30,71.75,0.0,0,alt,0,25.2,moderat,baix,1.0,100.0,100.0,90.0,7.4,20.0,7.0,0.1,0.123,0.04,0.0,0.0,28.39,29.15,0.0,0.0,0,0,0,0.0,,0,inactiu
27.950000000000003,16/08/2026 22:00,73.6,0.0,0,alt,0,23.9,moderat,baix,1.5,100.0,100.0,90.0,7.4,0.0,0.0,0.0,0.123,0.0,0.0,0.0,28.41,29.15,0.0,0.0,0,0,0,0.0,,0,inactiu
26.85,16/08/2026 22:30,76.55,0.0,0,alt,0,22.6,moderat,baix,2.0,100.0,100.0,90.0,7.4,0.0,0.0,0.0,0.123,0.0,0.0,0.0,28.42,29.14,0.0,0.0,0,0,0,0.0,,0,inactiu
26.5,16/08/2026 23:00,78.35,0.0,0,alt,0,21.5,moderat,baix,2.5,100.0,100.0,90.0,7.4,0.0,0.0,0.0,0.123,0.0,0.0,0.0,28.43,29.14,0.0,0.0,0,0,0,0.0,,0,inactiu
26.0,16/08/2026 23:30,80.35,0.0,0,alt,0,20.4,moderat,baix,3.0,100.0,100.0,90.0,7.4,0.0,0.0,0.0,0.123,0.0,0.0,0.0,28.45,29.14,0.0,0.0,0,0,0,0.0,,0,inactiu
26.5,17/08/2026 00:00,79.75,0.0,0,alt,0,19.3,baix,baix,3.5,100.0,100.0,30.0,7.4,0.0,0.0,0.0,0.123,0.0,0.0,0.0,28.48,29.13,0.0,0.0,0,0,0,0.0,,0,inactiu
26.25,17/08/2026 00:30,80.94999999999999,0.0,0,alt,0,18.3,baix,baix,4.0,100.0,100.0,30.0,7.4,0.0,0.0,0.0,0.123,0.0,0.0,0.0,28.51,29.13,0.0,0.0,0,0,0,0.0,,0,inactiu
25.1,17/08/2026 01:00,82.4,0.0,0,alt,0,17.4,baix,baix,4.5,100.0,100.0,30.0,7.4,0.0,0.0,0.0,0.123,0.0,0.0,0.0,28.54,29.13,0.0,0.0,0,0,0,0.0,,0,inactiu
24.5,17/08/2026 01:30,83.2,0.0,0,alt,0,16.5,baix,baix,5.0,100.0,100.0,30.0,7.4,0.0,0.0,0.0,0.123,0.0,0.0,0.0,28.58,29.13,0.0,0.0,0,0,0,0.0,,0,inactiu
24.0,17/08/2026 02:00,84.85,0.0,0,alt,0,15.7,baix,baix,5.5,100.0,100.0,30.0,7.4,0.0,0.0,0.0,0.11,0.0,0.0,0.0,28.61,29.13,0.0,0.0,0,0,0,0.0,,0,inactiu
23.6,17/08/2026 02:30,85.6,0.0,0,alt,0,14.9,baix,baix,6.0,100.0,100.0,30.0,7.4,0.0,0.0,0.0,0.11,0.0,0.0,0.0,28.64,29.13,0.0,0.0,0,0,0,0.0,,0,inactiu
22.4,17/08/2026 03:00,86.55000000000001,0.0,0,alt,0,14.1,baix,baix,6.5,100.0,100.0,30.0,7.4,0.0,0.0,0.0,0.11,0.0,0.0,0.0,28.65,29.12,0.0,0.0,0,0,0,0.0,,0,inactiu
21.7,17/08/2026 03:30,86.8,0.0,0,alt,0,13.4,baix,baix,7.0,100.0,100.0,30.0,7.4,0.0,0.0,0.0,0.11,0.0,0.0,0.0,28.65,29.12,0.0,0.0,0,0,0,0.0,,0,inactiu
21.15,17/08/2026 04:00,86.69999999999999,0.0,0,alt,0,12.7,baix,baix,7.5,100.0,100.0,30.0,7.4,0.0,0.0,0.0,0.11,0.0,0.0,0.0,28.64,29.11,0.0,0.0,0,0,0,0.0,,0,inactiu
21.35,17/08/2026 04:30,88.4,0.0,0,alt,0,12.0,baix,baix,8.0,100.0,100.0,30.0,7.4,0.0,0.0,0.0,0.11,0.0,0.0,0.0,28.64,29.11,0.0,0.0,0,0,0,0.0,,0,inactiu
20.8,17/08/2026 05:00,88.6,0.0,0,alt,0,11.4,baix,baix,0.0,100.0,100.0,30.0,7.4,0.0,0.0,0.0,0.11,0.0,0.0,0.0,28.65,29.1,0.0,0.0,0,0,0,0.0,,0,inactiu
20.35,17/08/2026 05:30,88.2,0.0,0,alt,0,10.8,baix,baix,0.0,100.0,100.0,30.0,7.4,0.0,0.0,0.0,0.11,0.0,0.0,0.0,28.65,29.1,0.0,0.0,0,0,0,0.0,,0,inactiu
20.1,17/08/2026 06:00,88.6,0.0,0,alt,0,10.3,baix,baix,0.0,100.0,100.0,30.0,7.4,0.0,0.0,0.0,0.11,0.0,0.0,0.0,28.61,29.09,0.0,0.0,0,0,0,0.0,,0,inactiu
20.7,17/08/2026 06:30,91.15,0.0,0,alt,1,0.0,baix,baix,0.0,100.0,100.0,30.0,7.4,0.0,0.0,0.0,0.11,0.0,0.0,0.0,28.59,29.09,0.5,10.4,0,0,0,0.0,,0,inactiu
19.8,17/08/2026 07:00,90.65,0.0,0,alt,1,0.0,baix,baix,0.0,100.0,100.0,30.0,7.4,0.0,0.0,0.0,0.11,0.0,0.0,0.0,28.57,29.09,1.0,20.2,0,0,0,0.0,,0,inactiu
21.2,17/08/2026 07:30,92.3,0.0,0,alt,1,0.0,baix,baix,0.5,100.0,100.0,30.0,7.4,0.0,0.0,0.0,0.11,0.0,0.0,0.0,28.56,29.09,1.5,30.8,0,0,0,0.0,,0,inactiu
22.950000000000003,17/08/2026 08:00,88.19999999999999,0.0,0,alt,1,1.8,baix,baix,1.0,100.0,100.0,30.0,7.4,41.0,12.0,0.2,0.114,0.02,0.0,0.0,28.56,29.09,2.0,0.0,0,0,0,0.0,,0,inactiu
25.6,17/08/2026 08:30,80.9,0.0,0,alt,1,4.0,baix,baix,1.5,100.0,100.0,30.0,7.4,41.0,12.0,0.2,0.114,0.02,0.0,0.0,28.55,29.08,2.5,0.0,0,0,0,0.0,,0,inactiu
28.25,17/08/2026 09:00,75.19999999999999,0.0,0,alt,0,3.8,baix,baix,2.0,100.0,100.0,30.0,7.4,184.0,99.0,1.15,0.114,0.12,0.0,0.0,28.55,29.08,0.0,0.0,0,0,0,0.0,,0,inactiu
29.95,17/08/2026 09:30,69.2,0.0,0,alt,0,3.6,baix,baix,0.0,100.0,100.0,30.0,7.4,184.0,99.0,1.15,0.114,0.12,0.0,0.0,28.55,29.08,0.0,0.0,0,0,0,0.0,,0,inactiu
31.4,17/08/2026 10:00,58.4,0.0,0,alt,0,3.4,baix,baix,0.0,100.0,100.0,30.0,7.4,388.0,288.0,2.6,0.114,0.28,0.0,0.0,28.55,29.08,0.0,0.0,0,0,0,0.0,,0,inactiu
32.9,17/08/2026 10:30,47.2,0.0,0,alt,0,3.2,baix,baix,0.0,100.0,100.0,30.0,7.4,388.0,288.0,2.6,0.114,0.28,0.0,0.0,28.56,29.08,0.0,0.0,0,0,0,0.0,,0,inactiu
33.95,17/08/2026 11:00,43.650000000000006,0.0,0,alt,0,3.0,baix,baix,0.0,100.0,100.0,30.0,7.4,585.0,484.0,4.25,0.113,0.45,0.0,0.0,28.57,29.08,0.0,0.0,0,0,0,0.0,,0,inactiu
34.95,17/08/2026 11:30,42.25,0.0,0,alt,0,2.9,baix,baix,0.0,100.0,100.0,30.0,7.4,585.0,484.0,4.25,0.113,0.45,0.0,0.0,28.6,29.09,0.0,0.0,0,0,0,0.0,,0,inactiu
34.7,17/08/2026 12:00,47.900000000000006,0.0,0,alt,0,2.7,baix,baix,0.0,100.0,100.0,30.0,7.4,736.0,630.0,5.75,0.113,0.58,0.0,0.0,28.61,29.09,0.0,0.0,0,0,0,0.0,,0,inactiu
34.65,17/08/2026 12:30,45.9,0.0,0,alt,0,2.6,baix,baix,0.0,100.0,100.0,30.0,7.4,736.0,630.0,5.75,0.113,0.58,0.0,0.0,28.61,29.09,0.0,0.0,0,0,0,0.0,,0,inactiu
34.75,17/08/2026 13:00,43.9,0.0,0,alt,0,2.5,baix,baix,0.0,100.0,100.0,30.0,7.4,839.0,728.0,6.85,0.112,0.67,0.0,0.0,28.61,29.09,0.0,0.0,0,0,0,0.0,,0,inactiu
34.95,17/08/2026 13:30,42.3,0.0,0,alt,0,2.3,baix,baix,0.0,100.0,100.0,30.0,7.4,839.0,728.0,6.85,0.112,0.67,0.0,0.0,28.61,29.09,0.0,0.0,0,0,0,0.0,,0,inactiu
35.25,17/08/2026 14:00,41.1,0.0,0,alt,0,2.2,baix,baix,0.0,100.0,100.0,30.0,7.4,887.0,776.0,7.35,0.122,0.72,0.0,0.0,28.62,29.1,0.0,0.0,0,0,0,0.0,,0,inactiu
34.85,17/08/2026 14:30,43.05,0.0,0,alt,0,2.1,baix,baix,0.0,100.0,100.0,30.0,7.4,887.0,776.0,7.35,0.122,0.72,0.0,0.0,28.62,29.1,0.0,0.0,0,0,0,0.0,,0,inactiu
34.95,17/08/2026 15:00,43.6,0.0,0,alt,0,2.0,baix,baix,0.0,100.0,100.0,30.0,7.4,877.0,768.0,7.3,0.121,0.72,0.0,0.0,28.62,29.1,0.0,0.0,0,0,0,0.0,,0,inactiu
34.7,17/08/2026 15:30,46.5,0.0,0,alt,0,1.9,baix,baix,0.0,100.0,100.0,30.0,7.4,877.0,768.0,7.3,0.121,0.72,0.0,0.0,28.61,29.1,0.0,0.0,0,0,0,0.0,,0,inactiu
34.900000000000006,17/08/2026 16:00,45.1,0.0,0,alt,0,1.8,baix,baix,0.0,100.0,100.0,30.0,7.4,800.0,686.0,6.55,0.12,0.67,0.0,0.0,28.61,29.11,0.0,0.0,0,0,0,0.0,,0,inactiu
34.75,17/08/2026 16:30,44.85,0.0,0,alt,0,1.7,baix,baix,0.0,100.0,100.0,30.0,7.4,800.0,686.0,6.55,0.12,0.67,0.0,0.0,28.61,29.11,0.0,0.0,0,0,0,0.0,,0,inactiu
34.75,17/08/2026 17:00,45.5,0.0,0,alt,0,1.6,baix,baix,0.0,100.0,100.0,30.0,7.4,659.0,506.0,5.3,0.119,0.55,0.0,0.0,28.62,29.11,0.0,0.0,0,0,0,0.0,,0,inactiu
34.15,17/08/2026 17:30,47.650000000000006,0.0,0,alt,0,1.5,baix,baix,0.0,100.0,100.0,30.0,7.4,659.0,506.0,5.3,0.119,0.55,0.0,0.0,28.62,29.11,0.0,0.0,0,0,0,0.0,,0,inactiu
34.05,17/08/2026 18:00,45.7,0.0,0,alt,0,1.5,baix,baix,0.0,100.0,100.0,30.0,7.4,503.0,368.0,3.75,0.119,0.44,0.0,0.0,28.63,29.11,0.0,0.0,0,0,0,0.0,,0,inactiu
33.75,17/08/2026 18:30,47.400000000000006,0.0,0,alt,0,1.4,baix,baix,0.0,100.0,100.0,30.0,7.4,503.0,368.0,3.75,0.119,0.44,0.0,0.0,28.64,29.11,0.0,0.0,0,0,0,0.0,,0,inactiu
33.5,17/08/2026 19:00,48.1,0.0,0,alt,0,1.3,baix,baix,0.0,100.0,100.0,30.0,7.4,344.0,266.0,2.1,0.118,0.31,0.0,0.0,28.66,29.11,0.0,0.0,0,0,0,0.0,,0,inactiu
32.35,17/08/2026 19:30,53.4,0.0,0,alt,0,1.2,baix,baix,0.0,100.0,100.0,30.0,7.4,344.0,266.0,2.1,0.118,0.31,0.0,0.0,28.67,29.1,0.0,0.0,0,0,0,0.0,,0,inactiu
31.4,17/08/2026 20:00,57.55,0.0,0,alt,0,1.2,baix,baix,0.0,100.0,100.0,30.0,7.4,154.0,99.0,0.8,0.125,0.17,0.0,0.0,28.68,29.1,0.0,0.0,0,0,0,0.0,,0,inactiu
30.35,17/08/2026 20:30,62.1,0.0,0,alt,0,1.1,baix,baix,0.0,100.0,100.0,30.0,7.4,154.0,99.0,0.8,0.125,0.17,0.0,0.0,28.69,29.1,0.0,0.0,0,0,0,0.0,,0,inactiu
29.3,17/08/2026 21:00,66.8,0.0,0,alt,0,1.1,baix,baix,0.5,100.0,100.0,30.0,7.4,18.0,6.0,0.1,0.125,0.05,0.0,0.0,28.69,29.1,0.0,0.0,0,0,0,0.0,,0,inactiu
28.55,17/08/2026 21:30,71.0,0.0,0,alt,0,1.0,baix,baix,1.0,100.0,100.0,30.0,7.4,18.0,6.0,0.1,0.125,0.05,0.0,0.0,28.69,29.1,0.0,0.0,0,0,0,0.0,,0,inactiu
28.05,17/08/2026 22:00,74.80000000000001,0.0,0,alt,0,1.0,baix,baix,1.5,100.0,100.0,30.0,7.4,0.0,0.0,0.0,0.125,0.01,0.0,0.0,28.7,29.1,0.0,0.0,0,0,0,0.0,,0,inactiu
27.700000000000003,17/08/2026 22:30,77.15,0.0,0,alt,0,0.9,baix,baix,2.0,100.0,100.0,30.0,7.4,0.0,0.0,0.0,0.125,0.01,0.0,0.0,28.71,29.1,0.0,0.0,0,0,0,0.0,,0,inactiu
27.2,17/08/2026 23:00,79.1,0.0,0,alt,0,0.9,baix,baix,2.5,100.0,100.0,30.0,7.4,0.0,0.0,0.0,0.125,0.0,0.0,0.0,28.73,29.1,0.0,0.0,0,0,0,0.0,,0,inactiu
25.950000000000003,17/08/2026 23:30,79.85,0.0,0,alt,0,0.8,baix,baix,3.0,100.0,100.0,30.0,7.4,0.0,0.0,0.0,0.125,0.0,0.0,0.0,28.73,29.11,0.0,0.0,0,0,0,0.0,,0,inactiu
24.85,18/08/2026 00:00,81.35,0.0,0,alt,1,0.0,baix,baix,3.5,100.0,100.0,0.0,7.4,0.0,0.0,0.0,0.124,0.0,0.0,0.0,28.69,29.11,0.5,12.4,0,0,0,0.0,,0,inactiu
23.9,18/08/2026 00:30,81.5,0.0,0,alt,1,0.0,baix,baix,4.0,100.0,100.0,0.0,7.4,0.0,0.0,0.0,0.124,0.0,0.0,0.0,28.64,29.1,1.0,24.4,0,0,0,0.0,,0,inactiu
23.65,18/08/2026 01:00,83.30000000000001,0.0,0,alt,1,0.0,baix,baix,4.5,100.0,100.0,0.0,7.4,0.0,0.0,0.0,0.124,0.0,0.0,0.0,28.61,29.1,1.5,36.2,0,0,0,0.0,,0,inactiu
23.05,18/08/2026 01:30,83.1,0.0,0,alt,1,3.9,baix,baix,5.0,100.0,100.0,0.0,7.4,0.0,0.0,0.0,0.124,0.0,0.0,0.0,28.58,29.1,2.0,47.7,0,0,0,0.0,,0,inactiu
22.55,18/08/2026 02:00,82.6,0.0,0,alt,1,6.3,baix,baix,5.5,100.0,100.0,0.0,7.4,0.0,0.0,0.0,0.106,0.0,0.0,0.0,28.55,29.1,2.5,59.0,0,0,0,0.0,,0,inactiu
22.1,18/08/2026 02:30,84.1,0.0,0,alt,1,10.2,baix,baix,6.0,100.0,100.0,0.0,7.4,0.0,0.0,0.0,0.106,0.0,0.0,0.0,28.52,29.09,3.0,70.0,0,0,0,0.0,,0,inactiu
22.3,18/08/2026 03:00,86.75,0.0,0,alt,1,16.3,baix,baix,6.5,100.0,100.0,0.0,7.4,0.0,0.0,0.0,0.106,0.0,0.0,0.0,28.52,29.09,3.5,81.2,0,0,0,0.0,,0,inactiu
22.25,18/08/2026 03:30,86.0,0.0,0,alt,1,25.4,moderat,baix,7.0,100.0,100.0,0.0,7.4,0.0,0.0,0.0,0.106,0.0,0.0,0.0,28.53,29.09,4.0,0.0,0,0,0,0.0,,0,inactiu
21.35,18/08/2026 04:00,84.0,0.0,0,alt,1,36.6,moderat,baix,7.5,100.0,100.0,0.0,7.4,0.0,0.0,0.0,0.106,0.0,0.0,0.0,28.54,29.08,4.5,10.7,0,0,0,0.0,,0,inactiu
21.2,18/08/2026 04:30,86.6,0.0,0,alt,1,49.6,moderat,baix,8.0,100.0,100.0,0.0,7.4,0.0,0.0,0.0,0.106,0.0,0.0,0.0,28.53,29.08,5.0,21.3,0,0,0,0.0,,0,inactiu
21.05,18/08/2026 05:00,86.2,0.0,0,alt,1,62.7,alt,baix,0.0,100.0,100.0,0.0,7.4,0.0,0.0,0.0,0.106,0.0,0.0,0.0,28.54,29.08,5.5,31.8,0,0,0,0.0,,0,inactiu
21.1,18/08/2026 05:30,87.19999999999999,0.0,0,alt,1,74.4,alt,moderat,0.5,100.0,100.0,0.0,7.4,0.0,0.0,0.0,0.106,0.0,0.0,0.0,28.55,29.08,6.0,42.3,0,0,0,0.0,,0,inactiu
21.1,18/08/2026 06:00,87.95,0.0,0,alt,1,83.4,alt,moderat,1.0,100.0,100.0,0.0,7.4,0.0,0.0,0.0,0.106,0.0,0.0,0.0,28.58,29.06,6.5,52.9,0,0,0,0.0,,0,inactiu
21.15,18/08/2026 06:30,88.8,0.0,0,alt,1,89.8,alt,moderat,1.5,100.0,100.0,0.0,7.4,0.0,0.0,0.0,0.106,0.0,0.0,0.0,28.58,29.05,7.0,63.5,0,0,0,0.0,,0,inactiu
20.75,18/08/2026 07:00,87.95,0.0,0,alt,1,93.8,alt,moderat,0.0,100.0,100.0,0.0,7.4,0.0,0.0,0.0,0.106,0.0,0.0,0.0,28.6,29.03,7.5,73.8,0,0,0,0.0,,0,inactiu
22.1,18/08/2026 07:30,86.0,0.0,0,alt,1,96.5,alt,moderat,0.5,100.0,100.0,0.0,7.4,0.0,0.0,0.0,0.106,0.0,0.0,0.0,28.62,29.01,8.0,0.0,0,0,0,0.0,,0,inactiu
24.65,18/08/2026 08:00,81.45,0.0,0,alt,1,98.1,alt,moderat,1.0,100.0,100.0,0.0,7.4,42.0,14.0,0.2,0.106,0.02,0.0,0.0,28.66,29.01,8.5,0.0,0,0,0,0.0,,0,inactiu
27.45,18/08/2026 08:30,75.4,0.0,0,alt,1,99.1,alt,alt,1.5,100.0,100.0,0.0,7.4,42.0,14.0,0.2,0.106,0.02,0.0,0.0,28.7,29.01,9.0,0.0,0,0,0,0.0,,0,inactiu
28.85,18/08/2026 09:00,71.4,0.0,0,alt,0,94.0,alt,baix,2.0,100.0,100.0,0.0,7.4,204.0,132.0,1.1,0.106,0.13,0.0,0.0,28.71,29.01,0.0,0.0,0,0,0,0.0,,0,inactiu
30.45,18/08/2026 09:30,63.75,0.0,0,alt,0,89.2,alt,baix,0.0,100.0,100.0,0.0,7.4,204.0,132.0,1.1,0.106,0.13,0.0,0.0,28.72,29.01,0.0,0.0,0,0,0,0.0,,0,inactiu
31.3,18/08/2026 10:00,59.0,0.0,0,alt,0,84.6,alt,baix,0.0,100.0,100.0,0.0,7.4,397.0,308.0,2.55,0.106,0.29,0.0,0.0,28.72,29.01,0.0,0.0,0,0,0,0.0,,0,inactiu
32.2,18/08/2026 10:30,54.5,0.0,0,alt,0,80.2,alt,baix,0.0,100.0,100.0,0.0,7.4,397.0,308.0,2.55,0.106,0.29,0.0,0.0,28.7,29.01,0.0,0.0,0,0,0,0.0,,0,inactiu
33.05,18/08/2026 11:00,54.400000000000006,0.0,0,alt,0,76.1,alt,baix,0.0,100.0,100.0,0.0,7.4,577.0,474.0,4.2,0.106,0.44,0.0,0.0,28.68,29.01,0.0,0.0,0,0,0,0.0,,0,inactiu
32.85,18/08/2026 11:30,56.75,0.0,0,alt,0,72.2,alt,baix,0.0,100.0,100.0,0.0,7.4,577.0,474.0,4.2,0.106,0.44,0.0,0.0,28.64,29.0,0.0,0.0,0,0,0,0.0,,0,inactiu
32.5,18/08/2026 12:00,57.55,0.0,0,alt,0,68.5,alt,baix,0.0,100.0,100.0,0.0,7.4,728.0,617.0,5.75,0.106,0.56,0.0,0.0,28.59,29.0,0.0,0.0,0,0,0,0.0,,0,inactiu
33.3,18/08/2026 12:30,56.1,0.0,0,alt,0,65.0,alt,baix,0.0,100.0,100.0,0.0,7.4,728.0,617.0,5.75,0.106,0.56,0.0,0.0,28.57,28.99,0.0,0.0,0,0,0,0.0,,0,inactiu
33.650000000000006,18/08/2026 13:00,55.8,0.0,0,alt,0,61.7,alt,baix,0.0,100.0,100.0,0.0,7.4,831.0,706.0,6.85,0.106,0.64,0.0,0.0,28.54,28.98,0.0,0.0,0,0,0,0.0,,0,inactiu
34.0,18/08/2026 13:30,54.95,0.0,0,alt,0,58.5,alt,baix,0.0,100.0,100.0,0.0,7.4,831.0,706.0,6.85,0.106,0.64,0.0,0.0,28.52,28.98,0.0,0.0,0,0,0,0.0,,0,inactiu
34.0,18/08/2026 14:00,55.1,0.0,0,alt,0,55.5,alt,baix,0.0,100.0,100.0,0.0,7.4,871.0,711.0,7.4,0.106,0.68,0.0,0.0,28.5,28.97,0.0,0.0,0,0,0,0.0,,0,inactiu
34.0,18/08/2026 14:30,55.25,0.0,0,alt,0,52.7,alt,baix,0.0,100.0,100.0,0.0,7.4,871.0,711.0,7.4,0.106,0.68,0.0,0.0,28.48,28.96,0.0,0.0,0,0,0,0.0,,0,inactiu
34.35,18/08/2026 15:00,54.55,0.0,0,alt,0,49.9,moderat,baix,0.0,100.0,100.0,0.0,7.4,833.0,650.0,7.3,0.107,0.67,0.0,0.0,28.47,28.95,0.0,0.0,0,0,0,0.0,,0,inactiu
33.95,18/08/2026 15:30,56.45,0.0,0,alt,0,47.4,moderat,baix,0.0,100.0,100.0,0.0,7.4,833.0,650.0,7.3,0.107,0.67,0.0,0.0,28.45,28.95,0.0,0.0,0,0,0,0.0,,0,inactiu
32.599999999999994,18/08/2026 16:00,60.95,0.0,0,alt,0,45.0,moderat,baix,0.0,100.0,100.0,0.0,7.4,700.0,488.0,6.55,0.111,0.56,0.0,0.0,28.4,28.94,0.0,0.0,0,0,0,0.0,,0,inactiu
33.4,18/08/2026 16:30,58.5,0.0,0,alt,0,42.6,moderat,baix,0.0,100.0,100.0,0.0,7.4,700.0,488.0,6.55,0.111,0.56,0.0,0.0,28.38,28.93,0.0,0.0,0,0,0,0.0,,0,inactiu
33.8,18/08/2026 17:00,58.7,0.0,0,alt,0,40.5,moderat,baix,0.0,100.0,100.0,0.0,7.4,639.0,458.0,5.25,0.115,0.51,0.0,0.0,28.36,28.92,0.0,0.0,0,0,0,0.0,,0,inactiu
33.849999999999994,18/08/2026 17:30,59.15,0.0,0,alt,0,38.4,moderat,baix,0.0,100.0,100.0,0.0,7.4,639.0,458.0,5.25,0.115,0.51,0.0,0.0,28.35,28.91,0.0,0.0,0,0,0,0.0,,0,inactiu
33.85,18/08/2026 18:00,58.150000000000006,0.0,0,alt,0,36.4,moderat,baix,0.0,100.0,100.0,0.0,7.4,507.0,385.0,3.65,0.114,0.41,0.0,0.0,28.35,28.91,0.0,0.0,0,0,0,0.0,,0,inactiu
33.25,18/08/2026 18:30,59.150000000000006,0.0,0,alt,0,34.5,moderat,baix,0.0,100.0,100.0,0.0,7.4,507.0,385.0,3.65,0.114,0.41,0.0,0.0,28.34,28.91,0.0,0.0,0,0,0,0.0,,0,inactiu
32.55,18/08/2026 19:00,60.55,0.0,0,alt,0,32.8,moderat,baix,0.0,100.0,100.0,0.0,7.4,336.0,244.0,2.1,0.114,0.28,0.0,0.0,28.32,28.9,0.0,0.0,0,0,0,0.0,,0,inactiu
31.8,18/08/2026 19:30,60.85,0.0,0,alt,0,31.1,moderat,baix,0.0,100.0,100.0,0.0,7.4,336.0,244.0,2.1,0.114,0.28,0.0,0.0,28.3,28.9,0.0,0.0,0,0,0,0.0,,0,inactiu
30.75,18/08/2026 20:00,64.7,0.0,0,alt,0,29.5,moderat,baix,0.0,100.0,100.0,0.0,7.4,146.0,87.0,0.8,0.114,0.14,0.0,0.0,28.29,28.89,0.0,0.0,0,0,0,0.0,,0,inactiu
29.75,18/08/2026 20:30,68.25,0.0,0,alt,0,28.0,moderat,baix,0.0,100.0,100.0,0.0,7.4,146.0,87.0,0.8,0.114,0.14,0.0,0.0,28.28,28.89,0.0,0.0,0,0,0,0.0,,0,inactiu
29.05,18/08/2026 21:00,70.44999999999999,0.0,0,alt,0,26.5,moderat,baix,0.5,100.0,100.0,0.0,7.4,17.0,5.0,0.1,0.114,0.03,0.0,0.0,28.27,28.89,0.0,0.0,0,0,0,0.0,,0,inactiu
28.55,18/08/2026 21:30,74.5,0.0,0,alt,0,25.2,moderat,baix,1.0,100.0,100.0,0.0,7.4,17.0,5.0,0.1,0.114,0.03,0.0,0.0,28.27,28.89,0.0,0.0,0,0,0,0.0,,0,inactiu
28.0,18/08/2026 22:00,79.5,0.0,0,alt,0,23.9,moderat,baix,1.5,100.0,100.0,0.0,7.4,0.0,0.0,0.0,0.114,0.0,0.0,0.0,28.27,28.88,0.0,0.0,0,0,0,0.0,,0,inactiu
27.55,18/08/2026 22:30,81.9,0.0,0,alt,0,22.7,moderat,baix,2.0,100.0,100.0,0.0,7.4,0.0,0.0,0.0,0.114,0.0,0.0,0.0,28.27,28.88,0.0,0.0,0,0,0,0.0,,0,inactiu
26.85,18/08/2026 23:00,83.3,0.0,0,alt,0,21.5,moderat,baix,2.5,100.0,100.0,0.0,7.4,0.0,0.0,0.0,0.113,0.0,0.0,0.0,28.26,28.88,0.0,0.0,0,0,0,0.0,,0,inactiu
26.4,18/08/2026 23:30,85.05000000000001,0.0,0,alt,0,20.4,moderat,baix,3.0,100.0,100.0,0.0,7.4,0.0,0.0,0.0,0.113,0.0,0.0,0.0,28.27,28.88,0.0,0.0,0,0,0,0.0,,0,inactiu
25.950000000000003,19/08/2026 00:00,85.75,0.0,0,alt,0,19.4,baix,baix,3.5,100.0,100.0,300.0,7.4,0.0,0.0,0.0,0.113,0.0,0.0,0.0,28.29,28.88,0.0,0.0,0,0,0,0.0,,0,inactiu
25.700000000000003,19/08/2026 00:30,87.45,0.0,0,alt,0,18.4,baix,baix,4.0,100.0,100.0,300.0,7.4,0.0,0.0,0.0,0.113,0.0,0.0,0.0,28.33,28.89,0.0,0.0,0,0,0,0.0,,0,inactiu
25.4,19/08/2026 01:00,88.5,0.0,0,alt,0,17.4,baix,baix,4.5,100.0,100.0,300.0,7.4,0.0,0.0,0.0,0.113,0.0,0.0,0.0,28.37,28.89,0.0,0.0,0,0,0,0.0,,0,inactiu
25.15,19/08/2026 01:30,89.2,0.0,0,alt,0,16.5,baix,baix,5.0,100.0,100.0,300.0,7.4,0.0,0.0,0.0,0.113,0.0,0.0,0.0,28.41,28.89,0.0,0.0,0,0,0,0.0,,0,inactiu
24.200000000000003,19/08/2026 02:00,88.85,0.0,0,alt,0,15.7,baix,baix,5.5,100.0,100.0,300.0,7.4,0.0,0.0,0.0,0.11,0.0,0.0,0.0,28.45,28.89,0.0,0.0,0,0,0,0.0,,0,inactiu
23.55,19/08/2026 02:30,87.35,0.0,0,alt,0,14.9,baix,baix,6.0,100.0,100.0,300.0,7.4,0.0,0.0,0.0,0.11,0.0,0.0,0.0,28.48,28.89,0.0,0.0,0,0,0,0.0,,0,inactiu
23.65,19/08/2026 03:00,89.6,0.0,0,alt,0,14.1,baix,baix,6.5,100.0,100.0,300.0,7.4,0.0,0.0,0.0,0.11,0.0,0.0,0.0,28.5,28.89,0.0,0.0,0,0,0,0.0,,0,inactiu
23.6,19/08/2026 03:30,91.5,0.0,0,alt,1,0.0,baix,baix,7.0,100.0,100.0,300.0,7.4,0.0,0.0,0.0,0.11,0.0,0.0,0.0,28.53,28.89,0.5,11.8,0,0,0,0.0,,0,inactiu
22.5,19/08/2026 04:00,91.4,0.0,0,alt,1,0.0,baix,baix,7.5,100.0,100.0,300.0,7.4,0.0,0.0,0.0,0.11,0.0,0.0,0.0,28.56,28.89,1.0,23.0,0,0,0,0.0,,0,inactiu
22.05,19/08/2026 04:30,91.9,0.0,0,alt,1,0.0,baix,baix,8.0,100.0,100.0,300.0,7.4,0.0,0.0,0.0,0.11,0.0,0.0,0.0,28.57,28.89,1.5,34.1,0,0,0,0.0,,0,inactiu
22.05,19/08/2026 05:00,92.65,0.0,0,alt,1,2.6,baix,baix,8.5,100.0,100.0,300.0,7.4,0.0,0.0,0.0,0.11,0.0,0.0,0.0,28.59,28.89,2.0,45.1,0,0,0,0.0,,0,inactiu
21.8,19/08/2026 05:30,92.7,0.0,0,alt,1,4.4,baix,baix,9.0,100.0,100.0,300.0,7.4,0.0,0.0,0.0,0.11,0.0,0.0,0.0,28.61,28.89,2.5,56.0,0,0,0,0.0,,0,inactiu
22.0,19/08/2026 06:00,93.35,0.0,0,alt,1,7.5,baix,baix,9.5,100.0,100.0,300.0,7.4,0.0,0.0,0.0,0.11,0.0,0.0,0.0,28.63,28.89,3.0,67.0,0,0,0,0.0,,0,inactiu
21.9,19/08/2026 06:30,93.3,0.0,0,alt,1,12.5,baix,baix,10.0,100.0,100.0,300.0,7.4,0.0,0.0,0.0,0.11,0.0,0.0,0.0,28.64,28.89,3.5,78.0,0,0,0,0.0,,0,inactiu
21.25,19/08/2026 07:00,93.25,0.0,0,alt,1,19.8,baix,baix,10.5,100.0,100.0,300.0,7.4,0.0,0.0,0.0,0.11,0.0,0.0,0.0,28.65,28.89,4.0,0.0,0,0,0,0.0,,0,inactiu
21.7,19/08/2026 07:30,92.3,0.0,0,alt,1,30.5,moderat,baix,11.0,100.0,100.0,300.0,7.4,0.0,0.0,0.0,0.11,0.0,0.0,0.0,28.65,28.89,4.5,10.8,0,0,0,0.0,,0,inactiu
24.0,19/08/2026 08:00,89.7,0.0,0,alt,1,45.7,moderat,baix,11.5,100.0,100.0,300.0,7.4,40.0,11.0,0.2,0.128,0.01,0.0,0.0,28.63,28.88,5.0,0.0,0,0,0,0.0,,0,inactiu
27.55,19/08/2026 08:30,83.25,0.0,0,alt,1,64.4,alt,baix,12.0,100.0,100.0,300.0,7.4,40.0,11.0,0.2,0.128,0.01,0.0,0.0,28.63,28.88,5.5,0.0,0,0,0,0.0,,0,inactiu
28.75,19/08/2026 09:00,82.65,0.0,0,alt,0,61.1,alt,baix,12.5,100.0,100.0,300.0,7.4,181.0,84.0,1.1,0.128,0.11,0.0,0.0,28.63,28.87,0.0,0.0,0,0,0,0.0,,0,inactiu
29.7,19/08/2026 09:30,77.55000000000001,0.0,0,alt,0,57.9,alt,baix,0.0,100.0,100.0,300.0,7.4,181.0,84.0,1.1,0.128,0.11,0.0,0.0,28.62,28.87,0.0,0.0,0,0,0,0.0,,0,inactiu
31.05,19/08/2026 10:00,68.0,0.0,0,alt,0,55.0,alt,baix,0.0,100.0,100.0,300.0,7.4,371.0,223.0,2.55,0.127,0.26,0.0,0.0,28.61,28.87,0.0,0.0,0,0,0,0.0,,0,inactiu
32.25,19/08/2026 10:30,56.400000000000006,0.0,0,alt,0,52.2,alt,baix,0.0,100.0,100.0,300.0,7.4,371.0,223.0,2.55,0.127,0.26,0.0,0.0,28.61,28.87,0.0,0.0,0,0,0,0.0,,0,inactiu
33.1,19/08/2026 11:00,49.9,0.0,0,alt,0,49.5,moderat,baix,0.0,100.0,100.0,300.0,7.4,545.0,356.0,4.2,0.126,0.4,0.0,0.0,28.61,28.87,0.0,0.0,0,0,0,0.0,,0,inactiu
33.95,19/08/2026 11:30,44.05,0.0,0,alt,0,46.9,moderat,baix,0.0,100.0,100.0,300.0,7.4,545.0,356.0,4.2,0.126,0.4,0.0,0.0,28.64,28.88,0.0,0.0,0,0,0,0.0,,0,inactiu
34.6,19/08/2026 12:00,44.3,0.0,0,alt,0,44.5,moderat,baix,0.0,100.0,100.0,300.0,7.4,698.0,495.0,5.7,0.125,0.52,0.0,0.0,28.68,28.88,0.0,0.0,0,0,0,0.0,,0,inactiu
35.25,19/08/2026 12:30,40.8,0.0,0,alt,0,42.2,moderat,baix,0.0,100.0,100.0,300.0,7.4,698.0,495.0,5.7,0.125,0.52,0.0,0.0,28.72,28.88,0.0,0.0,0,0,0,0.0,,0,inactiu
35.349999999999994,19/08/2026 13:00,41.8,0.0,0,alt,0,40.1,moderat,baix,0.0,100.0,100.0,300.0,7.4,823.0,666.0,6.8,0.124,0.64,0.0,0.0,28.76,28.88,0.0,0.0,0,0,0,0.0,,0,inactiu
35.65,19/08/2026 13:30,42.6,0.0,0,alt,0,38.0,moderat,baix,0.0,100.0,100.0,300.0,7.4,823.0,666.0,6.8,0.124,0.64,0.0,0.0,28.79,28.88,0.0,0.0,0,0,0,0.0,,0,inactiu
35.7,19/08/2026 14:00,42.55,0.0,0,alt,0,36.1,moderat,baix,0.0,100.0,100.0,300.0,7.4,882.0,744.0,7.35,0.138,0.7,0.0,0.0,28.83,28.88,0.0,0.0,0,0,0,0.0,,0,inactiu
36.400000000000006,19/08/2026 14:30,38.15,0.0,0,alt,0,34.2,moderat,baix,0.0,100.0,100.0,300.0,7.4,882.0,744.0,7.35,0.138,0.7,0.0,0.0,28.88,28.89,0.0,0.0,0,0,0,0.0,,0,inactiu
36.3,19/08/2026 15:00,38.7,0.0,0,alt,0,32.5,moderat,baix,0.0,100.0,100.0,300.0,7.4,876.0,751.0,7.25,0.135,0.69,0.0,0.0,28.92,28.89,0.0,0.0,0,0,0,0.0,,0,inactiu
36.4,19/08/2026 15:30,39.0,0.0,0,alt,0,30.8,moderat,baix,0.0,100.0,100.0,300.0,7.4,876.0,751.0,7.25,0.135,0.69,0.0,0.0,28.97,28.89,0.0,0.0,0,0,0,0.0,,0,inactiu
36.55,19/08/2026 16:00,39.45,0.0,0,alt,0,29.2,moderat,baix,0.0,100.0,100.0,300.0,7.4,809.0,688.0,6.55,0.134,0.64,0.0,0.0,29.05,28.89,0.0,0.0,0,0,0,0.0,,0,inactiu
35.7,19/08/2026 16:30,40.75,0.0,0,alt,0,27.7,moderat,baix,0.0,100.0,100.0,300.0,7.4,809.0,688.0,6.55,0.134,0.64,0.0,0.0,29.1,28.89,0.0,0.0,0,0,0,0.0,,0,inactiu
35.25,19/08/2026 17:00,46.25,0.0,0,alt,0,26.3,moderat,baix,0.0,100.0,100.0,300.0,7.4,689.0,575.0,5.3,0.132,0.54,0.0,0.0,29.13,28.9,0.0,0.0,0,0,0,0.0,,0,inactiu
34.85,19/08/2026 17:30,50.0,0.0,0,alt,0,24.9,moderat,baix,0.0,100.0,100.0,300.0,7.4,689.0,575.0,5.3,0.132,0.54,0.0,0.0,29.15,28.9,0.0,0.0,0,0,0,0.0,,0,inactiu
34.45,19/08/2026 18:00,48.4,0.0,0,alt,0,23.7,moderat,baix,0.0,100.0,100.0,300.0,7.4,525.0,415.0,3.7,0.13,0.4,0.0,0.0,29.16,28.9,0.0,0.0,0,0,0,0.0,,0,inactiu
33.95,19/08/2026 18:30,49.1,0.0,0,alt,0,22.5,moderat,baix,0.0,100.0,100.0,300.0,7.4,525.0,415.0,3.7,0.13,0.4,0.0,0.0,29.18,28.9,0.0,0.0,0,0,0,0.0,,0,inactiu
32.85,19/08/2026 19:00,57.55,0.0,0,alt,0,21.3,moderat,baix,0.0,100.0,100.0,300.0,7.4,326.0,216.0,2.05,0.129,0.25,0.0,0.0,29.18,28.9,0.0,0.0,0,0,0,0.0,,0,inactiu
31.65,19/08/2026 19:30,65.15,0.0,0,alt,0,20.2,moderat,baix,0.0,100.0,100.0,300.0,7.4,326.0,216.0,2.05,0.129,0.25,0.0,0.0,29.18,28.9,0.0,0.0,0,0,0,0.0,,0,inactiu
30.75,19/08/2026 20:00,71.2,0.0,0,alt,0,19.2,baix,baix,0.0,100.0,100.0,300.0,7.4,135.0,61.0,0.75,0.127,0.12,0.0,0.0,29.18,28.9,0.0,0.0,0,0,0,0.0,,0,inactiu
29.65,19/08/2026 20:30,76.69999999999999,0.0,0,alt,0,18.2,baix,baix,0.0,100.0,100.0,300.0,7.4,135.0,61.0,0.75,0.127,0.12,0.0,0.0,29.18,28.89,0.0,0.0,0,0,0,0.0,,0,inactiu
28.85,19/08/2026 21:00,81.25,0.0,0,alt,0,17.3,baix,baix,0.5,100.0,100.0,300.0,7.4,15.0,3.0,0.05,0.127,0.03,0.0,0.0,29.17,28.89,0.0,0.0,0,0,0,0.0,,0,inactiu
28.3,19/08/2026 21:30,85.75,0.0,0,alt,0,16.4,baix,baix,1.0,100.0,100.0,300.0,7.4,15.0,3.0,0.05,0.127,0.03,0.0,0.0,29.17,28.89,0.0,0.0,0,0,0,0.0,,0,inactiu
28.05,19/08/2026 22:00,87.3,0.0,0,alt,0,15.5,baix,baix,1.5,100.0,100.0,300.0,7.4,0.0,0.0,0.0,0.127,0.0,0.0,0.0,29.17,28.89,0.0,0.0,0,0,0,0.0,,0,inactiu
27.8,19/08/2026 22:30,88.0,0.0,0,alt,0,14.7,baix,baix,2.0,100.0,100.0,300.0,7.4,0.0,0.0,0.0,0.127,0.0,0.0,0.0,29.17,28.89,0.0,0.0,0,0,0,0.0,,0,inactiu
27.7,19/08/2026 23:00,88.75,0.0,0,alt,0,14.0,baix,baix,2.5,100.0,100.0,300.0,7.4,0.0,0.0,0.0,0.127,0.0,0.0,0.0,29.19,28.89,0.0,0.0,0,0,0,0.0,,0,inactiu
27.700000000000003,19/08/2026 23:30,88.5,0.0,0,alt,0,13.3,baix,baix,3.0,100.0,100.0,300.0,7.4,0.0,0.0,0.0,0.127,0.0,0.0,0.0,29.22,28.9,0.0,0.0,0,0,0,0.0,,0,inactiu
27.35,20/08/2026 00:00,89.05,0.0,0,alt,0,12.6,baix,baix,3.5,100.0,100.0,300.0,7.0,0.0,0.0,0.0,0.127,0.0,0.0,0.0,29.25,28.9,0.0,0.0,0,0,0,0.0,,0,inactiu
26.9,20/08/2026 00:30,90.4,0.0,0,alt,1,0.0,baix,baix,4.0,100.0,100.0,300.0,7.0,0.0,0.0,0.0,0.127,0.0,0.0,0.0,29.27,28.91,0.5,13.4,0,0,0,0.0,,0,inactiu
26.9,20/08/2026 01:00,91.1,0.0,0,alt,1,0.0,baix,baix,4.5,100.0,100.0,300.0,7.0,0.0,0.0,0.0,0.127,0.0,0.0,0.0,29.3,28.91,1.0,26.9,0,0,0,0.0,,0,inactiu
27.200000000000003,20/08/2026 01:30,91.35,0.0,0,alt,1,0.0,baix,baix,5.0,100.0,100.0,300.0,7.0,0.0,0.0,0.0,0.127,0.0,0.0,0.0,29.35,28.92,1.5,40.5,0,0,0,0.0,,0,inactiu
27.45,20/08/2026 02:00,90.85,0.0,0,alt,1,11.9,baix,baix,5.5,100.0,100.0,300.0,7.0,0.0,0.0,0.0,0.115,0.0,0.0,0.0,29.41,28.93,2.0,54.2,0,0,0,0.0,,0,inactiu
27.65,20/08/2026 02:30,90.3,0.0,0,alt,1,20.8,moderat,baix,6.0,100.0,100.0,300.0,7.0,0.0,0.0,0.0,0.115,0.0,0.0,0.0,29.5,28.94,2.5,68.0,0,0,0,0.0,,0,inactiu
27.8,20/08/2026 03:00,90.2,0.0,0,alt,1,33.6,moderat,baix,6.5,100.0,100.0,300.0,7.0,0.0,0.0,0.0,0.115,0.01,0.0,0.0,29.59,28.95,3.0,82.0,0,0,0,0.0,,0,inactiu
28.0,20/08/2026 03:30,89.95,0.0,0,alt,1,49.4,moderat,baix,7.0,100.0,100.0,300.0,7.0,0.0,0.0,0.0,0.115,0.01,0.0,0.0,29.68,28.96,3.5,96.0,0,0,0,0.0,,0,inactiu
28.25,20/08/2026 04:00,88.30000000000001,0.0,0,alt,1,65.4,alt,baix,7.5,100.0,100.0,300.0,7.0,0.0,0.0,0.0,0.115,0.02,0.0,0.0,29.8,28.98,4.0,0.0,0,0,0,0.0,,0,inactiu
28.4,20/08/2026 04:30,88.05,0.0,0,alt,1,78.5,alt,baix,8.0,100.0,100.0,300.0,7.0,0.0,0.0,0.0,0.115,0.02,0.0,0.0,29.93,28.99,4.5,14.2,0,0,0,0.0,,0,inactiu
28.35,20/08/2026 05:00,87.0,0.0,0,alt,1,87.5,alt,baix,8.5,100.0,100.0,300.0,7.0,0.0,0.0,0.0,0.115,0.02,0.0,0.0,30.06,29.0,5.0,28.4,0,0,0,0.0,,0,inactiu
28.3,20/08/2026 05:30,86.45,0.0,0,alt,1,93.0,alt,baix,9.0,100.0,100.0,300.0,7.0,0.0,0.0,0.0,0.115,0.02,0.0,0.0,30.2,29.02,5.5,42.5,0,0,0,0.0,,0,inactiu
28.4,20/08/2026 06:00,84.25,0.0,0,alt,1,96.2,alt,baix,9.5,100.0,100.0,300.0,7.0,0.0,0.0,0.0,0.115,0.03,0.0,0.0,30.33,29.03,6.0,56.7,0,0,0,0.0,,0,inactiu
29.05,20/08/2026 06:30,76.8,0.0,0,alt,1,98.0,alt,baix,10.0,100.0,100.0,300.0,7.0,0.0,0.0,0.0,0.115,0.03,0.0,0.0,30.48,29.05,6.5,0.0,0,0,0,0.0,,0,inactiu
29.95,20/08/2026 07:00,64.30000000000001,0.0,0,alt,0,93.0,alt,baix,0.0,100.0,100.0,300.0,7.0,0.0,0.0,0.0,0.115,0.11,0.0,0.0,30.66,29.07,0.0,0.0,0,0,0,0.0,,0,inactiu
32.0,20/08/2026 07:30,43.3,0.0,0,alt,0,88.2,alt,baix,0.0,100.0,100.0,300.0,7.0,0.0,0.0,0.0,0.115,0.11,0.0,0.0,30.88,29.09,0.0,0.0,0,0,0,0.0,,0,inactiu
32.0,20/08/2026 08:00,40.400000000000006,0.0,0,alt,0,83.7,alt,baix,0.0,100.0,100.0,300.0,7.0,8.0,0.0,0.05,0.114,0.2,0.0,0.0,31.04,29.1,0.0,0.0,0,0,0,0.0,,0,inactiu
32.150000000000006,20/08/2026 08:30,37.85,0.0,0,alt,0,79.4,alt,baix,0.0,100.0,100.0,300.0,7.0,8.0,0.0,0.05,0.114,0.2,0.0,0.0,31.14,29.11,0.0,0.0,0,0,0,0.0,,0,inactiu
31.950000000000003,20/08/2026 09:00,39.25,0.0,0,alt,0,75.3,alt,baix,0.0,100.0,100.0,300.0,7.0,61.0,9.0,0.4,0.114,0.09,0.0,0.0,31.2,29.12,0.0,0.0,0,0,0,0.0,,0,inactiu
31.85,20/08/2026 09:30,41.8,0.0,0,alt,0,71.4,alt,baix,0.0,100.0,100.0,300.0,7.0,61.0,9.0,0.4,0.114,0.09,0.0,0.0,31.25,29.12,0.0,0.0,0,0,0,0.0,,0,inactiu
31.85,20/08/2026 10:00,41.85,0.0,0,alt,0,67.8,alt,baix,0.0,100.0,100.0,300.0,7.0,179.0,39.0,0.95,0.114,0.21,0.0,0.0,31.27,29.12,0.0,0.0,0,0,0,0.0,,0,inactiu
32.0,20/08/2026 10:30,40.6,0.0,0,alt,0,64.3,alt,baix,0.0,100.0,100.0,300.0,7.0,179.0,39.0,0.95,0.114,0.21,0.0,0.0,31.26,29.12,0.0,0.0,0,0,0,0.0,,0,inactiu
33.2,20/08/2026 11:00,36.2,0.0,0,alt,0,61.0,alt,baix,0.0,100.0,100.0,300.0,7.0,358.0,113.0,2.2,0.114,0.44,0.0,0.0,31.26,29.12,0.0,0.0,0,0,0,0.0,,0,inactiu
35.349999999999994,20/08/2026 11:30,32.15,0.0,0,alt,0,57.9,alt,baix,0.0,100.0,100.0,300.0,7.0,358.0,113.0,2.2,0.114,0.44,0.0,0.0,31.29,29.12,0.0,0.0,0,0,0,0.0,,0,inactiu
35.5,20/08/2026 12:00,30.8,0.0,0,alt,0,54.9,alt,baix,0.0,100.0,100.0,300.0,7.0,585.0,303.0,2.1,0.113,0.61,0.0,0.0,31.31,29.13,0.0,0.0,0,0,0,0.0,,0,inactiu
36.6,20/08/2026 12:30,29.0,0.0,0,alt,0,52.1,alt,baix,0.0,100.0,100.0,300.0,7.0,585.0,303.0,2.1,0.113,0.61,0.0,0.0,31.34,29.13,0.0,0.0,0,0,0,0.0,,0,inactiu
37.2,20/08/2026 13:00,27.5,0.0,0,alt,0,49.4,moderat,baix,0.0,100.0,100.0,300.0,7.0,567.0,153.0,4.05,0.113,0.61,0.0,0.0,31.38,29.14,0.0,0.0,0,0,0,0.0,,0,inactiu
37.45,20/08/2026 13:30,26.200000000000003,0.0,0,alt,0,46.9,moderat,baix,0.0,100.0,100.0,300.0,7.0,567.0,153.0,4.05,0.113,0.61,0.0,0.0,31.41,29.14,0.0,0.0,0,0,0,0.0,,0,inactiu
38.4,20/08/2026 14:00,23.75,0.0,0,alt,0,44.5,moderat,baix,0.0,100.0,100.0,300.0,7.0,604.0,179.0,6.95,0.113,0.66,0.0,0.0,31.47,29.15,0.0,0.0,0,0,0,0.0,,0,inactiu
38.55,20/08/2026 14:30,25.7,0.0,0,alt,0,42.2,moderat,baix,0.0,100.0,100.0,300.0,7.0,604.0,179.0,6.95,0.113,0.66,0.0,0.0,31.52,29.16,0.0,0.0,0,0,0,0.0,,0,inactiu
37.45,20/08/2026 15:00,30.2,0.0,0,alt,0,40.0,moderat,baix,0.0,100.0,100.0,300.0,7.0,763.0,452.0,6.2,0.112,0.79,0.0,0.0,31.54,29.16,0.0,0.0,0,0,0,0.0,,0,inactiu
35.95,20/08/2026 15:30,39.05,0.0,0,alt,0,38.0,moderat,baix,0.0,100.0,100.0,300.0,7.0,763.0,452.0,6.2,0.112,0.79,0.0,0.0,31.53,29.16,0.0,0.0,0,0,0,0.0,,0,inactiu
35.3,20/08/2026 16:00,41.25,0.0,0,alt,0,36.0,moderat,baix,0.0,100.0,100.0,300.0,7.0,625.0,275.0,5.9,0.113,0.69,0.0,0.0,31.5,29.17,0.0,0.0,0,0,0,0.0,,0,inactiu
33.95,20/08/2026 16:30,43.1,0.0,0,alt,0,34.2,moderat,baix,0.0,100.0,100.0,300.0,7.0,625.0,275.0,5.9,0.113,0.69,0.0,0.0,31.47,29.16,0.0,0.0,0,0,0,0.0,,0,inactiu
33.3,20/08/2026 17:00,47.7,0.0,0,alt,0,32.4,moderat,baix,0.0,100.0,100.0,300.0,7.0,401.0,78.0,4.3,0.113,0.47,0.0,0.0,31.43,29.16,0.0,0.0,0,0,0,0.0,,0,inactiu
32.75,20/08/2026 17:30,50.6,0.0,0,alt,0,30.7,moderat,baix,0.0,100.0,100.0,300.0,7.0,401.0,78.0,4.3,0.113,0.47,0.0,0.0,31.38,29.16,0.0,0.0,0,0,0,0.0,,0,inactiu
32.25,20/08/2026 18:00,53.95,0.0,0,alt,0,29.2,moderat,baix,0.0,100.0,100.0,300.0,7.0,419.0,216.0,2.05,0.113,0.44,0.0,0.0,31.34,29.16,0.0,0.0,0,0,0,0.0,,0,inactiu
32.45,20/08/2026 18:30,52.0,0.0,0,alt,0,27.7,moderat,baix,0.0,100.0,100.0,300.0,7.0,419.0,216.0,2.05,0.113,0.44,0.0,0.0,31.31,29.16,0.0,0.0,0,0,0,0.0,,0,inactiu
31.65,20/08/2026 19:00,52.05,0.0,0,alt,0,26.3,moderat,baix,0.0,100.0,100.0,300.0,7.0,234.0,77.0,1.8,0.112,0.3,0.0,0.0,31.28,29.16,0.0,0.0,0,0,0,0.0,,0,inactiu
30.95,20/08/2026 19:30,53.1,0.0,0,alt,0,24.9,moderat,baix,0.0,100.0,100.0,300.0,7.0,234.0,77.0,1.8,0.112,0.3,0.0,0.0,31.27,29.16,0.0,0.0,0,0,0,0.0,,0,inactiu
31.2,20/08/2026 20:00,50.1,0.0,0,alt,0,23.6,moderat,baix,0.0,100.0,100.0,300.0,7.0,79.0,9.0,0.35,0.112,0.2,0.0,0.0,31.28,29.17,0.0,0.0,0,0,0,0.0,,0,inactiu
30.55,20/08/2026 20:30,52.1,0.0,0,alt,0,22.4,moderat,baix,0.0,100.0,100.0,300.0,7.0,79.0,9.0,0.35,0.112,0.2,0.0,0.0,31.29,29.17,0.0,0.0,0,0,0,0.0,,0,inactiu
29.8,20/08/2026 21:00,58.1,0.0,0,alt,0,21.3,moderat,baix,0.0,100.0,100.0,300.0,7.0,9.0,0.0,0.05,0.112,0.11,0.0,0.0,31.31,29.17,0.0,0.0,0,0,0,0.0,,0,inactiu
29.4,20/08/2026 21:30,63.2,0.0,0,alt,0,20.2,moderat,baix,0.5,100.0,100.0,300.0,7.0,9.0,0.0,0.05,0.112,0.11,0.0,0.0,31.34,29.17,0.0,0.0,0,0,0,0.0,,0,inactiu
29.200000000000003,20/08/2026 22:00,63.85,0.0,0,alt,0,19.1,baix,baix,1.0,100.0,100.0,300.0,7.0,0.0,0.0,0.0,0.114,0.06,0.0,0.0,31.36,29.17,0.0,0.0,0,0,0,0.0,,0,inactiu
28.700000000000003,20/08/2026 22:30,65.95,0.0,0,alt,0,18.2,baix,baix,1.5,100.0,100.0,300.0,7.0,0.0,0.0,0.0,0.114,0.06,0.0,0.0,31.38,29.18,0.0,0.0,0,0,0,0.0,,0,inactiu
27.4,20/08/2026 23:00,68.7,2.5,0,alt,1,0.0,baix,baix,2.0,100.0,100.0,300.0,7.0,0.0,0.0,0.0,0.115,0.09,2.5,2.5,31.37,29.18,0.5,13.7,0,0,0,0.0,,0,inactiu
20.25,20/08/2026 23:30,92.75,6.3,0,alt,1,0.0,baix,baix,0.0,100.0,100.0,300.0,7.0,0.0,0.0,0.0,0.115,0.09,8.8,8.8,31.22,29.16,1.0,23.8,0,0,0,0.0,,0,vigilancia
21.3,21/08/2026 00:00,95.15,0.0,0,alt,1,0.0,baix,baix,0.5,100.0,100.0,0.0,6.7,0.0,0.0,0.0,0.115,0.06,8.8,8.8,31.09,29.15,1.5,34.5,0,0,0,0.0,,0,vigilancia
21.75,21/08/2026 00:30,96.0,0.0,0,alt,1,2.7,baix,baix,1.0,100.0,100.0,0.0,6.7,0.0,0.0,0.0,0.115,0.06,8.8,8.8,30.99,29.14,2.0,45.4,0,0,0,0.0,,0,vigilancia
21.75,21/08/2026 01:00,95.9,0.0,0,alt,1,4.5,baix,baix,1.5,100.0,100.0,0.0,6.7,0.0,0.0,0.0,0.115,0.06,8.8,8.8,30.88,29.13,2.5,56.2,0,0,0,0.0,,0,vigilancia
21.450000000000003,21/08/2026 01:30,93.1,0.0,0,alt,1,7.5,baix,baix,2.0,100.0,100.0,0.0,6.7,0.0,0.0,0.0,0.115,0.06,8.8,8.8,30.76,29.12,3.0,67.0,0,0,0,0.0,,0,vigilancia
22.05,21/08/2026 02:00,84.85,0.0,0,alt,1,12.6,baix,baix,2.5,100.0,100.0,0.0,6.7,0.0,0.0,0.0,0.115,0.03,8.8,8.8,30.65,29.11,3.5,78.0,0,0,0,0.0,,0,vigilancia
22.6,21/08/2026 02:30,79.19999999999999,0.0,0,alt,1,20.8,moderat,baix,3.0,100.0,100.0,0.0,6.7,0.0,0.0,0.0,0.115,0.03,8.8,8.8,30.54,29.09,4.0,0.0,0,0,0,0.0,,0,vigilancia
22.15,21/08/2026 03:00,88.80000000000001,0.0,0,alt,1,32.0,moderat,baix,3.5,100.0,100.0,0.0,6.7,0.0,0.0,0.0,0.119,0.02,8.8,8.8,30.42,29.08,4.5,11.1,0,0,0,0.0,,0,vigilancia
21.9,21/08/2026 03:30,92.05,0.0,0,alt,1,45.5,moderat,baix,4.0,100.0,100.0,0.0,6.7,0.0,0.0,0.0,0.119,0.02,8.8,8.8,30.3,29.07,5.0,22.0,0,0,0,0.0,,0,vigilancia
21.65,21/08/2026 04:00,93.5,0.0,0,alt,1,59.6,alt,baix,4.5,100.0,100.0,0.0,6.7,0.0,0.0,0.0,0.119,0.01,8.8,8.8,30.16,29.06,5.5,32.8,0,0,0,0.0,,0,vigilancia
21.6,21/08/2026 04:30,94.15,0.0,0,alt,1,72.3,alt,moderat,5.0,100.0,100.0,0.0,6.7,0.0,0.0,0.0,0.119,0.01,8.8,8.8,30.02,29.04,6.0,43.6,0,0,0,0.0,,0,vigilancia
21.0,21/08/2026 05:00,94.85,0.0,0,alt,1,81.9,alt,moderat,0.0,100.0,100.0,0.0,6.7,0.0,0.0,0.0,0.12,0.01,8.8,8.8,29.86,29.03,6.5,54.1,0,0,0,0.0,,0,vigilancia
21.3,21/08/2026 05:30,95.7,0.0,0,alt,1,88.9,alt,moderat,0.5,100.0,100.0,0.0,6.7,0.0,0.0,0.0,0.12,0.01,8.8,8.8,29.72,29.02,7.0,64.8,0,0,0,0.0,,0,vigilancia
21.75,21/08/2026 06:00,95.35,0.0,0,alt,1,93.4,alt,moderat,1.0,100.0,100.0,0.0,6.7,0.0,0.0,0.0,0.12,0.02,8.8,8.8,29.58,29.02,7.5,75.7,0,0,0,0.0,,0,vigilancia
22.25,21/08/2026 06:30,93.7,0.0,0,alt,1,96.3,alt,moderat,1.5,100.0,100.0,0.0,6.7,0.0,0.0,0.0,0.12,0.02,8.8,8.8,29.44,29.01,8.0,0.0,0,0,0,0.0,,0,vigilancia
22.95,21/08/2026 07:00,91.6,0.0,0,alt,1,97.9,alt,moderat,2.0,100.0,100.0,0.0,6.7,0.0,0.0,0.0,0.12,0.04,8.8,8.8,29.29,29.01,8.5,11.5,0,0,0,0.0,,0,vigilancia
23.3,21/08/2026 07:30,91.9,0.0,0,alt,1,98.9,alt,alt,2.5,100.0,100.0,0.0,6.7,0.0,0.0,0.0,0.12,0.04,8.8,8.8,29.11,29.01,9.0,23.1,0,0,0,0.0,,0,vigilancia
24.5,21/08/2026 08:00,88.15,0.0,0,alt,1,99.4,alt,alt,3.0,100.0,100.0,0.0,6.7,32.0,4.0,0.15,0.116,0.06,8.8,8.8,28.95,29.0,9.5,0.0,0,0,0,0.0,,0,vigilancia
25.55,21/08/2026 08:30,86.2,0.0,0,alt,1,99.7,alt,alt,3.5,100.0,100.0,0.0,6.7,32.0,4.0,0.15,0.116,0.06,8.8,8.8,28.82,29.0,10.0,0.0,0,0,0,0.0,,0,vigilancia
26.05,21/08/2026 09:00,87.65,0.0,0,alt,0,94.6,alt,baix,4.0,100.0,100.0,0.0,6.7,185.0,108.0,1.05,0.116,0.15,8.8,8.8,28.69,28.99,0.0,0.0,0,0,0,0.0,,0,vigilancia
28.3,21/08/2026 09:30,78.8,0.0,0,alt,0,89.7,alt,baix,4.5,100.0,100.0,0.0,6.7,185.0,108.0,1.05,0.116,0.15,8.8,8.8,28.62,28.99,0.0,0.0,0,0,0,0.0,,0,vigilancia
28.5,21/08/2026 10:00,77.35,0.0,0,alt,0,85.1,alt,baix,5.0,100.0,100.0,0.0,6.7,351.0,223.0,2.4,0.115,0.27,8.8,8.8,28.55,28.99,0.0,0.0,0,0,0,0.0,,0,vigilancia
28.85,21/08/2026 10:30,76.25,0.0,0,alt,0,80.8,alt,baix,5.5,100.0,100.0,0.0,6.7,351.0,223.0,2.4,0.115,0.27,8.8,8.8,28.48,28.98,0.0,0.0,0,0,0,0.0,,0,vigilancia
28.95,21/08/2026 11:00,71.55000000000001,0.0,0,alt,0,76.6,alt,baix,6.0,100.0,100.0,0.0,6.7,533.0,368.0,4.1,0.115,0.4,8.8,8.8,28.4,28.97,0.0,0.0,0,0,0,0.0,,0,vigilancia
29.65,21/08/2026 11:30,68.75,0.0,0,alt,0,72.7,alt,baix,0.0,100.0,100.0,0.0,6.7,533.0,368.0,4.1,0.115,0.4,8.8,8.8,28.28,28.96,0.0,0.0,0,0,0,0.0,,0,vigilancia
30.4,21/08/2026 12:00,64.85,0.0,0,alt,0,68.9,alt,baix,0.0,100.0,100.0,0.0,6.7,689.0,520.0,5.6,0.115,0.53,8.8,8.8,28.17,28.95,0.0,0.0,0,0,0,0.0,,0,vigilancia
31.85,21/08/2026 12:30,59.4,0.0,0,alt,0,65.4,alt,baix,0.0,100.0,100.0,0.0,6.7,689.0,520.0,5.6,0.115,0.53,8.8,8.8,28.07,28.94,0.0,0.0,0,0,0,0.0,,0,vigilancia
32.25,21/08/2026 13:00,56.7,0.0,0,alt,0,62.1,alt,baix,0.0,100.0,100.0,0.0,6.7,804.0,627.0,6.7,0.115,0.63,8.8,8.8,27.97,28.93,0.0,0.0,0,0,0,0.0,,0,vigilancia
32.95,21/08/2026 13:30,54.5,0.0,0,alt,0,58.9,alt,baix,0.0,100.0,100.0,0.0,6.7,804.0,627.0,6.7,0.115,0.63,8.8,8.8,27.88,28.93,0.0,0.0,0,0,0,0.0,,0,vigilancia
29.95,21/08/2026 14:00,68.44999999999999,0.0,0,alt,0,55.8,alt,baix,0.0,100.0,100.0,0.0,6.7,754.0,530.0,5.85,0.124,0.61,8.8,8.8,27.7,28.92,0.0,0.0,0,0,0,0.0,,0,vigilancia
30.25,21/08/2026 14:30,69.44999999999999,0.0,0,alt,0,53.0,alt,baix,0.0,100.0,100.0,0.0,6.7,754.0,530.0,5.85,0.124,0.61,8.8,8.8,27.53,28.91,0.0,0.0,0,0,0,0.0,,0,vigilancia
30.8,21/08/2026 15:00,65.15,0.0,0,alt,0,50.3,alt,baix,0.0,100.0,100.0,0.0,6.7,615.0,362.0,3.0,0.149,0.52,8.8,8.8,27.39,28.9,0.0,0.0,0,0,0,0.0,,0,vigilancia
30.9,21/08/2026 15:30,64.8,0.0,0,alt,0,47.7,moderat,baix,0.0,100.0,100.0,0.0,6.7,615.0,362.0,3.0,0.149,0.52,8.8,8.8,27.28,28.89,0.0,0.0,0,0,0,0.0,,0,vigilancia
30.8,21/08/2026 16:00,64.65,0.0,0,alt,0,45.2,moderat,baix,0.0,100.0,100.0,0.0,6.7,527.0,299.0,2.7,0.172,0.42,8.8,8.8,27.19,28.88,0.0,0.0,0,0,0,0.0,,0,vigilancia
29.7,21/08/2026 16:30,67.30000000000001,0.0,0,alt,0,42.9,moderat,baix,0.0,100.0,100.0,0.0,6.7,527.0,299.0,2.7,0.172,0.42,8.8,8.8,27.1,28.87,0.0,0.0,0,0,0,0.0,,0,vigilancia
29.700000000000003,21/08/2026 17:00,68.35,0.0,0,alt,0,40.7,moderat,baix,0.0,100.0,100.0,0.0,6.7,481.0,298.0,5.15,0.173,0.38,8.8,8.8,27.02,28.86,0.0,0.0,0,0,0,0.0,,0,vigilancia
27.450000000000003,21/08/2026 17:30,77.8,6.6,0,alt,1,0.0,baix,baix,0.5,100.0,100.0,0.0,6.7,481.0,298.0,5.15,0.173,0.38,15.4,15.4,26.91,28.85,0.5,0.0,1,0,0,0.4,3.4,1,primari
23.6,21/08/2026 18:00,89.35,16.7,0,alt,1,0.0,baix,baix,1.0,100.0,100.0,0.0,6.7,374.0,220.0,3.6,0.174,0.3,32.1,32.1,26.73,28.83,1.0,0.0,1,0,0,0.6,4.4,0,primari
25.2,21/08/2026 18:30,91.1,0.3,0,alt,1,0.0,baix,baix,1.5,100.0,100.0,0.0,6.7,374.0,220.0,3.6,0.174,0.3,32.4,32.4,26.58,28.81,1.5,0.0,1,0,0,1.0,3.9,0,primari
26.450000000000003,21/08/2026 19:00,88.6,0.0,0,alt,0,0.0,baix,baix,2.0,100.0,100.0,0.0,6.7,223.0,124.0,2.0,0.176,0.21,32.4,32.4,26.48,28.8,0.0,0.0,1,0,0,1.3,3.6,0,primari
27.0,21/08/2026 19:30,86.69999999999999,0.0,0,alt,0,0.0,baix,baix,2.5,100.0,100.0,0.0,6.7,223.0,124.0,2.0,0.176,0.21,32.4,32.4,26.39,28.79,0.0,0.0,1,0,0,1.7,3.4,0,primari
27.200000000000003,21/08/2026 20:00,86.5,0.0,0,alt,0,0.0,baix,baix,3.0,100.0,100.0,0.0,6.7,103.0,43.0,0.7,0.176,0.12,32.4,32.4,26.31,28.78,0.0,0.0,1,0,0,2.0,3.4,0,primari
26.450000000000003,21/08/2026 20:30,89.9,0.0,0,alt,0,0.0,baix,baix,3.5,100.0,100.0,0.0,6.7,103.0,43.0,0.7,0.176,0.12,32.4,32.4,26.22,28.77,0.0,0.0,1,0,0,2.4,3.5,0,primari
24.95,21/08/2026 21:00,90.05,0.0,0,alt,1,0.0,baix,baix,4.0,100.0,100.0,0.0,6.7,11.0,2.0,0.05,0.175,0.04,32.4,32.4,26.12,28.76,0.5,0.0,1,0,0,2.7,3.8,0,primari
24.45,21/08/2026 21:30,89.44999999999999,0.0,0,alt,1,0.0,baix,baix,4.5,100.0,100.0,0.0,6.7,11.0,2.0,0.05,0.175,0.04,32.4,32.4,26.02,28.76,1.0,0.0,1,0,0,3.0,3.9,0,primari
24.200000000000003,21/08/2026 22:00,91.05,0.0,0,alt,1,0.0,baix,baix,5.0,100.0,100.0,0.0,6.7,0.0,0.0,0.0,0.175,0.01,32.4,32.4,25.92,28.75,1.5,12.1,1,0,0,3.3,4.0,0,primari
24.0,21/08/2026 22:30,91.35,0.0,0,alt,1,4.6,baix,baix,5.5,100.0,100.0,0.0,6.7,0.0,0.0,0.0,0.175,0.01,32.4,32.4,25.82,28.74,2.0,24.1,1,0,0,3.6,4.0,0,primari
23.5,21/08/2026 23:00,92.5,0.0,0,alt,1,7.7,baix,baix,6.0,100.0,100.0,0.0,6.7,0.0,0.0,0.0,0.175,0.0,32.4,32.4,25.74,28.74,2.5,35.8,1,0,0,3.8,4.2,0,primari
23.3,21/08/2026 23:30,93.55,0.0,0,alt,1,12.6,baix,baix,6.5,100.0,100.0,0.0,6.7,0.0,0.0,0.0,0.175,0.0,32.4,32.4,25.8,28.73,3.0,47.5,1,0,0,4.1,4.2,0,primari
23.05,22/08/2026 00:00,94.0,0.0,0,alt,1,20.1,moderat,baix,7.0,100.0,100.0,0.0,6.4,0.0,0.0,0.0,0.174,0.0,32.4,32.4,25.84,28.72,3.5,59.0,1,0,0,4.4,4.3,0,primari
22.65,22/08/2026 00:30,93.85,0.0,0,alt,1,30.2,moderat,baix,7.5,100.0,100.0,0.0,6.4,0.0,0.0,0.0,0.174,0.0,32.4,32.4,25.86,28.72,4.0,70.4,1,0,0,4.7,4.4,0,primari
22.700000000000003,22/08/2026 01:00,94.1,0.0,0,alt,1,43.1,moderat,baix,8.0,100.0,100.0,0.0,6.4,0.0,0.0,0.0,0.174,0.0,32.4,32.4,25.88,28.72,4.5,81.7,1,0,0,4.9,4.3,0,primari
23.75,22/08/2026 01:30,95.05,0.0,0,alt,1,58.0,alt,baix,8.5,100.0,100.0,0.0,6.4,0.0,0.0,0.0,0.174,0.0,32.4,32.4,25.92,28.72,5.0,0.0,1,0,0,5.2,4.0,0,primari
24.6,22/08/2026 02:00,91.9,0.0,0,alt,1,72.3,alt,baix,9.0,100.0,100.0,0.0,6.4,0.0,0.0,0.0,0.14,0.0,32.4,32.4,25.98,28.72,5.5,12.3,1,0,0,5.5,3.7,0,primari
24.65,22/08/2026 02:30,89.85,0.0,0,alt,1,83.0,alt,moderat,9.5,100.0,100.0,0.0,6.4,0.0,0.0,0.0,0.14,0.0,32.4,32.4,26.02,28.72,6.0,24.6,1,0,0,5.8,3.7,0,primari
24.7,22/08/2026 03:00,88.45,0.0,0,alt,1,90.2,alt,moderat,10.0,100.0,100.0,0.0,6.4,0.0,0.0,0.0,0.14,0.0,32.4,32.4,26.07,28.72,6.5,37.0,1,0,0,6.1,3.7,0,primari
24.55,22/08/2026 03:30,88.2,0.0,0,alt,1,94.5,alt,moderat,10.5,100.0,100.0,0.0,6.4,0.0,0.0,0.0,0.14,0.0,32.4,32.4,26.13,28.72,7.0,49.2,1,0,0,6.4,3.7,0,primari
24.3,22/08/2026 04:00,87.6,0.0,0,alt,1,96.9,alt,moderat,11.0,100.0,100.0,0.0,6.4,0.0,0.0,0.0,0.14,0.0,32.4,32.4,26.18,28.72,7.5,61.4,1,0,0,6.7,3.7,0,primari
24.1,22/08/2026 04:30,86.45,0.0,0,alt,1,98.3,alt,moderat,11.5,100.0,100.0,0.0,6.4,0.0,0.0,0.0,0.14,0.0,32.4,32.4,26.23,28.72,8.0,73.4,1,0,0,7.0,3.8,0,primari
24.25,22/08/2026 05:00,84.25,0.0,0,alt,1,99.1,alt,moderat,12.0,100.0,100.0,0.0,6.4,0.0,0.0,0.0,0.14,0.01,32.4,32.4,26.3,28.72,8.5,85.6,1,0,0,7.3,3.7,0,primari
24.05,22/08/2026 05:30,83.25,0.0,0,alt,1,99.5,alt,alt,12.5,100.0,100.0,0.0,6.4,0.0,0.0,0.0,0.14,0.01,32.4,32.4,26.36,28.73,9.0,0.0,1,0,0,7.6,3.7,0,primari
24.05,22/08/2026 06:00,81.65,0.0,0,alt,1,99.7,alt,alt,13.0,100.0,100.0,0.0,6.4,0.0,0.0,0.0,0.14,0.02,32.4,32.4,26.41,28.73,9.5,12.0,1,0,0,7.9,3.7,0,primari
23.7,22/08/2026 06:30,82.75,0.0,0,alt,1,99.8,alt,alt,13.5,100.0,100.0,0.0,6.4,0.0,0.0,0.0,0.14,0.02,32.4,32.4,26.44,28.73,10.0,23.9,1,0,0,8.2,3.8,0,primari
23.4,22/08/2026 07:00,83.7,0.0,0,alt,1,99.9,alt,alt,14.0,100.0,100.0,0.0,6.4,0.0,0.0,0.0,0.14,0.01,32.4,32.4,26.45,28.74,10.5,35.6,1,0,0,8.5,3.8,0,primari
23.7,22/08/2026 07:30,83.4,0.0,0,alt,1,100.0,alt,alt,14.5,100.0,100.0,0.0,6.4,0.0,0.0,0.0,0.14,0.01,32.4,32.4,26.46,28.74,11.0,47.4,1,0,0,8.7,3.7,0,primari
23.95,22/08/2026 08:00,83.75,0.0,0,alt,1,100.0,alt,alt,15.0,100.0,100.0,0.0,6.4,35.0,11.0,0.1,0.14,0.04,32.4,32.4,26.44,28.74,11.5,0.0,1,0,0,9.0,3.7,0,primari
25.45,22/08/2026 08:30,78.75,0.0,0,alt,1,100.0,alt,alt,15.5,100.0,100.0,0.0,6.4,35.0,11.0,0.1,0.14,0.04,32.4,32.4,26.44,28.74,12.0,0.0,1,0,0,9.4,3.3,0,primari
26.2,22/08/2026 09:00,74.44999999999999,0.0,0,alt,0,94.9,alt,baix,16.0,100.0,100.0,0.0,6.4,181.0,99.0,0.9,0.139,0.14,32.4,32.4,26.44,28.73,0.0,0.0,1,0,0,9.7,3.1,0,primari
27.15,22/08/2026 09:30,71.6,0.0,0,alt,0,90.0,alt,baix,16.5,100.0,100.0,0.0,6.4,181.0,99.0,0.9,0.139,0.14,32.4,32.4,26.42,28.72,0.0,0.0,1,0,0,10.1,2.9,0,primari
27.3,22/08/2026 10:00,72.1,0.0,0,alt,0,85.4,alt,baix,17.0,100.0,100.0,0.0,6.4,347.0,221.0,2.25,0.139,0.27,32.4,32.4,26.4,28.71,0.0,0.0,1,0,0,10.4,2.9,0,primari
27.6,22/08/2026 10:30,71.44999999999999,0.0,0,alt,0,81.0,alt,baix,17.5,100.0,100.0,0.0,6.4,347.0,221.0,2.25,0.139,0.27,32.4,32.4,26.37,28.7,0.0,0.0,1,0,0,10.8,2.8,0,primari
27.95,22/08/2026 11:00,71.0,0.0,0,alt,0,76.8,alt,baix,18.0,100.0,100.0,0.0,6.4,519.0,354.0,3.95,0.139,0.4,32.4,32.4,26.35,28.69,0.0,0.0,1,0,0,11.2,2.7,0,primari
28.25,22/08/2026 11:30,70.35,0.0,0,alt,0,72.9,alt,baix,18.5,100.0,100.0,0.0,6.4,519.0,354.0,3.95,0.139,0.4,32.4,32.4,26.32,28.68,0.0,0.0,1,0,0,11.5,2.7,0,primari
28.05,22/08/2026 12:00,71.1,0.0,0,alt,0,69.1,alt,baix,19.0,100.0,100.0,0.0,6.4,638.0,423.0,3.95,0.137,0.48,32.4,32.4,26.27,28.66,0.0,0.0,1,0,0,11.9,2.7,0,primari
28.25,22/08/2026 12:30,70.45,0.0,0,alt,0,65.6,alt,baix,19.5,100.0,100.0,0.0,6.4,638.0,423.0,3.95,0.137,0.48,32.4,32.4,26.2,28.64,0.0,0.0,1,0,0,12.3,2.6,0,primari
28.3,22/08/2026 13:00,70.85,0.0,0,alt,0,62.2,alt,baix,20.0,100.0,100.0,0.0,6.4,707.0,479.0,3.85,0.137,0.54,32.4,32.4,26.11,28.63,0.0,0.0,1,0,0,12.7,2.6,0,primari
28.7,22/08/2026 13:30,70.05000000000001,0.0,0,alt,0,59.0,alt,baix,20.5,100.0,100.0,0.0,6.4,707.0,479.0,3.85,0.137,0.54,32.4,32.4,26.02,28.61,0.0,0.0,1,0,0,13.1,2.5,0,primari
28.6,22/08/2026 14:00,69.9,0.0,0,alt,0,56.0,alt,baix,21.0,100.0,100.0,0.0,6.4,767.0,525.0,5.1,0.148,0.57,32.4,32.4,26.0,28.59,0.0,0.0,1,0,0,13.5,2.5,0,primari
29.35,22/08/2026 14:30,67.94999999999999,0.0,0,alt,0,53.1,alt,baix,21.5,100.0,100.0,0.0,6.4,767.0,525.0,5.1,0.148,0.57,32.4,32.4,25.98,28.57,0.0,0.0,1,0,0,13.9,2.4,0,primari
29.7,22/08/2026 15:00,66.35,0.0,0,alt,0,50.4,alt,baix,0.0,100.0,100.0,0.0,6.4,765.0,540.0,6.45,0.146,0.57,32.4,32.4,25.96,28.56,0.0,0.0,1,0,0,14.3,2.3,0,primari
30.0,22/08/2026 15:30,63.9,0.0,0,alt,0,47.8,moderat,baix,0.0,100.0,100.0,0.0,6.4,765.0,540.0,6.45,0.146,0.57,32.4,32.4,25.94,28.54,0.0,0.0,1,0,0,14.7,2.3,0,primari
29.8,22/08/2026 16:00,64.15,0.0,0,alt,0,45.4,moderat,baix,0.0,100.0,100.0,0.0,6.4,719.0,496.0,6.1,0.145,0.53,32.4,32.4,25.92,28.53,0.0,0.0,1,0,0,15.1,2.3,0,primari
29.75,22/08/2026 16:30,64.4,0.0,0,alt,0,43.0,moderat,baix,0.0,100.0,100.0,0.0,6.4,719.0,496.0,6.1,0.145,0.53,32.4,32.4,25.92,28.51,0.0,0.0,1,0,0,15.5,2.3,0,primari
29.5,22/08/2026 17:00,64.9,0.0,0,alt,0,40.8,moderat,baix,0.0,100.0,100.0,0.0,6.4,637.0,467.0,5.1,0.143,0.47,32.4,32.4,25.91,28.5,0.0,0.0,1,0,0,15.9,2.3,0,primari
29.5,22/08/2026 17:30,65.3,0.0,0,alt,0,38.7,moderat,baix,0.0,100.0,100.0,0.0,6.4,637.0,467.0,5.1,0.143,0.47,32.4,32.4,25.96,28.49,0.0,0.0,1,0,0,16.3,2.2,0,primari
29.200000000000003,22/08/2026 18:00,65.7,0.0,0,alt,0,36.7,moderat,baix,0.5,100.0,100.0,0.0,6.4,499.0,360.0,3.55,0.142,0.38,32.4,32.4,26.07,28.48,0.0,0.0,1,0,0,16.7,2.3,0,primari
28.700000000000003,22/08/2026 18:30,67.55000000000001,0.0,0,alt,0,34.9,moderat,baix,1.0,100.0,100.0,0.0,6.4,499.0,360.0,3.55,0.142,0.38,32.4,32.4,26.14,28.47,0.0,0.0,1,0,0,17.1,2.3,0,primari
28.450000000000003,22/08/2026 19:00,68.05,0.0,0,alt,0,33.1,moderat,baix,1.5,100.0,100.0,0.0,6.4,309.0,208.0,1.95,0.141,0.26,32.4,32.4,26.19,28.46,0.0,0.0,1,0,0,17.5,2.3,0,primari
27.75,22/08/2026 19:30,70.1,0.0,0,alt,0,31.4,moderat,baix,2.0,100.0,100.0,0.0,6.4,309.0,208.0,1.95,0.141,0.26,32.4,32.4,26.2,28.45,0.0,0.0,1,0,0,17.9,2.4,0,primari
27.15,22/08/2026 20:00,73.15,0.0,0,alt,0,29.8,moderat,baix,2.5,100.0,100.0,0.0,6.4,129.0,65.0,0.7,0.137,0.13,32.4,32.4,26.2,28.44,0.0,0.0,1,0,0,18.2,2.4,0,primari
26.55,22/08/2026 20:30,76.05,0.0,0,alt,0,28.2,moderat,baix,3.0,100.0,100.0,0.0,6.4,129.0,65.0,0.7,0.137,0.13,32.4,32.4,26.2,28.43,0.0,0.0,1,0,0,18.6,2.5,0,primari
26.200000000000003,22/08/2026 21:00,77.80000000000001,0.0,0,alt,0,26.8,moderat,baix,3.5,100.0,100.0,0.0,6.4,11.0,2.0,0.05,0.136,0.04,32.4,32.4,26.23,28.43,0.0,0.0,1,0,0,18.9,2.5,0,primari
25.75,22/08/2026 21:30,79.45,0.0,0,alt,0,25.4,moderat,baix,4.0,100.0,100.0,0.0,6.4,11.0,2.0,0.05,0.136,0.04,32.4,32.4,26.26,28.42,0.0,0.0,1,0,0,19.2,2.6,0,primari
25.1,22/08/2026 22:00,82.05,0.0,0,alt,0,24.1,moderat,baix,4.5,100.0,100.0,0.0,6.4,0.0,0.0,0.0,0.136,0.01,32.4,32.4,26.28,28.42,0.0,0.0,1,0,0,19.5,2.7,0,primari
24.35,22/08/2026 22:30,84.85,0.0,0,alt,0,22.9,moderat,baix,5.0,100.0,100.0,0.0,6.4,0.0,0.0,0.0,0.136,0.01,32.4,32.4,26.28,28.41,0.0,0.0,1,0,0,19.8,2.8,0,primari
23.75,22/08/2026 23:00,87.45,0.0,0,alt,0,21.7,moderat,baix,5.5,100.0,100.0,0.0,6.4,0.0,0.0,0.0,0.136,0.0,29.9,32.4,26.29,28.4,0.0,0.0,1,0,0,20.1,2.9,0,primari
23.25,22/08/2026 23:30,89.15,0.0,0,alt,0,20.6,moderat,baix,6.0,100.0,100.0,0.0,6.4,0.0,0.0,0.0,0.136,0.0,23.6,32.4,26.29,28.4,0.0,0.0,1,0,0,20.4,3.0,0,primari
22.95,23/08/2026 00:00,90.75,0.0,0,alt,1,0.0,baix,baix,6.5,100.0,100.0,0.0,7.2,0.0,0.0,0.0,0.136,0.0,23.6,32.4,26.28,28.39,0.5,11.5,1,0,0,20.7,3.0,0,primari
22.8,23/08/2026 00:30,92.15,0.0,0,alt,1,0.0,baix,baix,7.0,100.0,100.0,0.0,7.2,0.0,0.0,0.0,0.136,0.0,23.6,32.4,26.29,28.39,1.0,22.9,1,0,0,20.9,3.1,0,primari
22.4,23/08/2026 01:00,93.0,0.0,0,alt,1,0.0,baix,baix,7.5,100.0,100.0,0.0,7.2,0.0,0.0,0.0,0.136,0.0,23.6,32.4,26.28,28.39,1.5,34.1,1,0,0,21.2,3.1,0,primari
22.2,23/08/2026 01:30,93.5,0.0,0,alt,1,2.6,baix,baix,8.0,100.0,100.0,0.0,7.2,0.0,0.0,0.0,0.136,0.0,23.6,32.4,26.25,28.39,2.0,45.2,1,0,0,21.5,3.2,0,primari
21.85,23/08/2026 02:00,93.9,0.0,0,alt,1,4.4,baix,baix,8.5,100.0,100.0,0.0,7.2,0.0,0.0,0.0,0.142,0.0,23.6,32.4,26.19,28.39,2.5,56.1,1,0,0,21.7,3.2,0,primari
21.65,23/08/2026 02:30,94.2,0.0,0,alt,1,7.4,baix,baix,9.0,100.0,100.0,0.0,7.2,0.0,0.0,0.0,0.142,0.0,23.6,32.4,26.13,28.38,3.0,66.9,1,0,0,21.9,3.3,0,primari
21.85,23/08/2026 03:00,93.2,0.0,0,alt,1,12.4,baix,baix,9.5,100.0,100.0,0.0,7.2,0.0,0.0,0.0,0.141,0.0,23.6,32.4,26.07,28.38,3.5,77.9,1,0,0,22.2,3.2,0,primari
21.5,23/08/2026 03:30,93.3,0.0,0,alt,1,19.9,baix,baix,10.0,100.0,100.0,0.0,7.2,0.0,0.0,0.0,0.141,0.0,23.6,32.4,26.01,28.39,4.0,0.0,1,0,0,22.4,3.3,0,primari
21.05,23/08/2026 04:00,94.6,0.0,0,alt,1,30.0,moderat,baix,0.0,100.0,100.0,0.0,7.2,0.0,0.0,0.0,0.141,0.0,23.6,32.4,25.94,28.39,4.5,10.5,1,0,0,22.7,3.4,0,primari
21.1,23/08/2026 04:30,94.85,0.0,0,alt,1,42.7,moderat,baix,0.5,100.0,100.0,0.0,7.2,0.0,0.0,0.0,0.141,0.0,23.6,32.4,25.88,28.39,5.0,21.1,1,0,0,22.9,3.3,0,primari
20.95,23/08/2026 05:00,95.0,0.0,0,alt,1,56.5,alt,baix,0.0,100.0,100.0,0.0,7.2,0.0,0.0,0.0,0.141,0.0,23.6,32.4,25.81,28.39,5.5,31.6,1,0,0,23.1,3.4,0,primari
20.700000000000003,23/08/2026 05:30,95.15,0.0,0,alt,1,69.2,alt,moderat,0.0,100.0,100.0,0.0,7.2,0.0,0.0,0.0,0.141,0.0,23.6,32.4,25.74,28.4,6.0,41.9,1,0,0,23.3,3.4,0,primari
20.65,23/08/2026 06:00,95.5,0.0,0,alt,1,79.6,alt,moderat,0.0,100.0,100.0,0.0,7.2,0.0,0.0,0.0,0.141,0.0,23.6,32.4,25.67,28.4,6.5,52.2,1,0,0,23.6,3.4,0,primari
20.6,23/08/2026 06:30,95.65,0.0,0,alt,1,87.2,alt,moderat,0.0,100.0,100.0,0.0,7.2,0.0,0.0,0.0,0.141,0.0,23.6,32.4,25.6,28.4,7.0,62.5,1,0,0,23.8,3.4,0,primari
20.3,23/08/2026 07:00,95.9,0.0,0,alt,1,92.2,alt,moderat,0.0,100.0,100.0,0.0,7.2,0.0,0.0,0.0,0.141,0.0,23.6,32.4,25.54,28.41,7.5,72.7,1,0,0,24.0,3.5,0,primari
20.7,23/08/2026 07:30,96.2,0.0,0,alt,1,95.4,alt,moderat,0.0,100.0,100.0,0.0,7.2,0.0,0.0,0.0,0.141,0.0,23.6,32.4,25.48,28.41,8.0,0.0,1,0,0,24.2,3.3,0,primari
21.700000000000003,23/08/2026 08:00,95.25,0.0,0,alt,1,97.4,alt,moderat,0.5,100.0,100.0,0.0,7.2,36.0,13.0,0.15,0.143,0.01,23.6,32.4,25.43,28.41,8.5,0.0,1,0,0,24.5,3.0,0,primari
24.05,23/08/2026 08:30,88.6,0.0,0,alt,1,98.6,alt,alt,1.0,100.0,100.0,0.0,7.2,36.0,13.0,0.15,0.143,0.01,23.6,32.4,25.4,28.41,9.0,0.0,1,0,0,24.8,2.5,0,primari
25.9,23/08/2026 09:00,81.0,0.0,0,alt,0,93.5,alt,baix,1.5,100.0,100.0,0.0,7.2,194.0,127.0,1.05,0.143,0.11,23.6,32.4,25.39,28.41,0.0,0.0,1,0,0,25.1,2.2,0,primari
27.35,23/08/2026 09:30,74.69999999999999,0.0,0,alt,0,88.7,alt,baix,2.0,100.0,100.0,0.0,7.2,194.0,127.0,1.05,0.143,0.11,23.6,32.4,25.4,28.4,0.0,0.0,1,0,0,25.5,2.0,0,primari
28.6,23/08/2026 10:00,69.4,0.0,0,alt,0,84.2,alt,baix,2.5,100.0,100.0,0.0,7.2,389.0,299.0,2.45,0.142,0.26,23.6,32.4,25.42,28.39,0.0,0.0,1,0,0,25.8,1.8,0,primari
29.200000000000003,23/08/2026 10:30,64.75,0.0,0,alt,0,79.9,alt,baix,3.0,100.0,100.0,0.0,7.2,389.0,299.0,2.45,0.142,0.26,23.6,32.4,25.46,28.39,0.0,0.0,1,0,0,26.2,1.8,0,primari
29.6,23/08/2026 11:00,61.05,0.0,0,alt,0,75.8,alt,baix,0.0,100.0,100.0,0.0,7.2,571.0,460.0,4.1,0.141,0.41,23.6,32.4,25.49,28.38,0.0,0.0,1,0,0,26.6,1.7,0,primari
29.95,23/08/2026 11:30,58.650000000000006,0.0,0,alt,0,71.9,alt,baix,0.0,100.0,100.0,0.0,7.2,571.0,460.0,4.1,0.141,0.41,23.6,32.4,25.53,28.36,0.0,0.0,1,0,0,27.1,1.7,0,primari
30.200000000000003,23/08/2026 12:00,57.7,0.0,0,alt,0,68.2,alt,baix,0.0,100.0,100.0,0.0,7.2,713.0,564.0,5.6,0.139,0.54,23.6,32.4,25.57,28.35,0.0,0.0,1,0,0,27.5,1.6,0,primari
30.65,23/08/2026 12:30,56.85,0.0,0,alt,0,64.7,alt,baix,0.0,100.0,100.0,0.0,7.2,713.0,564.0,5.6,0.139,0.54,23.6,32.4,25.62,28.34,0.0,0.0,1,0,0,27.9,1.6,0,primari
30.9,23/08/2026 13:00,57.65,0.0,0,alt,0,61.4,alt,baix,0.0,100.0,100.0,0.0,7.2,820.0,681.0,6.7,0.137,0.62,23.6,32.4,25.68,28.32,0.0,0.0,1,0,0,28.4,1.5,0,primari
31.15,23/08/2026 13:30,55.55,0.0,0,alt,0,58.2,alt,baix,0.0,100.0,100.0,0.0,7.2,820.0,681.0,6.7,0.137,0.62,23.6,32.4,25.73,28.31,0.0,0.0,1,0,0,28.8,1.5,0,primari
31.200000000000003,23/08/2026 14:00,53.95,0.0,0,alt,0,55.2,alt,baix,0.0,100.0,100.0,0.0,7.2,869.0,733.0,7.25,0.142,0.66,23.6,32.4,25.78,28.3,0.0,0.0,1,0,0,29.2,1.5,0,primari
31.6,23/08/2026 14:30,53.1,0.0,0,alt,0,52.4,alt,baix,0.0,100.0,100.0,0.0,7.2,869.0,733.0,7.25,0.142,0.66,23.6,32.4,25.83,28.29,0.0,0.0,1,0,0,29.7,1.4,0,primari
31.9,23/08/2026 15:00,50.05,0.0,0,alt,0,49.7,moderat,baix,0.0,100.0,100.0,0.0,7.2,856.0,716.0,7.15,0.14,0.65,23.6,32.4,25.87,28.28,0.0,0.0,1,0,0,30.1,1.4,0,primari
32.2,23/08/2026 15:30,46.55,0.0,0,alt,0,47.2,moderat,baix,0.0,100.0,100.0,0.0,7.2,856.0,716.0,7.15,0.14,0.65,23.6,32.4,25.92,28.27,0.0,0.0,1,0,0,30.6,1.3,0,primari
32.15,23/08/2026 16:00,47.75,0.0,0,alt,0,44.7,moderat,baix,0.0,100.0,100.0,0.0,7.2,786.0,656.0,6.4,0.138,0.61,23.6,32.4,25.97,28.26,0.0,0.0,1,0,0,31.1,1.3,0,primari
32.15,23/08/2026 16:30,48.95,0.0,0,alt,0,42.4,moderat,baix,0.0,100.0,100.0,0.0,7.2,786.0,656.0,6.4,0.138,0.61,23.6,32.4,26.02,28.25,0.0,0.0,1,0,0,31.5,1.3,0,primari
31.9,23/08/2026 17:00,50.85,0.0,0,alt,0,40.3,moderat,baix,0.0,100.0,100.0,0.0,7.2,668.0,552.0,5.15,0.136,0.52,23.6,32.4,26.07,28.24,0.0,0.0,1,0,0,32.0,1.3,0,primari
31.7,23/08/2026 17:30,51.4,0.0,0,alt,0,38.2,moderat,baix,0.0,100.0,100.0,0.0,7.2,668.0,552.0,5.15,0.136,0.52,17.0,32.4,26.11,28.23,0.0,0.0,1,0,0,32.4,1.3,0,primari
31.05,23/08/2026 18:00,54.6,0.0,0,alt,0,36.2,moderat,baix,0.0,100.0,100.0,0.0,7.2,500.0,391.0,3.55,0.135,0.39,0.3,32.4,26.15,28.22,0.0,0.0,0,0,0,32.9,1.3,0,inactiu
30.35,23/08/2026 18:30,58.6,0.0,0,alt,0,34.4,moderat,baix,0.0,100.0,100.0,0.0,7.2,500.0,391.0,3.55,0.135,0.39,0.0,32.4,26.19,28.21,0.0,0.0,0,0,0,33.3,1.3,0,inactiu
29.7,23/08/2026 19:00,62.85,0.0,0,alt,0,32.6,moderat,baix,0.0,100.0,100.0,0.0,7.2,315.0,229.0,1.95,0.134,0.26,0.0,32.4,26.21,28.2,0.0,0.0,0,0,0,33.7,1.3,0,inactiu
28.65,23/08/2026 19:30,68.2,0.0,0,alt,0,30.9,moderat,baix,0.5,100.0,100.0,0.0,7.2,315.0,229.0,1.95,0.134,0.26,0.0,32.4,26.23,28.19,0.0,0.0,0,0,0,34.1,1.4,0,inactiu
27.85,23/08/2026 20:00,71.5,0.0,0,alt,0,29.4,moderat,baix,1.0,100.0,100.0,0.0,7.2,130.0,76.0,0.65,0.136,0.12,0.0,32.4,26.25,28.18,0.0,0.0,0,0,0,34.5,1.4,0,inactiu
27.15,23/08/2026 20:30,74.19999999999999,0.0,0,alt,0,27.8,moderat,baix,1.5,100.0,100.0,0.0,7.2,130.0,76.0,0.65,0.136,0.12,0.0,32.4,26.26,28.17,0.0,0.0,0,0,0,34.8,1.5,0,inactiu
26.5,23/08/2026 21:00,76.94999999999999,0.0,0,alt,0,26.4,moderat,baix,2.0,100.0,100.0,0.0,7.2,11.0,3.0,0.05,0.136,0.02,0.0,32.4,26.27,28.17,0.0,0.0,0,0,0,35.2,1.5,0,inactiu
25.6,23/08/2026 21:30,80.80000000000001,0.0,0,alt,0,25.1,moderat,baix,2.5,100.0,100.0,0.0,7.2,11.0,3.0,0.05,0.136,0.02,0.0,32.4,26.26,28.16,0.0,0.0,0,0,0,35.5,1.6,0,inactiu
24.75,23/08/2026 22:00,84.75,0.0,0,alt,0,23.8,moderat,baix,3.0,100.0,100.0,0.0,7.2,0.0,0.0,0.0,0.136,0.0,0.0,32.4,26.26,28.16,0.0,0.0,0,0,0,35.8,1.6,0,inactiu
24.6,23/08/2026 22:30,85.85,0.0,0,alt,0,22.6,moderat,baix,3.5,100.0,100.0,0.0,7.2,0.0,0.0,0.0,0.136,0.0,0.0,32.4,26.26,28.15,0.0,0.0,0,0,0,36.1,1.6,0,inactiu
24.05,23/08/2026 23:00,88.4,0.0,0,alt,0,21.4,moderat,baix,4.0,100.0,100.0,0.0,7.2,0.0,0.0,0.0,0.135,0.0,0.0,32.4,26.27,28.15,0.0,0.0,0,0,0,36.4,1.7,0,inactiu
23.35,23/08/2026 23:30,90.3,0.0,0,alt,1,0.0,baix,baix,4.5,100.0,100.0,0.0,7.2,0.0,0.0,0.0,0.135,0.0,0.0,32.4,26.27,28.15,0.5,11.7,0,0,0,36.7,1.7,0,inactiu
23.55,24/08/2026 00:00,90.4,0.0,0,alt,1,0.0,baix,baix,5.0,100.0,100.0,0.0,6.2,0.0,0.0,0.0,0.135,0.0,0.0,32.4,26.28,28.14,1.0,23.5,0,0,0,37.0,1.7,0,inactiu
23.25,24/08/2026 00:30,91.35,0.0,0,alt,1,0.0,baix,baix,5.5,100.0,100.0,0.0,6.2,0.0,0.0,0.0,0.135,0.0,0.0,32.4,26.29,28.14,1.5,35.1,0,0,0,37.2,1.7,0,inactiu
22.85,24/08/2026 01:00,93.05,0.0,0,alt,1,3.2,baix,baix,6.0,100.0,100.0,0.0,6.2,0.0,0.0,0.0,0.135,0.0,0.0,32.4,26.3,28.14,2.0,46.5,0,0,0,37.5,1.8,0,inactiu
22.75,24/08/2026 01:30,93.0,0.0,0,alt,1,5.5,baix,baix,6.5,100.0,100.0,0.0,6.2,0.0,0.0,0.0,0.135,0.0,0.0,32.4,26.31,28.14,2.5,57.9,0,0,0,37.8,1.7,0,inactiu
22.9,24/08/2026 02:00,91.95,0.0,0,alt,1,9.4,baix,baix,7.0,100.0,100.0,0.0,6.2,0.0,0.0,0.0,0.135,0.0,0.0,32.4,26.33,28.14,3.0,69.3,0,0,0,38.0,1.7,0,inactiu
22.5,24/08/2026 02:30,92.55,0.0,0,alt,1,15.5,baix,baix,7.5,100.0,100.0,0.0,6.2,0.0,0.0,0.0,0.135,0.0,0.0,32.4,26.35,28.14,3.5,80.6,0,0,0,38.3,1.7,0,inactiu
22.7,24/08/2026 03:00,92.95,0.0,0,alt,1,24.7,moderat,baix,8.0,100.0,100.0,0.0,6.2,0.0,0.0,0.0,0.135,0.0,0.0,32.4,26.37,28.14,4.0,0.0,0,0,0,38.6,1.7,0,inactiu
22.65,24/08/2026 03:30,93.55,0.0,0,alt,1,37.0,moderat,baix,8.5,100.0,100.0,0.0,6.2,0.0,0.0,0.0,0.135,0.0,0.0,32.4,26.39,28.15,4.5,11.3,0,0,0,38.8,1.7,0,inactiu
22.55,24/08/2026 04:00,94.2,0.0,0,alt,1,51.2,alt,baix,9.0,100.0,100.0,0.0,6.2,0.0,0.0,0.0,0.135,0.0,0.0,32.4,26.42,28.15,5.0,22.6,0,0,0,39.1,1.7,0,inactiu
22.5,24/08/2026 04:30,94.55,0.0,0,alt,1,65.3,alt,baix,9.5,100.0,100.0,0.0,6.2,0.0,0.0,0.0,0.135,0.0,0.0,32.4,26.45,28.15,5.5,33.8,0,0,0,39.3,1.7,0,inactiu
22.45,24/08/2026 05:00,94.25,0.0,0,alt,1,77.1,alt,moderat,10.0,100.0,100.0,0.0,6.2,0.0,0.0,0.0,0.135,0.0,0.0,32.4,26.48,28.16,6.0,45.1,0,0,0,39.6,1.6,0,inactiu
22.25,24/08/2026 05:30,94.75,0.0,0,alt,1,85.7,alt,moderat,10.5,100.0,100.0,0.0,6.2,0.0,0.0,0.0,0.135,0.0,0.0,32.4,26.52,28.16,6.5,56.2,0,0,0,39.9,1.6,0,inactiu
22.55,24/08/2026 06:00,94.85,0.0,0,alt,1,91.5,alt,moderat,11.0,100.0,100.0,0.0,6.2,0.0,0.0,0.0,0.135,0.0,0.0,32.4,26.56,28.17,7.0,67.5,0,0,0,40.1,1.6,0,inactiu
22.8,24/08/2026 06:30,94.6,0.0,0,alt,1,95.1,alt,moderat,11.5,100.0,100.0,0.0,6.2,0.0,0.0,0.0,0.135,0.0,0.0,32.4,26.6,28.18,7.5,78.9,0,0,0,40.4,1.5,0,inactiu
23.0,24/08/2026 07:00,94.35,0.0,0,alt,1,97.3,alt,moderat,12.0,100.0,100.0,0.0,6.2,0.0,0.0,0.0,0.135,0.0,0.0,32.4,26.66,28.19,8.0,0.0,0,0,0,40.7,1.5,0,inactiu
22.9,24/08/2026 07:30,94.6,0.0,0,alt,1,98.5,alt,moderat,12.5,100.0,100.0,0.0,6.2,0.0,0.0,0.0,0.135,0.0,0.0,32.4,26.7,28.19,8.5,11.4,0,0,0,40.9,1.5,0,inactiu
23.5,24/08/2026 08:00,94.05,0.0,0,alt,1,99.2,alt,alt,13.0,100.0,100.0,0.0,6.2,29.0,6.0,0.15,0.147,0.01,0.0,32.4,26.74,28.19,9.0,0.0,0,0,0,41.2,1.4,0,inactiu
25.0,24/08/2026 08:30,91.0,0.0,0,alt,1,99.6,alt,alt,13.5,100.0,100.0,0.0,6.2,29.0,6.0,0.15,0.147,0.01,0.0,32.4,26.76,28.19,9.5,0.0,0,0,0,41.5,1.2,0,inactiu
25.950000000000003,24/08/2026 09:00,88.2,0.0,0,alt,0,94.4,alt,baix,14.0,100.0,100.0,0.0,6.2,151.0,63.0,1.0,0.147,0.1,0.0,32.4,26.76,28.18,0.0,0.0,0,0,0,41.9,1.1,0,inactiu
27.3,24/08/2026 09:30,86.30000000000001,0.0,0,alt,0,89.6,alt,baix,14.5,100.0,100.0,0.0,6.2,151.0,63.0,1.0,0.147,0.1,0.0,32.4,26.76,28.17,0.0,0.0,0,0,0,42.2,1.0,0,inactiu
28.6,24/08/2026 10:00,83.1,0.0,0,alt,0,85.0,alt,baix,15.0,100.0,100.0,0.0,6.2,314.0,164.0,2.4,0.147,0.22,0.0,32.4,26.76,28.16,0.0,0.0,0,0,0,42.6,0.9,0,inactiu
29.4,24/08/2026 10:30,79.85,0.0,0,alt,0,80.6,alt,baix,15.5,100.0,100.0,0.0,6.2,314.0,164.0,2.4,0.147,0.22,0.0,32.4,26.77,28.15,0.0,0.0,0,0,0,43.0,0.9,0,inactiu
29.5,24/08/2026 11:00,78.0,0.0,0,alt,0,76.5,alt,baix,0.0,100.0,100.0,0.0,6.2,478.0,274.0,3.65,0.146,0.35,0.0,32.4,26.76,28.14,0.0,0.0,0,0,0,43.4,0.9,0,inactiu
30.0,24/08/2026 11:30,76.85,0.0,0,alt,0,72.6,alt,baix,0.0,100.0,100.0,0.0,6.2,478.0,274.0,3.65,0.146,0.35,0.0,32.4,26.76,28.12,0.0,0.0,0,0,0,43.8,0.8,0,inactiu
30.65,24/08/2026 12:00,74.85,0.0,0,alt,0,68.9,alt,baix,0.0,100.0,100.0,0.0,6.2,517.0,271.0,4.55,0.15,0.4,0.0,32.4,26.77,28.11,0.0,0.0,0,0,0,44.3,0.8,0,inactiu
30.85,24/08/2026 12:30,73.85,0.0,0,alt,0,65.3,alt,baix,0.0,100.0,100.0,0.0,6.2,517.0,271.0,4.55,0.15,0.4,0.0,32.4,26.78,28.1,0.0,0.0,0,0,0,44.7,0.7,0,inactiu
30.6,24/08/2026 13:00,73.7,0.0,0,alt,0,62.0,alt,baix,0.0,100.0,100.0,0.0,6.2,517.0,175.0,2.75,0.149,0.41,0.0,32.4,26.77,28.09,0.0,0.0,0,0,0,45.1,0.7,0,inactiu
30.75,24/08/2026 13:30,74.05,0.0,0,alt,0,58.8,alt,baix,0.0,100.0,100.0,0.0,6.2,517.0,175.0,2.75,0.149,0.41,0.0,32.4,26.76,28.07,0.0,0.0,0,0,0,45.6,0.7,0,inactiu
29.05,24/08/2026 14:00,83.05000000000001,1.8,0,alt,1,0.0,baix,baix,0.5,100.0,100.0,0.0,6.2,493.0,114.0,0.35,0.166,0.37,1.8,34.2,26.72,28.06,0.5,0.0,0,0,0,46.0,0.7,0,inactiu
28.25,24/08/2026 14:30,88.95,0.3,0,alt,1,0.0,baix,baix,1.0,100.0,100.0,0.0,6.2,493.0,114.0,0.35,0.166,0.37,2.1,34.5,26.65,28.04,1.0,0.0,0,0,0,46.3,0.7,0,inactiu
27.7,24/08/2026 15:00,88.2,1.5,0,alt,1,0.0,baix,baix,1.5,100.0,100.0,0.0,6.2,417.0,55.0,6.15,0.185,0.32,3.6,36.0,26.56,28.02,1.5,0.0,0,0,0,46.7,0.8,0,inactiu
27.95,24/08/2026 15:30,90.7,0.0,0,alt,1,18.0,baix,baix,2.0,100.0,100.0,0.0,6.2,417.0,55.0,6.15,0.185,0.32,3.6,36.0,26.47,28.0,2.0,0.0,0,0,0,47.1,0.7,0,inactiu
28.200000000000003,24/08/2026 16:00,87.85,0.0,0,alt,0,17.0,baix,baix,2.5,100.0,100.0,0.0,6.2,429.0,75.0,6.0,0.184,0.33,3.6,36.0,26.39,27.98,0.0,0.0,0,0,0,47.5,0.7,0,inactiu
28.4,24/08/2026 16:30,86.6,0.0,0,alt,0,16.2,baix,baix,3.0,100.0,100.0,0.0,6.2,429.0,75.0,6.0,0.184,0.33,3.6,36.0,26.31,27.96,0.0,0.0,0,0,0,47.8,0.7,0,inactiu
29.1,24/08/2026 17:00,84.5,0.0,0,alt,0,15.3,baix,baix,3.5,100.0,100.0,0.0,6.2,343.0,65.0,4.55,0.181,0.28,3.6,36.0,26.25,27.95,0.0,0.0,0,0,0,48.2,0.6,0,inactiu
29.75,24/08/2026 17:30,81.19999999999999,0.0,0,alt,0,14.5,baix,baix,0.0,100.0,100.0,0.0,6.2,343.0,65.0,4.55,0.181,0.28,3.6,36.0,26.21,27.93,0.0,0.0,0,0,0,48.6,0.6,0,inactiu
30.15,24/08/2026 18:00,79.05,0.0,0,alt,0,13.8,baix,baix,0.0,100.0,100.0,0.0,6.2,303.0,117.0,2.75,0.18,0.25,3.6,36.0,26.19,27.92,0.0,0.0,0,0,0,49.1,0.5,0,inactiu
30.3,24/08/2026 18:30,78.1,0.0,0,alt,0,13.1,baix,baix,0.0,100.0,100.0,0.0,6.2,303.0,117.0,2.75,0.18,0.25,3.6,36.0,26.19,27.91,0.0,0.0,0,0,0,49.5,0.5,0,inactiu
29.85,24/08/2026 19:00,80.0,0.0,0,alt,0,12.4,baix,baix,0.0,100.0,100.0,0.0,6.2,148.0,23.0,1.1,0.197,0.15,3.6,36.0,26.2,27.9,0.0,0.0,0,0,0,49.9,0.5,0,inactiu
29.35,24/08/2026 19:30,81.4,0.0,0,alt,0,11.8,baix,baix,0.5,100.0,100.0,0.0,6.2,148.0,23.0,1.1,0.197,0.15,3.6,36.0,26.21,27.9,0.0,0.0,0,0,0,50.3,0.5,0,inactiu
29.05,24/08/2026 20:00,83.15,0.0,0,alt,0,11.2,baix,baix,1.0,100.0,100.0,0.0,6.2,55.0,2.0,0.55,0.205,0.07,3.6,36.0,26.24,27.89,0.0,0.0,0,0,0,50.7,0.5,0,inactiu
28.450000000000003,24/08/2026 20:30,86.5,0.0,0,alt,0,10.6,baix,baix,1.5,100.0,100.0,0.0,6.2,55.0,2.0,0.55,0.205,0.07,3.6,36.0,26.26,27.88,0.0,0.0,0,0,0,51.1,0.5,0,inactiu
28.1,24/08/2026 21:00,88.55,0.0,0,alt,0,10.1,baix,baix,2.0,100.0,100.0,0.0,6.2,6.0,0.0,0.05,0.211,0.02,3.6,36.0,26.3,27.88,0.0,0.0,0,0,0,51.5,0.5,0,inactiu
27.85,24/08/2026 21:30,90.25,0.0,0,alt,1,0.0,baix,baix,2.5,100.0,100.0,0.0,6.2,6.0,0.0,0.05,0.211,0.02,3.6,36.0,26.34,27.88,0.5,0.0,0,0,0,51.8,0.5,0,inactiu
27.85,24/08/2026 22:00,90.05,0.0,0,alt,1,0.0,baix,baix,3.0,100.0,100.0,0.0,6.2,0.0,0.0,0.0,0.212,0.01,3.6,36.0,26.41,27.88,1.0,13.9,0,0,0,52.2,0.4,0,inactiu
27.5,24/08/2026 22:30,88.85,0.0,0,alt,1,0.0,baix,baix,3.5,100.0,100.0,0.0,6.2,0.0,0.0,0.0,0.212,0.01,3.6,36.0,26.47,27.88,1.5,27.7,0,0,0,52.6,0.4,0,inactiu
26.85,24/08/2026 23:00,89.9,0.0,0,alt,1,13.8,baix,baix,4.0,100.0,100.0,0.0,6.2,0.0,0.0,0.0,0.211,0.02,3.6,36.0,26.53,27.88,2.0,41.1,0,0,0,52.9,0.4,0,inactiu
26.55,24/08/2026 23:30,89.3,0.0,0,alt,1,21.5,moderat,baix,4.5,100.0,100.0,0.0,6.2,0.0,0.0,0.0,0.211,0.02,3.6,36.0,26.59,27.89,2.5,54.4,0,0,0,53.3,0.4,0,inactiu
26.4,25/08/2026 00:00,88.85,0.0,0,alt,0,20.4,moderat,baix,5.0,100.0,100.0,0.0,7.2,0.0,0.0,0.0,0.211,0.02,3.6,36.0,26.65,27.89,0.0,0.0,0,0,0,53.6,0.4,0,inactiu
26.15,25/08/2026 00:30,88.75,0.0,0,alt,0,19.3,baix,baix,5.5,100.0,100.0,0.0,7.2,0.0,0.0,0.0,0.211,0.02,3.6,36.0,26.71,27.89,0.0,0.0,0,0,0,53.9,0.4,0,inactiu
25.85,25/08/2026 01:00,88.85,0.0,0,alt,0,18.4,baix,baix,6.0,100.0,100.0,0.0,7.2,0.0,0.0,0.0,0.211,0.01,3.6,36.0,26.78,27.9,0.0,0.0,0,0,0,54.3,0.4,0,inactiu
25.8,25/08/2026 01:30,89.65,0.0,0,alt,0,17.4,baix,baix,6.5,100.0,100.0,0.0,7.2,0.0,0.0,0.0,0.211,0.01,3.6,36.0,26.84,27.91,0.0,0.0,0,0,0,54.6,0.3,0,inactiu
25.6,25/08/2026 02:00,90.45,0.0,0,alt,1,0.0,baix,baix,7.0,100.0,100.0,0.0,7.2,0.0,0.0,0.0,0.152,0.02,3.6,36.0,26.9,27.92,0.5,12.8,0,0,0,54.9,0.3,0,inactiu
25.45,25/08/2026 02:30,89.65,0.0,0,alt,1,0.0,baix,baix,7.5,100.0,100.0,0.0,7.2,0.0,0.0,0.0,0.152,0.02,3.6,36.0,26.96,27.92,1.0,25.5,0,0,0,55.3,0.3,0,inactiu
25.3,25/08/2026 03:00,88.8,0.0,0,alt,1,0.0,baix,baix,8.0,100.0,100.0,0.0,7.2,0.0,0.0,0.0,0.152,0.03,3.6,36.0,27.01,27.93,1.5,38.2,0,0,0,55.6,0.3,0,inactiu
25.3,25/08/2026 03:30,88.05,0.0,0,alt,1,6.5,baix,baix,8.5,100.0,100.0,0.0,7.2,0.0,0.0,0.0,0.152,0.03,3.6,36.0,27.07,27.94,2.0,50.8,0,0,0,55.9,0.3,0,inactiu
25.1,25/08/2026 04:00,87.30000000000001,0.0,0,alt,1,11.1,baix,baix,9.0,100.0,100.0,0.0,7.2,0.0,0.0,0.0,0.152,0.02,3.6,36.0,27.12,27.95,2.5,63.4,0,0,0,56.2,0.3,0,inactiu
24.700000000000003,25/08/2026 04:30,88.35,0.0,0,alt,1,18.2,baix,baix,9.5,100.0,100.0,0.0,7.2,0.0,0.0,0.0,0.152,0.02,3.6,36.0,27.17,27.96,3.0,75.7,0,0,0,56.5,0.2,0,inactiu
24.85,25/08/2026 05:00,88.05000000000001,0.0,0,alt,1,28.5,moderat,baix,10.0,100.0,100.0,0.0,7.2,0.0,0.0,0.0,0.152,0.01,3.6,36.0,27.22,27.97,3.5,88.1,0,0,0,56.8,0.2,0,inactiu
24.85,25/08/2026 05:30,88.75,0.0,0,alt,1,42.0,moderat,baix,10.5,100.0,100.0,0.0,7.2,0.0,0.0,0.0,0.152,0.01,3.6,36.0,27.27,27.98,4.0,0.0,0,0,0,57.1,0.2,0,inactiu
24.85,25/08/2026 06:00,89.35,0.0,0,alt,1,56.8,alt,baix,11.0,100.0,100.0,0.0,7.2,0.0,0.0,0.0,0.152,0.0,3.6,36.0,27.32,27.99,4.5,12.4,0,0,0,57.4,0.2,0,inactiu
24.700000000000003,25/08/2026 06:30,90.6,0.0,0,alt,1,70.4,alt,baix,11.5,100.0,100.0,0.0,7.2,0.0,0.0,0.0,0.152,0.0,3.6,36.0,27.36,28.0,5.0,24.8,0,0,0,57.7,0.2,0,inactiu
24.5,25/08/2026 07:00,91.8,0.0,0,alt,1,81.1,alt,baix,12.0,100.0,100.0,0.0,7.2,0.0,0.0,0.0,0.152,0.0,3.6,36.0,27.39,28.01,5.5,37.0,0,0,0,58.0,0.1,0,inactiu
24.8,25/08/2026 07:30,90.2,0.0,0,alt,1,88.6,alt,moderat,12.5,100.0,100.0,0.0,7.2,0.0,0.0,0.0,0.152,0.0,3.6,36.0,27.43,28.02,6.0,49.4,0,0,0,58.4,0.1,0,inactiu
25.35,25/08/2026 08:00,86.6,0.0,0,alt,1,93.6,alt,moderat,13.0,100.0,100.0,0.0,7.2,34.0,14.0,0.15,0.154,0.02,3.6,36.0,27.47,28.03,6.5,0.0,0,0,0,58.7,0.1,0,inactiu
26.4,25/08/2026 08:30,80.55,0.0,0,alt,1,96.5,alt,moderat,13.5,100.0,100.0,0.0,7.2,34.0,14.0,0.15,0.154,0.02,3.6,36.0,27.5,28.03,7.0,0.0,0,0,0,59.0,0.1,0,inactiu
27.450000000000003,25/08/2026 09:00,76.0,0.0,0,alt,0,91.6,alt,baix,14.0,100.0,100.0,0.0,7.2,191.0,127.0,1.0,0.153,0.14,3.6,36.0,27.53,28.03,0.0,0.0,0,0,0,59.4,0.0,0,inactiu
28.450000000000003,25/08/2026 09:30,70.2,0.0,0,alt,0,86.9,alt,baix,14.5,100.0,100.0,0.0,7.2,191.0,127.0,1.0,0.153,0.14,3.6,36.0,27.55,28.02,0.0,0.0,0,0,0,59.8,0.0,0,inactiu
29.6,25/08/2026 10:00,63.25,0.0,0,alt,0,82.4,alt,baix,0.0,100.0,100.0,0.0,7.2,377.0,281.0,2.35,0.152,0.29,3.6,36.0,27.57,28.02,0.0,0.0,0,0,1,0.0,0.0,0,inactiu
30.5,25/08/2026 10:30,57.95,0.0,0,alt,0,78.2,alt,baix,0.0,100.0,100.0,0.0,7.2,377.0,281.0,2.35,0.152,0.29,3.6,36.0,27.59,28.01,0.0,0.0,0,0,1,0.0,,0,inactiu
31.25,25/08/2026 11:00,54.25,0.0,0,alt,0,74.2,alt,baix,0.0,100.0,100.0,0.0,7.2,545.0,408.0,4.0,0.15,0.45,3.6,36.0,27.63,28.01,0.0,0.0,0,0,1,0.0,,0,inactiu
31.75,25/08/2026 11:30,50.650000000000006,0.0,0,alt,0,70.4,alt,baix,0.0,100.0,100.0,0.0,7.2,545.0,408.0,4.0,0.15,0.45,3.6,36.0,27.67,28.01,0.0,0.0,0,0,1,0.0,,0,inactiu
32.25,25/08/2026 12:00,46.35,0.0,0,alt,0,66.8,alt,baix,0.0,100.0,100.0,0.0,7.2,712.0,584.0,5.55,0.148,0.59,3.6,36.0,27.7,28.0,0.0,0.0,0,0,1,0.0,,0,inactiu
32.8,25/08/2026 12:30,42.2,0.0,0,alt,0,63.3,alt,baix,0.0,100.0,100.0,0.0,7.2,712.0,584.0,5.55,0.148,0.59,3.6,36.0,27.74,28.0,0.0,0.0,0,0,1,0.0,,0,inactiu
33.0,25/08/2026 13:00,39.2,0.0,0,alt,0,60.1,alt,baix,0.0,100.0,100.0,0.0,7.2,765.0,577.0,6.45,0.146,0.64,3.6,36.0,27.79,27.99,0.0,0.0,0,0,1,0.0,,0,inactiu
33.3,25/08/2026 13:30,37.9,0.0,0,alt,0,57.0,alt,baix,0.0,100.0,100.0,0.0,7.2,765.0,577.0,6.45,0.146,0.64,3.6,36.0,27.84,27.99,0.0,0.0,0,0,1,0.0,,0,inactiu
33.650000000000006,25/08/2026 14:00,35.2,0.0,0,alt,0,54.1,alt,baix,0.0,100.0,100.0,0.0,7.2,850.0,688.0,7.2,0.15,0.73,3.6,36.0,27.94,27.98,0.0,0.0,0,0,1,0.0,,0,inactiu
34.05,25/08/2026 14:30,33.6,0.0,0,alt,0,51.3,alt,baix,0.0,100.0,100.0,0.0,7.2,850.0,688.0,7.2,0.15,0.73,3.6,36.0,28.06,27.98,0.0,0.0,0,0,1,0.0,,0,inactiu
34.5,25/08/2026 15:00,32.45,0.0,0,alt,0,48.7,moderat,baix,0.0,100.0,100.0,0.0,7.2,845.0,698.0,7.0,0.147,0.73,3.6,36.0,28.2,27.97,0.0,0.0,0,0,1,0.0,,0,inactiu
34.75,25/08/2026 15:30,30.65,0.0,0,alt,0,46.2,moderat,baix,0.0,100.0,100.0,0.0,7.2,845.0,698.0,7.0,0.147,0.73,3.6,36.0,28.34,27.97,0.0,0.0,0,0,1,0.0,,0,inactiu
34.05,25/08/2026 16:00,32.35,0.0,0,alt,0,43.8,moderat,baix,0.0,100.0,100.0,0.0,7.2,756.0,585.0,6.3,0.145,0.65,3.6,36.0,28.47,27.98,0.0,0.0,0,0,1,0.0,,0,inactiu
34.3,25/08/2026 16:30,32.95,0.0,0,alt,0,41.6,moderat,baix,0.0,100.0,100.0,0.0,7.2,756.0,585.0,6.3,0.145,0.65,3.6,36.0,28.59,27.98,0.0,0.0,0,0,1,0.0,,0,inactiu
33.35,25/08/2026 17:00,33.650000000000006,0.0,0,alt,0,39.4,moderat,baix,0.0,100.0,100.0,0.0,7.2,617.0,453.0,4.0,0.143,0.55,3.6,36.0,28.68,27.98,0.0,0.0,0,0,1,0.0,,0,inactiu
33.15,25/08/2026 17:30,35.05,0.0,0,alt,0,37.4,moderat,baix,0.0,100.0,100.0,0.0,7.2,617.0,453.0,4.0,0.143,0.55,3.6,36.0,28.75,27.98,0.0,0.0,0,0,1,0.0,,0,inactiu
32.75,25/08/2026 18:00,43.25,0.0,0,alt,0,35.5,moderat,baix,0.0,100.0,100.0,0.0,7.2,382.0,212.0,3.2,0.141,0.38,3.6,36.0,28.8,27.98,0.0,0.0,0,0,1,0.0,,0,inactiu
31.45,25/08/2026 18:30,48.55,0.0,0,alt,0,33.7,moderat,baix,0.0,100.0,100.0,0.0,7.2,382.0,212.0,3.2,0.141,0.38,3.6,36.0,28.83,27.98,0.0,0.0,0,0,1,0.0,,0,inactiu
30.55,25/08/2026 19:00,52.4,0.0,0,alt,0,31.9,moderat,baix,0.0,100.0,100.0,0.0,7.2,224.0,111.0,1.85,0.14,0.24,3.6,36.0,28.84,27.97,0.0,0.0,0,0,1,0.0,,0,inactiu
29.950000000000003,25/08/2026 19:30,54.75,0.0,0,alt,0,30.3,moderat,baix,0.0,100.0,100.0,0.0,7.2,224.0,111.0,1.85,0.14,0.24,3.6,36.0,28.85,27.97,0.0,0.0,0,0,1,0.0,,0,inactiu
28.95,25/08/2026 20:00,60.3,0.0,0,alt,0,28.7,moderat,baix,0.5,100.0,100.0,0.0,7.2,104.0,41.0,0.6,0.145,0.11,3.6,36.0,28.85,27.96,0.0,0.0,0,0,1,0.0,,0,inactiu
27.9,25/08/2026 20:30,64.0,0.0,0,alt,0,27.3,moderat,baix,1.0,100.0,100.0,0.0,7.2,104.0,41.0,0.6,0.145,0.11,3.6,36.0,28.84,27.96,0.0,0.0,0,0,1,0.0,,0,inactiu
26.7,25/08/2026 21:00,68.75,0.0,0,alt,0,25.9,moderat,baix,1.5,100.0,100.0,0.0,7.2,7.0,1.0,0.05,0.145,0.01,3.6,36.0,28.81,27.96,0.0,0.0,0,0,1,0.0,,0,inactiu
25.9,25/08/2026 21:30,73.6,0.0,0,alt,0,24.5,moderat,baix,2.0,100.0,100.0,0.0,7.2,7.0,1.0,0.05,0.145,0.01,3.6,36.0,28.77,27.95,0.0,0.0,0,0,1,0.0,,0,inactiu
25.15,25/08/2026 22:00,77.4,0.0,0,alt,0,23.3,moderat,baix,2.5,100.0,100.0,0.0,7.2,0.0,0.0,0.0,0.144,0.0,3.6,36.0,28.71,27.95,0.0,0.0,0,0,1,0.0,,0,inactiu
24.9,25/08/2026 22:30,79.8,0.0,0,alt,0,22.1,moderat,baix,3.0,100.0,100.0,0.0,7.2,0.0,0.0,0.0,0.144,0.0,3.6,36.0,28.66,27.94,0.0,0.0,0,0,1,0.0,,0,inactiu
24.3,25/08/2026 23:00,82.75,0.0,0,alt,0,20.9,moderat,baix,3.5,100.0,100.0,0.0,7.2,0.0,0.0,0.0,0.144,0.0,3.6,36.0,28.61,27.94,0.0,0.0,0,0,1,0.0,,0,inactiu
23.5,25/08/2026 23:30,85.80000000000001,0.0,0,alt,0,19.9,baix,baix,4.0,100.0,100.0,0.0,7.2,0.0,0.0,0.0,0.144,0.0,3.6,36.0,28.54,27.94,0.0,0.0,0,0,1,0.0,,0,inactiu
22.75,26/08/2026 00:00,90.0,0.0,0,alt,1,0.0,baix,baix,4.5,100.0,100.0,0.0,1.7,0.0,0.0,0.0,0.144,0.0,3.6,36.0,28.47,27.93,0.5,11.4,0,0,1,0.0,,0,inactiu
22.25,26/08/2026 00:30,91.2,0.0,0,alt,1,0.0,baix,baix,5.0,100.0,100.0,0.0,1.7,0.0,0.0,0.0,0.144,0.0,3.6,36.0,28.39,27.93,1.0,22.5,0,0,1,0.0,,0,inactiu
22.15,26/08/2026 01:00,92.0,0.0,0,alt,1,0.0,baix,baix,5.5,100.0,100.0,0.0,1.7,0.0,0.0,0.0,0.144,0.0,3.6,36.0,28.31,27.93,1.5,33.6,0,0,1,0.0,,0,inactiu
22.25,26/08/2026 01:30,92.6,0.0,0,alt,1,2.4,baix,baix,6.0,100.0,100.0,0.0,1.7,0.0,0.0,0.0,0.144,0.0,3.6,36.0,28.24,27.92,2.0,44.7,0,0,1,0.0,,0,inactiu
21.85,26/08/2026 02:00,93.3,0.0,0,alt,1,4.2,baix,baix,6.5,100.0,100.0,0.0,1.7,0.0,0.0,0.0,0.146,0.0,3.6,36.0,28.16,27.92,2.5,55.6,0,0,1,0.0,,0,inactiu
21.85,26/08/2026 02:30,93.8,0.0,0,alt,1,7.2,baix,baix,7.0,100.0,100.0,0.0,1.7,0.0,0.0,0.0,0.146,0.0,3.6,36.0,28.08,27.92,3.0,66.6,0,0,1,0.0,,0,inactiu
21.8,26/08/2026 03:00,94.0,0.0,0,alt,1,12.0,baix,baix,7.5,100.0,100.0,0.0,1.7,0.0,0.0,0.0,0.146,0.0,3.6,36.0,28.01,27.92,3.5,77.4,0,0,1,0.0,,0,inactiu
21.85,26/08/2026 03:30,94.4,0.0,0,alt,1,19.6,baix,baix,8.0,100.0,100.0,0.0,1.7,0.0,0.0,0.0,0.146,0.0,3.6,36.0,27.94,27.92,4.0,0.0,0,1,1,0.2,5.0,1,secundari
21.95,26/08/2026 04:00,94.15,0.0,0,alt,1,30.3,moderat,baix,8.5,100.0,100.0,0.0,1.7,0.0,0.0,0.0,0.146,0.0,3.6,36.0,27.87,27.92,4.5,11.0,0,0,1,0.5,5.0,0,inactiu
21.85,26/08/2026 04:30,94.35,0.0,0,alt,1,43.7,moderat,baix,9.0,100.0,100.0,0.0,1.7,0.0,0.0,0.0,0.146,0.0,3.6,36.0,27.81,27.92,5.0,21.9,0,0,1,0.7,5.0,0,inactiu
21.9,26/08/2026 05:00,94.25,0.0,0,alt,1,58.2,alt,baix,9.5,100.0,100.0,0.0,1.7,0.0,0.0,0.0,0.146,0.0,3.6,36.0,27.75,27.93,5.5,32.8,0,0,1,1.0,5.0,0,inactiu
21.700000000000003,26/08/2026 05:30,94.55,0.0,0,alt,1,71.2,alt,moderat,10.0,100.0,100.0,0.0,1.7,0.0,0.0,0.0,0.146,0.0,3.6,36.0,27.69,27.93,6.0,43.7,0,0,1,1.2,5.0,0,inactiu
21.7,26/08/2026 06:00,94.6,0.0,0,alt,1,81.5,alt,moderat,10.5,100.0,100.0,0.0,1.7,0.0,0.0,0.0,0.146,0.0,3.6,36.0,27.62,27.93,6.5,54.6,0,0,1,1.5,5.0,0,inactiu
21.8,26/08/2026 06:30,94.15,0.0,0,alt,1,88.7,alt,moderat,11.0,100.0,100.0,0.0,1.7,0.0,0.0,0.0,0.146,0.0,3.6,36.0,27.56,27.93,7.0,65.4,0,0,1,1.7,4.9,0,inactiu
22.15,26/08/2026 07:00,93.55,0.0,0,alt,1,93.4,alt,moderat,0.0,100.0,100.0,0.0,1.7,0.0,0.0,0.0,0.146,0.0,3.6,36.0,27.51,27.93,0.0,0.0,0,0,1,1.7,4.8,0,inactiu
29.4,26/08/2026 18:00,79.7,0.0,0,alt,0,,,,0.5,100.0,100.0,0.0,1.7,365.0,165.0,1.7,0.126,0.28,0.0,36.0,24.39,27.73,0.0,0.0,0,0,1,2.1,3.0,0,inactiu
29.1,26/08/2026 18:30,81.75,0.0,0,alt,0,,,,1.0,100.0,100.0,0.0,1.7,365.0,165.0,1.7,0.126,0.28,0.0,36.0,24.3,27.72,0.0,0.0,0,0,1,2.5,3.0,0,inactiu
29.0,26/08/2026 19:00,84.0,0.0,0,alt,0,,,,1.5,100.0,100.0,0.0,1.7,245.0,102.0,1.65,0.126,0.2,0.0,36.0,24.24,27.71,0.0,0.0,0,0,1,2.9,3.0,0,inactiu
28.55,26/08/2026 19:30,85.6,0.0,0,alt,0,,,,2.0,100.0,100.0,0.0,1.7,245.0,102.0,1.65,0.126,0.2,0.0,36.0,24.19,27.7,0.0,0.0,0,0,1,3.3,3.1,0,inactiu
28.3,26/08/2026 20:00,86.45,0.0,0,alt,0,,,,2.5,100.0,100.0,0.0,1.7,76.0,14.0,0.6,0.127,0.08,0.0,36.0,24.17,27.7,0.0,0.0,0,0,1,3.7,3.1,0,inactiu
28.05,26/08/2026 20:30,87.15,0.0,0,alt,0,,,,3.0,100.0,100.0,0.0,1.7,76.0,14.0,0.6,0.127,0.08,0.0,36.0,24.17,27.69,0.0,0.0,0,0,1,4.1,3.1,0,inactiu
27.9,26/08/2026 21:00,88.4,0.0,0,alt,0,,,,3.5,100.0,100.0,0.0,1.7,5.0,0.0,0.05,0.127,0.02,0.0,36.0,24.22,27.69,0.0,0.0,0,0,1,4.4,3.1,0,inactiu
27.9,26/08/2026 21:30,90.0,0.0,0,alt,1,,,,4.0,100.0,100.0,0.0,1.7,5.0,0.0,0.05,0.127,0.02,0.0,36.0,24.29,27.69,0.5,0.0,0,0,1,4.8,3.1,0,inactiu
27.95,26/08/2026 22:00,91.05,0.0,0,alt,1,,,,4.5,100.0,100.0,0.0,1.7,0.0,0.0,0.0,0.127,0.0,0.0,36.0,24.39,27.69,1.0,14.0,0,0,1,5.2,3.1,0,inactiu
27.55,26/08/2026 22:30,92.45,0.0,0,alt,1,,,,5.0,100.0,100.0,0.0,1.7,0.0,0.0,0.0,0.127,0.0,0.0,36.0,24.49,27.69,1.5,27.8,0,0,1,5.6,3.1,0,inactiu
27.4,26/08/2026 23:00,93.65,0.0,0,alt,1,,,,5.5,100.0,100.0,0.0,1.7,0.0,0.0,0.0,0.127,0.0,0.0,36.0,24.61,27.69,2.0,41.4,0,0,1,5.9,3.1,0,inactiu
27.4,26/08/2026 23:30,93.25,0.0,0,alt,1,,,,6.0,100.0,100.0,0.0,1.7,0.0,0.0,0.0,0.127,0.0,0.0,36.0,24.75,27.7,2.5,55.2,0,0,1,6.3,3.1,0,inactiu
27.95,27/08/2026 00:00,93.05,0.0,0,alt,1,,,,6.5,100.0,100.0,0.0,7.1,0.0,0.0,0.0,0.127,0.0,0.0,36.0,24.94,27.7,3.0,69.1,0,0,1,6.7,3.0,0,inactiu
27.9,27/08/2026 00:30,92.95,0.0,0,alt,1,,,,7.0,100.0,100.0,0.0,7.1,0.0,0.0,0.0,0.127,0.0,0.0,36.0,25.15,27.7,3.5,83.1,0,0,1,7.0,3.0,0,inactiu
27.75,27/08/2026 01:00,92.45,0.0,0,alt,1,,,,7.5,100.0,100.0,0.0,7.1,0.0,0.0,0.0,0.127,0.0,0.0,36.0,25.36,27.71,4.0,97.0,0,0,1,7.4,3.0,0,inactiu
27.3,27/08/2026 01:30,93.55,0.0,0,alt,1,,,,8.0,100.0,100.0,0.0,7.1,0.0,0.0,0.0,0.127,0.0,0.0,36.0,25.55,27.72,4.5,0.0,0,1,1,7.8,3.0,0,secundari
27.1,27/08/2026 02:00,94.8,0.0,0,alt,1,,,,8.5,100.0,100.0,0.0,7.1,0.0,0.0,0.0,0.124,0.0,0.0,36.0,25.74,27.72,5.0,13.6,0,0,1,8.1,3.0,0,inactiu
27.0,27/08/2026 02:30,95.4,0.0,0,alt,1,,,,9.0,100.0,100.0,0.0,7.1,0.0,0.0,0.0,0.124,0.0,0.0,36.0,25.93,27.73,5.5,27.0,0,0,1,8.5,3.0,0,inactiu
26.95,27/08/2026 03:00,95.75,0.0,0,alt,1,,,,9.5,100.0,100.0,0.0,7.1,0.0,0.0,0.0,0.124,0.0,0.0,36.0,26.12,27.74,6.0,40.5,0,0,1,8.8,3.0,0,inactiu
26.9,27/08/2026 03:30,95.6,0.0,0,alt,1,,,,10.0,100.0,100.0,0.0,7.1,0.0,0.0,0.0,0.124,0.0,0.0,36.0,26.31,27.75,6.5,54.0,0,0,1,9.2,3.0,0,inactiu
26.65,27/08/2026 04:00,94.75,0.0,0,alt,1,,,,10.5,100.0,100.0,0.0,7.1,0.0,0.0,0.0,0.124,0.0,0.0,36.0,26.49,27.76,7.0,67.3,0,0,1,9.5,3.0,0,inactiu
26.4,27/08/2026 04:30,94.45,0.0,0,alt,1,,,,11.0,100.0,100.0,0.0,7.1,0.0,0.0,0.0,0.124,0.0,0.0,36.0,26.65,27.77,7.5,80.5,0,0,1,9.9,3.1,0,inactiu
25.950000000000003,27/08/2026 05:00,94.85,0.0,0,alt,1,,,,11.5,100.0,100.0,0.0,7.1,0.0,0.0,0.0,0.124,0.0,0.0,36.0,26.8,27.79,8.0,93.5,0,0,1,10.2,3.1,0,inactiu
25.7,27/08/2026 05:30,95.8,0.0,0,alt,1,,,,12.0,100.0,100.0,0.0,7.1,0.0,0.0,0.0,0.124,0.0,0.0,36.0,26.95,27.8,8.5,0.0,0,1,1,10.5,3.2,0,secundari
25.75,27/08/2026 06:00,96.25,0.0,0,alt,1,,,,12.5,100.0,100.0,0.0,7.1,0.0,0.0,0.0,0.124,0.0,0.0,36.0,27.1,27.81,9.0,12.9,0,0,1,10.8,3.1,0,inactiu
25.8,27/08/2026 06:30,95.85,0.0,0,alt,1,,,,13.0,100.0,100.0,0.0,7.1,0.0,0.0,0.0,0.124,0.0,0.0,36.0,27.25,27.82,9.5,25.8,0,0,1,11.2,3.1,0,inactiu
25.9,27/08/2026 07:00,94.05,0.0,0,alt,1,,,,13.5,100.0,100.0,0.0,7.1,0.0,0.0,0.0,0.124,0.0,0.0,36.0,27.39,27.83,10.0,38.7,0,0,1,11.5,3.0,0,inactiu
26.0,27/08/2026 07:30,92.9,0.0,0,alt,1,,,,14.0,100.0,100.0,0.0,7.1,0.0,0.0,0.0,0.124,0.0,0.0,36.0,27.34,27.84,10.5,51.7,0,0,1,11.8,3.0,0,inactiu
25.85,27/08/2026 08:00,93.65,0.5,0,alt,1,,,,14.5,100.0,100.0,0.0,7.1,22.0,5.0,0.05,0.126,0.03,0.5,36.5,27.29,27.85,11.0,0.0,0,0,1,12.2,3.0,0,inactiu
26.05,27/08/2026 08:30,91.9,0.0,0,alt,1,,,,15.0,100.0,100.0,0.0,7.1,22.0,5.0,0.05,0.126,0.03,0.5,36.5,27.25,27.85,11.5,0.0,0,0,1,12.5,3.0,0,inactiu
26.5,27/08/2026 09:00,86.15,0.0,0,alt,0,,,,15.5,100.0,100.0,0.0,7.1,155.0,77.0,0.75,0.126,0.13,0.5,36.5,27.22,27.85,0.0,0.0,0,0,1,12.8,2.9,0,inactiu
27.65,27/08/2026 09:30,82.5,0.0,0,alt,0,,,,16.0,100.0,100.0,0.0,7.1,155.0,77.0,0.75,0.126,0.13,0.5,36.5,27.24,27.84,0.0,0.0,0,0,1,13.2,2.7,0,inactiu
27.85,27/08/2026 10:00,80.95,0.0,0,alt,0,,,,16.5,100.0,100.0,0.0,7.1,311.0,187.0,2.35,0.125,0.26,0.5,36.5,27.25,27.83,0.0,0.0,0,0,1,13.6,2.6,0,inactiu
29.15,27/08/2026 10:30,76.25,0.0,0,alt,0,,,,17.0,100.0,100.0,0.0,7.1,311.0,187.0,2.35,0.125,0.26,0.5,36.5,27.31,27.83,0.0,0.0,0,0,1,14.0,2.4,0,inactiu
30.05,27/08/2026 11:00,70.5,0.0,0,alt,0,,,,0.0,100.0,100.0,0.0,7.1,474.0,302.0,3.65,0.125,0.39,0.5,36.5,27.39,27.82,0.0,0.0,0,0,1,14.4,2.3,0,inactiu
31.05,27/08/2026 11:30,65.35,0.0,0,alt,0,,,,0.0,100.0,100.0,0.0,7.1,474.0,302.0,3.65,0.125,0.39,0.5,36.5,27.49,27.81,0.0,0.0,0,0,1,14.8,2.1,0,inactiu
31.9,27/08/2026 12:00,59.7,0.0,0,alt,0,,,,0.0,100.0,100.0,0.0,7.1,651.0,491.0,4.75,0.124,0.53,0.5,36.5,27.61,27.8,0.0,0.0,0,0,1,15.3,2.0,0,inactiu
32.849999999999994,27/08/2026 12:30,53.5,0.0,0,alt,0,,,,0.0,100.0,100.0,0.0,7.1,651.0,491.0,4.75,0.124,0.53,0.5,36.5,27.75,27.8,0.0,0.0,0,0,1,15.8,1.9,0,inactiu
32.650000000000006,27/08/2026 13:00,53.65,0.0,0,alt,0,,,,0.0,100.0,100.0,0.0,7.1,762.0,595.0,5.5,0.122,0.62,0.5,36.5,27.87,27.79,0.0,0.0,0,0,1,16.2,1.9,0,inactiu
32.8,27/08/2026 13:30,53.4,0.0,0,alt,0,,,,0.0,100.0,100.0,0.0,7.1,762.0,595.0,5.5,0.122,0.62,0.5,36.5,28.0,27.79,0.0,0.0,0,0,1,16.7,1.9,0,inactiu
33.2,27/08/2026 14:00,49.95,0.0,0,alt,0,,,,0.0,100.0,100.0,0.0,7.1,753.0,473.0,7.1,0.121,0.59,0.5,36.5,28.12,27.79,0.0,0.0,0,0,1,17.2,1.8,0,inactiu
32.4,27/08/2026 14:30,52.05,0.0,0,alt,0,,,,0.0,100.0,100.0,0.0,7.1,753.0,473.0,7.1,0.121,0.59,0.5,36.5,28.22,27.78,0.0,0.0,0,0,1,17.7,1.9,0,inactiu
31.0,27/08/2026 15:00,62.400000000000006,0.0,0,alt,0,,,,0.0,100.0,100.0,0.0,7.1,772.0,531.0,7.0,0.12,0.63,0.5,36.5,28.29,27.77,0.0,0.0,0,0,1,18.1,2.0,0,inactiu
30.35,27/08/2026 15:30,68.7,0.0,0,alt,0,,,,0.0,100.0,100.0,0.0,7.1,772.0,531.0,7.0,0.12,0.63,0.5,36.5,28.34,27.76,0.0,0.0,0,0,1,18.5,2.0,0,inactiu
30.8,27/08/2026 16:00,67.05,0.0,0,alt,0,,,,0.0,100.0,100.0,0.0,7.1,621.0,422.0,6.25,0.118,0.53,0.5,36.5,28.39,27.75,0.0,0.0,0,0,1,19.0,2.0,0,inactiu
31.85,27/08/2026 16:30,62.45,0.0,0,alt,0,,,,0.0,100.0,100.0,0.0,7.1,621.0,422.0,6.25,0.118,0.53,0.5,36.5,28.47,27.75,0.0,0.0,0,0,1,19.4,1.9,0,inactiu
31.6,27/08/2026 17:00,60.55,0.0,0,alt,0,,,,0.0,100.0,100.0,0.0,7.1,488.0,265.0,4.6,0.117,0.45,0.5,36.5,28.53,27.74,0.0,0.0,0,0,1,19.9,1.9,0,inactiu
30.2,27/08/2026 17:30,66.45,0.0,0,alt,0,,,,0.0,100.0,100.0,0.0,7.1,488.0,265.0,4.6,0.117,0.45,0.5,36.5,28.57,27.73,0.0,0.0,0,0,1,20.3,2.0,0,inactiu
29.7,27/08/2026 18:00,69.3,0.0,0,alt,0,,,,0.0,100.0,100.0,0.0,7.1,365.0,164.0,2.75,0.117,0.35,0.5,36.5,28.57,27.72,0.0,0.0,0,0,1,20.7,2.0,0,inactiu
